dataset_tier,entity,bucket,sub_type,final_match_category,final_confidence_label,final_confidence_score,uniprot_accession,uniprot_entry_name,uniprot_organism,uniprot_source_tier,phytozome_code,phytozome_gene_id,phytozome_base_gene_id,sequence_length,has_sequence,expected_phytozome_code,expected_uniprot_mnemonic,original_match_status,original_match_type,original_confidence_tier,ambiguity_count,matched_species_category,species_match_status,species_resolution_status,candidate_summary,notes,source_phase,recovered_by_phase8,phase8_match_type,phase8_match_category,description_overlap_score,phase8_notes,phase8_quality_flag,phase8_quality_notes
confidence,A0A178WN35,A,uniprot_accession,species_confirmed_uniprot,high,85,A0A178WN35,A0A178WN35_ARATH,ARATH,trembl,,,,,false,,,matched,uniprot_accession_exact,1,4,species_confirmed_uniprot_match,species_confirmed,not_applicable,A0A178WN35|A0A178WN35_ARATH|ARATH|trembl,,6,false,,,,,ok,
confidence,A0A1B6PJK5,A,uniprot_accession,species_confirmed_uniprot,high,85,A0A1B6PJK5,A0A1B6PJK5_SORBI,SORBI,trembl,,,,,false,,,matched,uniprot_accession_exact,1,1,species_confirmed_uniprot_match,species_confirmed,not_applicable,A0A1B6PJK5|A0A1B6PJK5_SORBI|SORBI|trembl,,6,false,,,,,ok,
confidence,A0A1D5V3A3,A,uniprot_accession,species_confirmed_uniprot,high,85,A0A1D5V3A3,A0A1D5V3A3_WHEAT,WHEAT,trembl,,,,,false,,,matched,uniprot_accession_exact,1,2,species_confirmed_uniprot_match,species_confirmed,not_applicable,A0A1D5V3A3|A0A1D5V3A3_WHEAT|WHEAT|trembl,,6,false,,,,,ok,
confidence,A0A1D6JPH3,A,uniprot_accession,species_confirmed_uniprot,high,85,A0A1D6JPH3,A0A1D6JPH3_MAIZE,MAIZE,trembl,,,,,false,,,matched,uniprot_accession_exact,1,2,species_confirmed_uniprot_match,species_confirmed,not_applicable,A0A1D6JPH3|A0A1D6JPH3_MAIZE|MAIZE|trembl,,6,false,,,,,ok,
confidence,A0A1D6N358,A,uniprot_accession,species_confirmed_uniprot,high,85,A0A1D6N358,A0A1D6N358_MAIZE,MAIZE,trembl,,,,,false,,,matched,uniprot_accession_exact,1,2,species_confirmed_uniprot_match,species_confirmed,not_applicable,A0A1D6N358|A0A1D6N358_MAIZE|MAIZE|trembl,,6,false,,,,,ok,
confidence,A0A1D6P836,A,uniprot_accession,species_confirmed_uniprot,high,85,A0A1D6P836,A0A1D6P836_MAIZE,MAIZE,trembl,,,,,false,,,matched,uniprot_accession_exact,1,1,species_confirmed_uniprot_match,species_confirmed,not_applicable,A0A1D6P836|A0A1D6P836_MAIZE|MAIZE|trembl,,6,false,,,,,ok,
confidence,A0A1D6PIG1,A,uniprot_accession,species_confirmed_uniprot,high,85,A0A1D6PIG1,A0A1D6PIG1_MAIZE,MAIZE,trembl,,,,,false,,,matched,uniprot_accession_exact,1,1,species_confirmed_uniprot_match,species_confirmed,not_applicable,A0A1D6PIG1|A0A1D6PIG1_MAIZE|MAIZE|trembl,,6,false,,,,,ok,
confidence,A0A1S4BQJ5,A,uniprot_accession,species_confirmed_uniprot,high,85,A0A1S4BQJ5,A0A1S4BQJ5_TOBAC,TOBAC,trembl,,,,,false,,,matched,uniprot_accession_exact,1,1,species_confirmed_uniprot_match,species_confirmed,not_applicable,A0A1S4BQJ5|A0A1S4BQJ5_TOBAC|TOBAC|trembl,,6,false,,,,,ok,
confidence,A0A1U7YYQ4,A,uniprot_accession,species_confirmed_uniprot,high,85,A0A1U7YYQ4,A0A1U7YYQ4_NELNU,NELNU,trembl,,,,,false,,,matched,uniprot_accession_exact,1,1,species_confirmed_uniprot_match,species_confirmed,not_applicable,A0A1U7YYQ4|A0A1U7YYQ4_NELNU|NELNU|trembl,,6,false,,,,,ok,
confidence,A0A1U7ZTI7,A,uniprot_accession,species_confirmed_uniprot,high,85,A0A1U7ZTI7,A0A1U7ZTI7_NELNU,NELNU,trembl,,,,,false,,,matched,uniprot_accession_exact,1,1,species_confirmed_uniprot_match,species_confirmed,not_applicable,A0A1U7ZTI7|A0A1U7ZTI7_NELNU|NELNU|trembl,,6,false,,,,,ok,
confidence,A0A1U8B646,A,uniprot_accession,species_confirmed_uniprot,high,85,A0A1U8B646,A0A1U8B646_NELNU,NELNU,trembl,,,,,false,,,matched,uniprot_accession_exact,1,2,species_confirmed_uniprot_match,species_confirmed,not_applicable,A0A1U8B646|A0A1U8B646_NELNU|NELNU|trembl,,6,false,,,,,ok,
confidence,A0A1U8FC73,A,uniprot_accession,species_confirmed_uniprot,high,85,A0A1U8FC73,A0A1U8FC73_CAPAN,CAPAN,trembl,,,,,false,,,matched,uniprot_accession_exact,1,2,species_confirmed_uniprot_match,species_confirmed,not_applicable,A0A1U8FC73|A0A1U8FC73_CAPAN|CAPAN|trembl,,6,false,,,,,ok,
confidence,A0A2G2Z8I0,A,uniprot_accession,species_confirmed_uniprot,high,85,A0A2G2Z8I0,A0A2G2Z8I0_CAPAN,CAPAN,trembl,,,,,false,,,matched,uniprot_accession_exact,1,1,species_confirmed_uniprot_match,species_confirmed,not_applicable,A0A2G2Z8I0|A0A2G2Z8I0_CAPAN|CAPAN|trembl,,6,false,,,,,ok,
confidence,A0A2G3A131,A,uniprot_accession,species_confirmed_uniprot,high,85,A0A2G3A131,A0A2G3A131_CAPAN,CAPAN,trembl,,,,,false,,,matched,uniprot_accession_exact,1,1,species_confirmed_uniprot_match,species_confirmed,not_applicable,A0A2G3A131|A0A2G3A131_CAPAN|CAPAN|trembl,,6,false,,,,,ok,
confidence,A0A2G3ALC4,A,uniprot_accession,species_confirmed_uniprot,high,85,A0A2G3ALC4,A0A2G3ALC4_CAPAN,CAPAN,trembl,,,,,false,,,matched,uniprot_accession_exact,1,1,species_confirmed_uniprot_match,species_confirmed,not_applicable,A0A2G3ALC4|A0A2G3ALC4_CAPAN|CAPAN|trembl,,6,false,,,,,ok,
confidence,A0A3B6B5P1,A,uniprot_accession,species_confirmed_uniprot,high,85,A0A3B6B5P1,A0A3B6B5P1_WHEAT,WHEAT,trembl,,,,,false,,,matched,uniprot_accession_exact,1,1,species_confirmed_uniprot_match,species_confirmed,not_applicable,A0A3B6B5P1|A0A3B6B5P1_WHEAT|WHEAT|trembl,,6,false,,,,,ok,
confidence,A0A3B6TGM9,A,uniprot_accession,species_confirmed_uniprot,high,85,A0A3B6TGM9,A0A3B6TGM9_WHEAT,WHEAT,trembl,,,,,false,,,matched,uniprot_accession_exact,1,1,species_confirmed_uniprot_match,species_confirmed,not_applicable,A0A3B6TGM9|A0A3B6TGM9_WHEAT|WHEAT|trembl,,6,false,,,,,ok,
confidence,A0A3B6TGN2,A,uniprot_accession,species_confirmed_uniprot,high,85,A0A3B6TGN2,A0A3B6TGN2_WHEAT,WHEAT,trembl,,,,,false,,,matched,uniprot_accession_exact,1,1,species_confirmed_uniprot_match,species_confirmed,not_applicable,A0A3B6TGN2|A0A3B6TGN2_WHEAT|WHEAT|trembl,,6,false,,,,,ok,
confidence,A0A3B6TI25,A,uniprot_accession,species_confirmed_uniprot,high,85,A0A3B6TI25,A0A3B6TI25_WHEAT,WHEAT,trembl,,,,,false,,,matched,uniprot_accession_exact,1,1,species_confirmed_uniprot_match,species_confirmed,not_applicable,A0A3B6TI25|A0A3B6TI25_WHEAT|WHEAT|trembl,,6,false,,,,,ok,
confidence,A0A3B6TWG3,A,uniprot_accession,species_confirmed_uniprot,high,85,A0A3B6TWG3,A0A3B6TWG3_WHEAT,WHEAT,trembl,,,,,false,,,matched,uniprot_accession_exact,1,1,species_confirmed_uniprot_match,species_confirmed,not_applicable,A0A3B6TWG3|A0A3B6TWG3_WHEAT|WHEAT|trembl,,6,false,,,,,ok,
confidence,A0A3L6F7J8,A,uniprot_accession,species_confirmed_uniprot,high,85,A0A3L6F7J8,A0A3L6F7J8_MAIZE,MAIZE,trembl,,,,,false,,,matched,uniprot_accession_exact,1,2,species_confirmed_uniprot_match,species_confirmed,not_applicable,A0A3L6F7J8|A0A3L6F7J8_MAIZE|MAIZE|trembl,,6,false,,,,,ok,
confidence,A2XLT7,A,uniprot_accession,species_confirmed_uniprot,high,85,A2XLT7,A2XLT7_ORYSI,ORYSI,trembl,,,,,false,,,matched,uniprot_accession_exact,1,1,species_confirmed_uniprot_match,species_confirmed,not_applicable,A2XLT7|A2XLT7_ORYSI|ORYSI|trembl,,6,false,,,,,ok,
confidence,A2Y980,A,uniprot_accession,species_confirmed_uniprot,high,85,A2Y980,A2Y980_ORYSI,ORYSI,trembl,,,,,false,,,matched,uniprot_accession_exact,1,1,species_confirmed_uniprot_match,species_confirmed,not_applicable,A2Y980|A2Y980_ORYSI|ORYSI|trembl,,6,false,,,,,ok,
confidence,AT1G01120,A,arabidopsis_locus,sequence_confirmed,high,95,Q9MAM3,KCS1_ARATH,ARATH,sprot,Atha,AT1G01120.1,AT1G01120,528,true,Atha,ARATH,ambiguous,phytozome_gene_exact,1,3,sequence_confirmed_match,species_confirmed,known_locus_species,Atha|AT1G01120.1|len=528 | Q9MAM3|KCS1_ARATH|ARATH|sprot,phy=1 uni_species=3 uni_global=3,6,false,,,,,ok,
confidence,AT1G03090,A,arabidopsis_locus,sequence_confirmed,high,100,Q42523,MCCA_ARATH,ARATH,sprot,Atha,AT1G03090.2,AT1G03090,734,true,Atha,ARATH,matched,phytozome_gene_exact,1,1,sequence_confirmed_match,species_confirmed,known_locus_species,Atha|AT1G03090.2|len=734 | Q42523|MCCA_ARATH|ARATH|sprot,phy=1 uni_species=1 uni_global=1,6,false,,,,,ok,
confidence,at1g09890,A,arabidopsis_locus,sequence_confirmed,high,95,F4I2M6,F4I2M6_ARATH,ARATH,trembl,Atha,AT1G09890.1,AT1G09890,617,true,Atha,ARATH,ambiguous,phytozome_gene_exact,1,5,sequence_confirmed_match,species_confirmed,known_locus_species,Atha|AT1G09890.1|len=617 | F4I2M6|F4I2M6_ARATH|ARATH|trembl; A0A1P8AQ71|A0A1P8AQ71_ARATH|ARATH|trembl; A0A1P8AQ61|A0A1P8AQ61_ARATH|ARATH|trembl; A0A1P8AQ77|A0A1P8AQ77_ARATH|ARATH|trembl; A0A1P8AQ50|A0A1P8AQ50_ARATH|ARATH|trembl,phy=1 uni_species=5 uni_global=5,6,false,,,,,ok,
confidence,at1g10640,A,arabidopsis_locus,sequence_confirmed,high,95,A0A178WFE4,A0A178WFE4_ARATH,ARATH,trembl,Atha,AT1G10640.1,AT1G10640,532,true,Atha,ARATH,ambiguous,phytozome_gene_exact,1,2,sequence_confirmed_match,species_confirmed,known_locus_species,Atha|AT1G10640.1|len=532 | A0A178WFE4|A0A178WFE4_ARATH|ARATH|trembl; F4I5U6|F4I5U6_ARATH|ARATH|trembl,phy=1 uni_species=2 uni_global=2,6,false,,,,,ok,
confidence,at1g12110,A,arabidopsis_locus,sequence_confirmed,high,100,Q05085,PTR7_ARATH,ARATH,sprot,Atha,AT1G12110.1,AT1G12110,590,true,Atha,ARATH,matched,phytozome_gene_exact,1,1,sequence_confirmed_match,species_confirmed,known_locus_species,Atha|AT1G12110.1|len=590 | Q05085|PTR7_ARATH|ARATH|sprot,phy=1 uni_species=1 uni_global=1,6,false,,,,,ok,
confidence,At1g13640,A,arabidopsis_locus,sequence_confirmed,high,100,Q8W4R8,P4KG6_ARATH,ARATH,sprot,Atha,AT1G13640.1,AT1G13640,622,true,Atha,ARATH,matched,phytozome_gene_exact,1,1,sequence_confirmed_match,species_confirmed,known_locus_species,Atha|AT1G13640.1|len=622 | Q8W4R8|P4KG6_ARATH|ARATH|sprot,phy=1 uni_species=1 uni_global=1,6,false,,,,,ok,
confidence,At1g16700,A,arabidopsis_locus,sequence_confirmed,high,100,Q9FX83,NDS8B_ARATH,ARATH,sprot,Atha,AT1G16700.1,AT1G16700,222,true,Atha,ARATH,matched,phytozome_gene_exact,1,1,sequence_confirmed_match,species_confirmed,known_locus_species,Atha|AT1G16700.1|len=222 | Q9FX83|NDS8B_ARATH|ARATH|sprot,phy=1 uni_species=1 uni_global=1,6,false,,,,,ok,
confidence,At1g19180,A,arabidopsis_locus,sequence_confirmed,high,95,Q9LMA8,TI10A_ARATH,ARATH,sprot,Atha,AT1G19180.1,AT1G19180,253,true,Atha,ARATH,ambiguous,phytozome_gene_exact,1,2,sequence_confirmed_match,species_confirmed,known_locus_species,Atha|AT1G19180.1|len=253 | Q9LMA8|TI10A_ARATH|ARATH|sprot,phy=1 uni_species=2 uni_global=2,6,false,,,,,ok,
confidence,at1g19300,A,arabidopsis_locus,sequence_confirmed,high,95,Q9LN68,GATL1_ARATH,ARATH,sprot,Atha,AT1G19300.1,AT1G19300,351,true,Atha,ARATH,ambiguous,phytozome_gene_exact,1,2,sequence_confirmed_match,species_confirmed,known_locus_species,Atha|AT1G19300.1|len=351 | Q9LN68|GATL1_ARATH|ARATH|sprot,phy=1 uni_species=2 uni_global=2,6,false,,,,,ok,
confidence,At1g22640,A,arabidopsis_locus,sequence_confirmed,high,95,Q9S9K9,MYB3_ARATH,ARATH,sprot,Atha,AT1G22640.1,AT1G22640,257,true,Atha,ARATH,ambiguous,phytozome_gene_exact,1,3,sequence_confirmed_match,species_confirmed,known_locus_species,Atha|AT1G22640.1|len=257 | Q9S9K9|MYB3_ARATH|ARATH|sprot,phy=1 uni_species=3 uni_global=3,6,false,,,,,ok,
confidence,at1g23310,A,arabidopsis_locus,sequence_confirmed,high,100,Q9LR30,GGT1_ARATH,ARATH,sprot,Atha,AT1G23310.1,AT1G23310,481,true,Atha,ARATH,matched,phytozome_gene_exact,1,1,sequence_confirmed_match,species_confirmed,known_locus_species,Atha|AT1G23310.1|len=481 | Q9LR30|GGT1_ARATH|ARATH|sprot,phy=1 uni_species=1 uni_global=1,6,false,,,,,ok,
confidence,AT1G23860,A,arabidopsis_locus,sequence_confirmed,high,100,O81127,RSZ21_ARATH,ARATH,sprot,Atha,AT1G23860.1,AT1G23860,187,true,Atha,ARATH,matched,phytozome_gene_exact,1,1,sequence_confirmed_match,species_confirmed,known_locus_species,Atha|AT1G23860.1|len=187 | O81127|RSZ21_ARATH|ARATH|sprot,phy=1 uni_species=1 uni_global=1,6,false,,,,,ok,
confidence,AT1G27730,A,arabidopsis_locus,sequence_confirmed,high,100,Q96289,ZAT10_ARATH,ARATH,sprot,Atha,AT1G27730.1,AT1G27730,227,true,Atha,ARATH,matched,phytozome_gene_exact,1,1,sequence_confirmed_match,species_confirmed,known_locus_species,Atha|AT1G27730.1|len=227 | Q96289|ZAT10_ARATH|ARATH|sprot,phy=1 uni_species=1 uni_global=1,6,false,,,,,ok,
confidence,At1g31170,A,arabidopsis_locus,sequence_confirmed,high,95,Q8GY89,SRX_ARATH,ARATH,sprot,Atha,AT1G31170.4,AT1G31170,198,true,Atha,ARATH,ambiguous,phytozome_gene_exact,1,3,sequence_confirmed_match,species_confirmed,known_locus_species,Atha|AT1G31170.4|len=198 | Q8GY89|SRX_ARATH|ARATH|sprot,phy=1 uni_species=3 uni_global=3,6,false,,,,,ok,
confidence,at1g31190,A,arabidopsis_locus,sequence_confirmed,high,100,Q94F00,IMPL1_ARATH,ARATH,sprot,Atha,AT1G31190.1,AT1G31190,371,true,Atha,ARATH,matched,phytozome_gene_exact,1,1,sequence_confirmed_match,species_confirmed,known_locus_species,Atha|AT1G31190.1|len=371 | Q94F00|IMPL1_ARATH|ARATH|sprot,phy=1 uni_species=1 uni_global=1,6,false,,,,,ok,
confidence,At1g45249,A,arabidopsis_locus,sequence_confirmed,high,95,Q9M7Q4,AI5L5_ARATH,ARATH,sprot,Atha,AT1G45249.3,AT1G45249,427,true,Atha,ARATH,ambiguous,phytozome_gene_exact,1,5,sequence_confirmed_match,species_confirmed,known_locus_species,Atha|AT1G45249.3|len=427 | Q9M7Q4|AI5L5_ARATH|ARATH|sprot,phy=1 uni_species=5 uni_global=5,6,false,,,,,ok,
confidence,At1g52560,A,arabidopsis_locus,sequence_confirmed,high,100,Q9SSQ8,HS26M_ARATH,ARATH,sprot,Atha,AT1G52560.1,AT1G52560,232,true,Atha,ARATH,matched,phytozome_gene_exact,1,1,sequence_confirmed_match,species_confirmed,known_locus_species,Atha|AT1G52560.1|len=232 | Q9SSQ8|HS26M_ARATH|ARATH|sprot,phy=1 uni_species=1 uni_global=1,6,false,,,,,ok,
confidence,AT1G53440,A,arabidopsis_locus,sequence_confirmed,high,95,C0LGG9,Y5344_ARATH,ARATH,sprot,Atha,AT1G53440.1,AT1G53440,1035,true,Atha,ARATH,ambiguous,phytozome_gene_exact,1,2,sequence_confirmed_match,species_confirmed,known_locus_species,Atha|AT1G53440.1|len=1035 | C0LGG9|Y5344_ARATH|ARATH|sprot,phy=1 uni_species=1 uni_global=2,6,false,,,,,ok,
confidence,At1g60490,A,arabidopsis_locus,sequence_confirmed,high,95,P42339,PI3K_ARATH,ARATH,sprot,Atha,AT1G60490.1,AT1G60490,814,true,Atha,ARATH,ambiguous,phytozome_gene_exact,1,3,sequence_confirmed_match,species_confirmed,known_locus_species,Atha|AT1G60490.1|len=814 | P42339|PI3K_ARATH|ARATH|sprot,phy=1 uni_species=3 uni_global=3,6,false,,,,,ok,
confidence,at1g60590,A,arabidopsis_locus,sequence_confirmed,high,100,O22699,O22699_ARATH,ARATH,trembl,Atha,AT1G60590.1,AT1G60590,540,true,Atha,ARATH,matched,phytozome_gene_exact,1,1,sequence_confirmed_match,species_confirmed,known_locus_species,Atha|AT1G60590.1|len=540 | O22699|O22699_ARATH|ARATH|trembl,phy=1 uni_species=1 uni_global=1,6,false,,,,,ok,
confidence,At1g63840,A,arabidopsis_locus,sequence_confirmed,high,95,Q9CAJ8,Q9CAJ8_ARATH,ARATH,trembl,Atha,AT1G63840.1,AT1G63840,166,true,Atha,ARATH,ambiguous,phytozome_gene_exact,1,2,sequence_confirmed_match,species_confirmed,known_locus_species,Atha|AT1G63840.1|len=166 | Q9CAJ8|Q9CAJ8_ARATH|ARATH|trembl; A0A654EMF7|A0A654EMF7_ARATH|ARATH|trembl,phy=1 uni_species=2 uni_global=2,6,false,,,,,ok,
confidence,AT1G69700,A,arabidopsis_locus,sequence_confirmed,high,100,Q9S784,HA22C_ARATH,ARATH,sprot,Atha,AT1G69700.1,AT1G69700,184,true,Atha,ARATH,matched,phytozome_gene_exact,1,1,sequence_confirmed_match,species_confirmed,known_locus_species,Atha|AT1G69700.1|len=184 | Q9S784|HA22C_ARATH|ARATH|sprot,phy=1 uni_species=1 uni_global=1,6,false,,,,,ok,
confidence,at1g70000,A,arabidopsis_locus,sequence_confirmed,high,100,O04544,O04544_ARATH,ARATH,trembl,Atha,AT1G70000.1,AT1G70000,261,true,Atha,ARATH,matched,phytozome_gene_exact,1,1,sequence_confirmed_match,species_confirmed,known_locus_species,Atha|AT1G70000.1|len=261 | O04544|O04544_ARATH|ARATH|trembl,phy=1 uni_species=1 uni_global=1,6,false,,,,,ok,
confidence,at1g72810,A,arabidopsis_locus,sequence_confirmed,high,100,Q9SSP5,THRC2_ARATH,ARATH,sprot,Atha,AT1G72810.1,AT1G72810,516,true,Atha,ARATH,matched,phytozome_gene_exact,1,1,sequence_confirmed_match,species_confirmed,known_locus_species,Atha|AT1G72810.1|len=516 | Q9SSP5|THRC2_ARATH|ARATH|sprot,phy=1 uni_species=1 uni_global=1,6,false,,,,,ok,
confidence,AT1G73120,A,arabidopsis_locus,sequence_confirmed,high,95,Q9CAS9,Q9CAS9_ARATH,ARATH,trembl,Atha,AT1G73120.1,AT1G73120,109,true,Atha,ARATH,ambiguous,phytozome_gene_exact,1,2,sequence_confirmed_match,species_confirmed,known_locus_species,Atha|AT1G73120.1|len=109 | Q9CAS9|Q9CAS9_ARATH|ARATH|trembl; A0A178W3C2|A0A178W3C2_ARATH|ARATH|trembl,phy=1 uni_species=2 uni_global=2,6,false,,,,,ok,
confidence,At1g73590,A,arabidopsis_locus,sequence_confirmed,high,100,Q9C6B8,PINI_ARATH,ARATH,sprot,Atha,AT1G73590.1,AT1G73590,622,true,Atha,ARATH,matched,phytozome_gene_exact,1,1,sequence_confirmed_match,species_confirmed,known_locus_species,Atha|AT1G73590.1|len=622 | Q9C6B8|PINI_ARATH|ARATH|sprot,phy=1 uni_species=1 uni_global=1,6,false,,,,,ok,
confidence,AT1G74430,A,arabidopsis_locus,sequence_confirmed,high,95,Q9SG63,Q9SG63_ARATH,ARATH,trembl,Atha,AT1G74430.1,AT1G74430,271,true,Atha,ARATH,ambiguous,phytozome_gene_exact,1,2,sequence_confirmed_match,species_confirmed,known_locus_species,Atha|AT1G74430.1|len=271 | Q9SG63|Q9SG63_ARATH|ARATH|trembl; A0A1P8APC6|A0A1P8APC6_ARATH|ARATH|trembl,phy=1 uni_species=2 uni_global=2,6,false,,,,,ok,
confidence,AT1G74670,A,arabidopsis_locus,sequence_confirmed,high,95,Q6NMQ7,GASA6_ARATH,ARATH,sprot,Atha,AT1G74670.1,AT1G74670,101,true,Atha,ARATH,ambiguous,phytozome_gene_exact,1,2,sequence_confirmed_match,species_confirmed,known_locus_species,Atha|AT1G74670.1|len=101 | Q6NMQ7|GASA6_ARATH|ARATH|sprot,phy=1 uni_species=2 uni_global=2,6,false,,,,,ok,
confidence,At1g74710,A,arabidopsis_locus,sequence_confirmed,high,100,Q9S7H8,ICS1_ARATH,ARATH,sprot,Atha,AT1G74710.2,AT1G74710,622,true,Atha,ARATH,matched,phytozome_gene_exact,1,1,sequence_confirmed_match,species_confirmed,known_locus_species,Atha|AT1G74710.2|len=622 | Q9S7H8|ICS1_ARATH|ARATH|sprot,phy=1 uni_species=1 uni_global=1,6,false,,,,,ok,
confidence,At1g74880,A,arabidopsis_locus,sequence_confirmed,high,100,Q9S829,NDHO_ARATH,ARATH,sprot,Atha,AT1G74880.1,AT1G74880,158,true,Atha,ARATH,matched,phytozome_gene_exact,1,1,sequence_confirmed_match,species_confirmed,known_locus_species,Atha|AT1G74880.1|len=158 | Q9S829|NDHO_ARATH|ARATH|sprot,phy=1 uni_species=1 uni_global=1,6,false,,,,,ok,
confidence,AT1G76940,A,arabidopsis_locus,sequence_confirmed,high,95,A1A6K6,NSRA_ARATH,ARATH,sprot,Atha,AT1G76940.1,AT1G76940,233,true,Atha,ARATH,ambiguous,phytozome_gene_exact,1,2,sequence_confirmed_match,species_confirmed,known_locus_species,Atha|AT1G76940.1|len=233 | A1A6K6|NSRA_ARATH|ARATH|sprot,phy=1 uni_species=2 uni_global=2,6,false,,,,,ok,
confidence,At2g02360,A,arabidopsis_locus,sequence_confirmed,high,100,Q9ZVQ6,P2B10_ARATH,ARATH,sprot,Atha,AT2G02360.1,AT2G02360,272,true,Atha,ARATH,matched,phytozome_gene_exact,1,1,sequence_confirmed_match,species_confirmed,known_locus_species,Atha|AT2G02360.1|len=272 | Q9ZVQ6|P2B10_ARATH|ARATH|sprot,phy=1 uni_species=1 uni_global=1,6,false,,,,,ok,
confidence,At2g03760,A,arabidopsis_locus,sequence_confirmed,high,100,P52839,SOT12_ARATH,ARATH,sprot,Atha,AT2G03760.1,AT2G03760,326,true,Atha,ARATH,matched,phytozome_gene_exact,1,1,sequence_confirmed_match,species_confirmed,known_locus_species,Atha|AT2G03760.1|len=326 | P52839|SOT12_ARATH|ARATH|sprot,phy=1 uni_species=1 uni_global=1,6,false,,,,,ok,
confidence,at2g15620,A,arabidopsis_locus,sequence_confirmed,high,95,Q39161,NIR_ARATH,ARATH,sprot,Atha,AT2G15620.1,AT2G15620,586,true,Atha,ARATH,ambiguous,phytozome_gene_exact,1,2,sequence_confirmed_match,species_confirmed,known_locus_species,Atha|AT2G15620.1|len=586 | Q39161|NIR_ARATH|ARATH|sprot,phy=1 uni_species=2 uni_global=2,6,false,,,,,ok,
confidence,At2g16060,A,arabidopsis_locus,sequence_confirmed,high,95,O24520,HBL1_ARATH,ARATH,sprot,Atha,AT2G16060.1,AT2G16060,160,true,Atha,ARATH,ambiguous,phytozome_gene_exact,1,2,sequence_confirmed_match,species_confirmed,known_locus_species,Atha|AT2G16060.1|len=160 | O24520|HBL1_ARATH|ARATH|sprot,phy=1 uni_species=2 uni_global=2,6,false,,,,,ok,
confidence,AT2G18890.1,A,arabidopsis_locus,sequence_confirmed,high,100,,,,,Atha,AT2G18890.1,AT2G18890,392,true,Atha,ARATH,matched,phytozome_gene_exact,1,1,sequence_confirmed_match,species_confirmed,known_locus_species,Atha|AT2G18890.1|len=392,phy=1 uni_species=0 uni_global=0,6,false,,,,,ok,
confidence,AT2G19940,A,arabidopsis_locus,sequence_confirmed,high,95,Q93Z70,ARGC_ARATH,ARATH,sprot,Atha,AT2G19940.1,AT2G19940,401,true,Atha,ARATH,ambiguous,phytozome_gene_exact,1,3,sequence_confirmed_match,species_confirmed,known_locus_species,Atha|AT2G19940.1|len=401 | Q93Z70|ARGC_ARATH|ARATH|sprot,phy=1 uni_species=3 uni_global=3,6,false,,,,,ok,
confidence,At2g20900,A,arabidopsis_locus,sequence_confirmed,high,100,Q9C5E5,DGK5_ARATH,ARATH,sprot,Atha,AT2G20900.1,AT2G20900,509,true,Atha,ARATH,matched,phytozome_gene_exact,1,1,sequence_confirmed_match,species_confirmed,known_locus_species,Atha|AT2G20900.1|len=509 | Q9C5E5|DGK5_ARATH|ARATH|sprot,phy=1 uni_species=1 uni_global=1,6,false,,,,,ok,
confidence,AT2G21250,A,arabidopsis_locus,sequence_confirmed,high,95,Q9SJV2,Q9SJV2_ARATH,ARATH,trembl,Atha,AT2G21250.1,AT2G21250,309,true,Atha,ARATH,ambiguous,phytozome_gene_exact,1,2,sequence_confirmed_match,species_confirmed,known_locus_species,Atha|AT2G21250.1|len=309 | Q9SJV2|Q9SJV2_ARATH|ARATH|trembl; F4IGK5|F4IGK5_ARATH|ARATH|trembl,phy=1 uni_species=2 uni_global=2,6,false,,,,,ok,
confidence,AT2G22770,A,arabidopsis_locus,sequence_confirmed,high,100,Q8S3F1,BH020_ARATH,ARATH,sprot,Atha,AT2G22770.1,AT2G22770,320,true,Atha,ARATH,matched,phytozome_gene_exact,1,1,sequence_confirmed_match,species_confirmed,known_locus_species,Atha|AT2G22770.1|len=320 | Q8S3F1|BH020_ARATH|ARATH|sprot,phy=1 uni_species=1 uni_global=1,6,false,,,,,ok,
confidence,AT2G29440,A,arabidopsis_locus,sequence_confirmed,high,100,Q9ZW26,GSTU6_ARATH,ARATH,sprot,Atha,AT2G29440.1,AT2G29440,223,true,Atha,ARATH,matched,phytozome_gene_exact,1,1,sequence_confirmed_match,species_confirmed,known_locus_species,Atha|AT2G29440.1|len=223 | Q9ZW26|GSTU6_ARATH|ARATH|sprot,phy=1 uni_species=1 uni_global=1,6,false,,,,,ok,
confidence,At2g29500,A,arabidopsis_locus,sequence_confirmed,high,100,Q9ZW31,HS17B_ARATH,ARATH,sprot,Atha,AT2G29500.1,AT2G29500,153,true,Atha,ARATH,matched,phytozome_gene_exact,1,1,sequence_confirmed_match,species_confirmed,known_locus_species,Atha|AT2G29500.1|len=153 | Q9ZW31|HS17B_ARATH|ARATH|sprot,phy=1 uni_species=1 uni_global=1,6,false,,,,,ok,
confidence,At2g33380,A,arabidopsis_locus,sequence_confirmed,high,100,O22788,PXG3_ARATH,ARATH,sprot,Atha,AT2G33380.1,AT2G33380,236,true,Atha,ARATH,matched,phytozome_gene_exact,1,1,sequence_confirmed_match,species_confirmed,known_locus_species,Atha|AT2G33380.1|len=236 | O22788|PXG3_ARATH|ARATH|sprot,phy=1 uni_species=1 uni_global=1,6,false,,,,,ok,
confidence,AT2G33710,A,arabidopsis_locus,sequence_confirmed,high,95,P93007,EF112_ARATH,ARATH,sprot,Atha,AT2G33710.2,AT2G33710,231,true,Atha,ARATH,ambiguous,phytozome_gene_exact,1,2,sequence_confirmed_match,species_confirmed,known_locus_species,Atha|AT2G33710.2|len=231 | P93007|EF112_ARATH|ARATH|sprot,phy=1 uni_species=2 uni_global=2,6,false,,,,,ok,
confidence,AT2G34850,A,arabidopsis_locus,sequence_confirmed,high,100,O64749,ARAE2_ARATH,ARATH,sprot,Atha,AT2G34850.1,AT2G34850,236,true,Atha,ARATH,matched,phytozome_gene_exact,1,1,sequence_confirmed_match,species_confirmed,known_locus_species,Atha|AT2G34850.1|len=236 | O64749|ARAE2_ARATH|ARATH|sprot,phy=1 uni_species=1 uni_global=1,6,false,,,,,ok,
confidence,at2g38290,A,arabidopsis_locus,sequence_confirmed,high,100,Q9M6N7,AMT2_ARATH,ARATH,sprot,Atha,AT2G38290.1,AT2G38290,475,true,Atha,ARATH,matched,phytozome_gene_exact,1,1,sequence_confirmed_match,species_confirmed,known_locus_species,Atha|AT2G38290.1|len=475 | Q9M6N7|AMT2_ARATH|ARATH|sprot,phy=1 uni_species=1 uni_global=1,6,false,,,,,ok,
confidence,At2g41680,A,arabidopsis_locus,sequence_confirmed,high,95,O22229,TRXB3_ARATH,ARATH,sprot,Atha,AT2G41680.1,AT2G41680,529,true,Atha,ARATH,ambiguous,phytozome_gene_exact,1,2,sequence_confirmed_match,species_confirmed,known_locus_species,Atha|AT2G41680.1|len=529 | O22229|TRXB3_ARATH|ARATH|sprot,phy=1 uni_species=2 uni_global=2,6,false,,,,,ok,
confidence,At2g42790,A,arabidopsis_locus,sequence_confirmed,high,95,Q9SJH7,CISY3_ARATH,ARATH,sprot,Atha,AT2G42790.1,AT2G42790,509,true,Atha,ARATH,ambiguous,phytozome_gene_exact,1,2,sequence_confirmed_match,species_confirmed,known_locus_species,Atha|AT2G42790.1|len=509 | Q9SJH7|CISY3_ARATH|ARATH|sprot,phy=1 uni_species=2 uni_global=2,6,false,,,,,ok,
confidence,AT2G43090,A,arabidopsis_locus,sequence_confirmed,high,95,Q9ZW85,LEUD3_ARATH,ARATH,sprot,Atha,AT2G43090.1,AT2G43090,251,true,Atha,ARATH,ambiguous,phytozome_gene_exact,1,3,sequence_confirmed_match,species_confirmed,known_locus_species,Atha|AT2G43090.1|len=251 | Q9ZW85|LEUD3_ARATH|ARATH|sprot,phy=1 uni_species=2 uni_global=3,6,false,,,,,ok,
confidence,AT2G44840,A,arabidopsis_locus,sequence_confirmed,high,100,Q8L9K1,ERF99_ARATH,ARATH,sprot,Atha,AT2G44840.1,AT2G44840,226,true,Atha,ARATH,matched,phytozome_gene_exact,1,1,sequence_confirmed_match,species_confirmed,known_locus_species,Atha|AT2G44840.1|len=226 | Q8L9K1|ERF99_ARATH|ARATH|sprot,phy=1 uni_species=1 uni_global=1,6,false,,,,,ok,
confidence,At2g46680,A,arabidopsis_locus,sequence_confirmed,high,95,P46897,ATHB7_ARATH,ARATH,sprot,Atha,AT2G46680.1,AT2G46680,258,true,Atha,ARATH,ambiguous,phytozome_gene_exact,1,3,sequence_confirmed_match,species_confirmed,known_locus_species,Atha|AT2G46680.1|len=258 | P46897|ATHB7_ARATH|ARATH|sprot,phy=1 uni_species=3 uni_global=3,6,false,,,,,ok,
confidence,At2g46830,A,arabidopsis_locus,sequence_confirmed,high,95,P92973,CCA1_ARATH,ARATH,sprot,Atha,AT2G46830.1,AT2G46830,608,true,Atha,ARATH,ambiguous,phytozome_gene_exact,1,2,sequence_confirmed_match,species_confirmed,known_locus_species,Atha|AT2G46830.1|len=608 | P92973|CCA1_ARATH|ARATH|sprot,phy=1 uni_species=2 uni_global=2,6,false,,,,,ok,
confidence,At2g47040,A,arabidopsis_locus,sequence_confirmed,high,100,Q5MFV8,PME5_ARATH,ARATH,sprot,Atha,AT2G47040.1,AT2G47040,595,true,Atha,ARATH,matched,phytozome_gene_exact,1,1,sequence_confirmed_match,species_confirmed,known_locus_species,Atha|AT2G47040.1|len=595 | Q5MFV8|PME5_ARATH|ARATH|sprot,phy=1 uni_species=1 uni_global=1,6,false,,,,,ok,
confidence,At3g01520,A,arabidopsis_locus,sequence_confirmed,high,100,Q8LGG8,USPAL_ARATH,ARATH,sprot,Atha,AT3G01520.1,AT3G01520,175,true,Atha,ARATH,matched,phytozome_gene_exact,1,1,sequence_confirmed_match,species_confirmed,known_locus_species,Atha|AT3G01520.1|len=175 | Q8LGG8|USPAL_ARATH|ARATH|sprot,phy=1 uni_species=1 uni_global=1,6,false,,,,,ok,
confidence,At3g03270,A,arabidopsis_locus,sequence_confirmed,high,95,Q8LFK2,Q8LFK2_ARATH,ARATH,trembl,Atha,AT3G03270.1,AT3G03270,201,true,Atha,ARATH,ambiguous,phytozome_gene_exact,1,3,sequence_confirmed_match,species_confirmed,known_locus_species,Atha|AT3G03270.1|len=201 | Q8LFK2|Q8LFK2_ARATH|ARATH|trembl; Q9M9P5|Q9M9P5_ARATH|ARATH|trembl; A0A384KMU4|A0A384KMU4_ARATH|ARATH|trembl,phy=1 uni_species=3 uni_global=3,6,false,,,,,ok,
confidence,AT3G07020,A,arabidopsis_locus,sequence_confirmed,high,95,Q9M8Z7,U80A2_ARATH,ARATH,sprot,Atha,AT3G07020.2,AT3G07020,637,true,Atha,ARATH,ambiguous,phytozome_gene_exact,1,4,sequence_confirmed_match,species_confirmed,known_locus_species,Atha|AT3G07020.2|len=637 | Q9M8Z7|U80A2_ARATH|ARATH|sprot,phy=1 uni_species=4 uni_global=4,6,false,,,,,ok,
confidence,At3g09640,A,arabidopsis_locus,sequence_confirmed,high,100,Q1PER6,APX2_ARATH,ARATH,sprot,Atha,AT3G09640.1,AT3G09640,251,true,Atha,ARATH,matched,phytozome_gene_exact,1,1,sequence_confirmed_match,species_confirmed,known_locus_species,Atha|AT3G09640.1|len=251 | Q1PER6|APX2_ARATH|ARATH|sprot,phy=1 uni_species=1 uni_global=1,6,false,,,,,ok,
confidence,At3g11410,A,arabidopsis_locus,sequence_confirmed,high,100,P49598,P2C37_ARATH,ARATH,sprot,Atha,AT3G11410.1,AT3G11410,399,true,Atha,ARATH,matched,phytozome_gene_exact,1,1,sequence_confirmed_match,species_confirmed,known_locus_species,Atha|AT3G11410.1|len=399 | P49598|P2C37_ARATH|ARATH|sprot,phy=1 uni_species=1 uni_global=1,6,false,,,,,ok,
confidence,At3g11630,A,arabidopsis_locus,sequence_confirmed,high,100,Q96291,BAS1A_ARATH,ARATH,sprot,Atha,AT3G11630.1,AT3G11630,266,true,Atha,ARATH,matched,phytozome_gene_exact,1,1,sequence_confirmed_match,species_confirmed,known_locus_species,Atha|AT3G11630.1|len=266 | Q96291|BAS1A_ARATH|ARATH|sprot,phy=1 uni_species=1 uni_global=1,6,false,,,,,ok,
confidence,At3g14270,A,arabidopsis_locus,sequence_confirmed,high,100,Q9LUM0,FAB1B_ARATH,ARATH,sprot,Atha,AT3G14270.1,AT3G14270,1791,true,Atha,ARATH,matched,phytozome_gene_exact,1,1,sequence_confirmed_match,species_confirmed,known_locus_species,Atha|AT3G14270.1|len=1791 | Q9LUM0|FAB1B_ARATH|ARATH|sprot,phy=1 uni_species=1 uni_global=1,6,false,,,,,ok,
confidence,At3g15730,A,arabidopsis_locus,sequence_confirmed,high,100,Q38882,PLDA1_ARATH,ARATH,sprot,Atha,AT3G15730.1,AT3G15730,810,true,Atha,ARATH,matched,phytozome_gene_exact,1,1,sequence_confirmed_match,species_confirmed,known_locus_species,Atha|AT3G15730.1|len=810 | Q38882|PLDA1_ARATH|ARATH|sprot,phy=1 uni_species=1 uni_global=1,6,false,,,,,ok,
confidence,AT3G21230,A,arabidopsis_locus,sequence_confirmed,high,95,Q9LU36,4CL4_ARATH,ARATH,sprot,Atha,AT3G21230.1,AT3G21230,570,true,Atha,ARATH,ambiguous,phytozome_gene_exact,1,4,sequence_confirmed_match,species_confirmed,known_locus_species,Atha|AT3G21230.1|len=570 | Q9LU36|4CL4_ARATH|ARATH|sprot,phy=1 uni_species=4 uni_global=4,6,false,,,,,ok,
confidence,At3g21360,A,arabidopsis_locus,sequence_confirmed,high,100,Q9LIG0,Y3136_ARATH,ARATH,sprot,Atha,AT3G21360.1,AT3G21360,330,true,Atha,ARATH,matched,phytozome_gene_exact,1,1,sequence_confirmed_match,species_confirmed,known_locus_species,Atha|AT3G21360.1|len=330 | Q9LIG0|Y3136_ARATH|ARATH|sprot,phy=1 uni_species=1 uni_global=1,6,false,,,,,ok,
confidence,at3g22740,A,arabidopsis_locus,sequence_confirmed,high,100,Q8LAX0,HMT3_ARATH,ARATH,sprot,Atha,AT3G22740.1,AT3G22740,347,true,Atha,ARATH,matched,phytozome_gene_exact,1,1,sequence_confirmed_match,species_confirmed,known_locus_species,Atha|AT3G22740.1|len=347 | Q8LAX0|HMT3_ARATH|ARATH|sprot,phy=1 uni_species=1 uni_global=1,6,false,,,,,ok,
confidence,AT3G28220,A,arabidopsis_locus,sequence_confirmed,high,100,Q9LHA6,Q9LHA6_ARATH,ARATH,trembl,Atha,AT3G28220.1,AT3G28220,370,true,Atha,ARATH,matched,phytozome_gene_exact,1,1,sequence_confirmed_match,species_confirmed,known_locus_species,Atha|AT3G28220.1|len=370 | Q9LHA6|Q9LHA6_ARATH|ARATH|trembl,phy=1 uni_species=1 uni_global=1,6,false,,,,,ok,
confidence,At3g28910,A,arabidopsis_locus,sequence_confirmed,high,95,Q9SCU7,MYB30_ARATH,ARATH,sprot,Atha,AT3G28910.1,AT3G28910,323,true,Atha,ARATH,ambiguous,phytozome_gene_exact,1,2,sequence_confirmed_match,species_confirmed,known_locus_species,Atha|AT3G28910.1|len=323 | Q9SCU7|MYB30_ARATH|ARATH|sprot,phy=1 uni_species=2 uni_global=2,6,false,,,,,ok,
confidence,AT3G30460,A,arabidopsis_locus,sequence_confirmed,high,95,Q9LJV5,Q9LJV5_ARATH,ARATH,trembl,Atha,AT3G30460.1,AT3G30460,147,true,Atha,ARATH,ambiguous,phytozome_gene_exact,1,3,sequence_confirmed_match,species_confirmed,known_locus_species,Atha|AT3G30460.1|len=147 | Q9LJV5|Q9LJV5_ARATH|ARATH|trembl; A0A384LFM2|A0A384LFM2_ARATH|ARATH|trembl; A0A1I9LPW5|A0A1I9LPW5_ARATH|ARATH|trembl,phy=1 uni_species=3 uni_global=3,6,false,,,,,ok,
confidence,AT3G44300,A,arabidopsis_locus,sequence_confirmed,high,95,P32962,NRL2_ARATH,ARATH,sprot,Atha,AT3G44300.1,AT3G44300,339,true,Atha,ARATH,ambiguous,phytozome_gene_exact,1,2,sequence_confirmed_match,species_confirmed,known_locus_species,Atha|AT3G44300.1|len=339 | P32962|NRL2_ARATH|ARATH|sprot,phy=1 uni_species=2 uni_global=2,6,false,,,,,ok,
confidence,At3g47600,A,arabidopsis_locus,sequence_confirmed,high,95,Q9SN78,MYB94_ARATH,ARATH,sprot,Atha,AT3G47600.1,AT3G47600,333,true,Atha,ARATH,ambiguous,phytozome_gene_exact,1,2,sequence_confirmed_match,species_confirmed,known_locus_species,Atha|AT3G47600.1|len=333 | Q9SN78|MYB94_ARATH|ARATH|sprot,phy=1 uni_species=2 uni_global=2,6,false,,,,,ok,
confidence,AT3G49940,A,arabidopsis_locus,sequence_confirmed,high,100,Q9SN23,LBD38_ARATH,ARATH,sprot,Atha,AT3G49940.1,AT3G49940,247,true,Atha,ARATH,matched,phytozome_gene_exact,1,1,sequence_confirmed_match,species_confirmed,known_locus_species,Atha|AT3G49940.1|len=247 | Q9SN23|LBD38_ARATH|ARATH|sprot,phy=1 uni_species=1 uni_global=1,6,false,,,,,ok,
confidence,AT3G51240,A,arabidopsis_locus,sequence_confirmed,high,95,Q9S818,FL3H_ARATH,ARATH,sprot,Atha,AT3G51240.1,AT3G51240,358,true,Atha,ARATH,ambiguous,phytozome_gene_exact,1,2,sequence_confirmed_match,species_confirmed,known_locus_species,Atha|AT3G51240.1|len=358 | Q9S818|FL3H_ARATH|ARATH|sprot,phy=1 uni_species=2 uni_global=2,6,false,,,,,ok,
confidence,AT3G52990,A,arabidopsis_locus,sequence_confirmed,high,95,A8MR07,A8MR07_ARATH,ARATH,trembl,Atha,AT3G52990.1,AT3G52990,527,true,Atha,ARATH,ambiguous,phytozome_gene_exact,1,2,sequence_confirmed_match,species_confirmed,known_locus_species,Atha|AT3G52990.1|len=527 | A8MR07|A8MR07_ARATH|ARATH|trembl; Q94KE3|Q94KE3_ARATH|ARATH|trembl,phy=1 uni_species=2 uni_global=2,6,false,,,,,ok,
confidence,At3g54230,A,arabidopsis_locus,sequence_confirmed,high,95,F4JCU0,SUA_ARATH,ARATH,sprot,Atha,AT3G54230.2,AT3G54230,1008,true,Atha,ARATH,ambiguous,phytozome_gene_exact,1,3,sequence_confirmed_match,species_confirmed,known_locus_species,Atha|AT3G54230.2|len=1008 | F4JCU0|SUA_ARATH|ARATH|sprot,phy=1 uni_species=3 uni_global=3,6,false,,,,,ok,
confidence,AT3G55120,A,arabidopsis_locus,sequence_confirmed,high,100,P41088,CFI1_ARATH,ARATH,sprot,Atha,AT3G55120.1,AT3G55120,246,true,Atha,ARATH,matched,phytozome_gene_exact,1,1,sequence_confirmed_match,species_confirmed,known_locus_species,Atha|AT3G55120.1|len=246 | P41088|CFI1_ARATH|ARATH|sprot,phy=1 uni_species=1 uni_global=1,6,false,,,,,ok,
confidence,At3g55800,A,arabidopsis_locus,sequence_confirmed,high,100,P46283,S17P_ARATH,ARATH,sprot,Atha,AT3G55800.1,AT3G55800,393,true,Atha,ARATH,matched,phytozome_gene_exact,1,1,sequence_confirmed_match,species_confirmed,known_locus_species,Atha|AT3G55800.1|len=393 | P46283|S17P_ARATH|ARATH|sprot,phy=1 uni_species=1 uni_global=1,6,false,,,,,ok,
confidence,at3g61580,A,arabidopsis_locus,sequence_confirmed,high,100,Q9ZRP7,SLD1_ARATH,ARATH,sprot,Atha,AT3G61580.1,AT3G61580,449,true,Atha,ARATH,matched,phytozome_gene_exact,1,1,sequence_confirmed_match,species_confirmed,known_locus_species,Atha|AT3G61580.1|len=449 | Q9ZRP7|SLD1_ARATH|ARATH|sprot,phy=1 uni_species=1 uni_global=1,6,false,,,,,ok,
confidence,AT4G00040,A,arabidopsis_locus,sequence_confirmed,high,100,O81305,PKSC_ARATH,ARATH,sprot,Atha,AT4G00040.1,AT4G00040,385,true,Atha,ARATH,matched,phytozome_gene_exact,1,1,sequence_confirmed_match,species_confirmed,known_locus_species,Atha|AT4G00040.1|len=385 | O81305|PKSC_ARATH|ARATH|sprot,phy=1 uni_species=1 uni_global=1,6,false,,,,,ok,
confidence,AT4G01470,A,arabidopsis_locus,sequence_confirmed,high,100,O82598,TIP13_ARATH,ARATH,sprot,Atha,AT4G01470.1,AT4G01470,252,true,Atha,ARATH,matched,phytozome_gene_exact,1,1,sequence_confirmed_match,species_confirmed,known_locus_species,Atha|AT4G01470.1|len=252 | O82598|TIP13_ARATH|ARATH|sprot,phy=1 uni_species=1 uni_global=1,6,false,,,,,ok,
confidence,AT4G01850,A,arabidopsis_locus,sequence_confirmed,high,95,P17562,METK2_ARATH,ARATH,sprot,Atha,AT4G01850.1,AT4G01850,393,true,Atha,ARATH,ambiguous,phytozome_gene_exact,1,2,sequence_confirmed_match,species_confirmed,known_locus_species,Atha|AT4G01850.1|len=393 | P17562|METK2_ARATH|ARATH|sprot,phy=1 uni_species=2 uni_global=2,6,false,,,,,ok,
confidence,AT4G05090,A,arabidopsis_locus,sequence_confirmed,high,95,Q9M0Y6,DPNPM_ARATH,ARATH,sprot,Atha,AT4G05090.1,AT4G05090,397,true,Atha,ARATH,ambiguous,phytozome_gene_exact,1,4,sequence_confirmed_match,species_confirmed,known_locus_species,Atha|AT4G05090.1|len=397 | Q9M0Y6|DPNPM_ARATH|ARATH|sprot,phy=1 uni_species=3 uni_global=4,6,false,,,,,ok,
confidence,AT4G08950,A,arabidopsis_locus,sequence_confirmed,high,100,Q9ZPE7,EXO_ARATH,ARATH,sprot,Atha,AT4G08950.1,AT4G08950,314,true,Atha,ARATH,matched,phytozome_gene_exact,1,1,sequence_confirmed_match,species_confirmed,known_locus_species,Atha|AT4G08950.1|len=314 | Q9ZPE7|EXO_ARATH|ARATH|sprot,phy=1 uni_species=1 uni_global=1,6,false,,,,,ok,
confidence,At4g09010,A,arabidopsis_locus,sequence_confirmed,high,95,P82281,TL29_ARATH,ARATH,sprot,Atha,AT4G09010.1,AT4G09010,349,true,Atha,ARATH,ambiguous,phytozome_gene_exact,1,3,sequence_confirmed_match,species_confirmed,known_locus_species,Atha|AT4G09010.1|len=349 | P82281|TL29_ARATH|ARATH|sprot,phy=1 uni_species=3 uni_global=3,6,false,,,,,ok,
confidence,At4g15560,A,arabidopsis_locus,sequence_confirmed,high,95,Q38854,DXS_ARATH,ARATH,sprot,Atha,AT4G15560.1,AT4G15560,717,true,Atha,ARATH,ambiguous,phytozome_gene_exact,1,2,sequence_confirmed_match,species_confirmed,known_locus_species,Atha|AT4G15560.1|len=717 | Q38854|DXS_ARATH|ARATH|sprot,phy=1 uni_species=2 uni_global=2,6,false,,,,,ok,
confidence,AT4G16980,A,arabidopsis_locus,sequence_confirmed,high,95,Q9FT76,Q9FT76_ARATH,ARATH,trembl,Atha,AT4G16980.1,AT4G16980,164,true,Atha,ARATH,ambiguous,phytozome_gene_exact,1,3,sequence_confirmed_match,species_confirmed,known_locus_species,Atha|AT4G16980.1|len=164 | Q9FT76|Q9FT76_ARATH|ARATH|trembl; A0A178UXA5|A0A178UXA5_ARATH|ARATH|trembl; O23542|O23542_ARATH|ARATH|trembl,phy=1 uni_species=3 uni_global=3,6,false,,,,,ok,
confidence,AT4G17500,A,arabidopsis_locus,sequence_confirmed,high,100,O80337,EF100_ARATH,ARATH,sprot,Atha,AT4G17500.1,AT4G17500,268,true,Atha,ARATH,matched,phytozome_gene_exact,1,1,sequence_confirmed_match,species_confirmed,known_locus_species,Atha|AT4G17500.1|len=268 | O80337|EF100_ARATH|ARATH|sprot,phy=1 uni_species=1 uni_global=1,6,false,,,,,ok,
confidence,AT4G18280,A,arabidopsis_locus,sequence_confirmed,high,95,O49731,O49731_ARATH,ARATH,trembl,Atha,AT4G18280.1,AT4G18280,157,true,Atha,ARATH,ambiguous,phytozome_gene_exact,1,3,sequence_confirmed_match,species_confirmed,known_locus_species,Atha|AT4G18280.1|len=157 | O49731|O49731_ARATH|ARATH|trembl; A0A654FQJ8|A0A654FQJ8_ARATH|ARATH|trembl; F4JQT4|F4JQT4_ARATH|ARATH|trembl,phy=1 uni_species=3 uni_global=3,6,false,,,,,ok,
confidence,At4g21670,A,arabidopsis_locus,sequence_confirmed,high,100,Q5YDB6,CPL1_ARATH,ARATH,sprot,Atha,AT4G21670.1,AT4G21670,967,true,Atha,ARATH,matched,phytozome_gene_exact,1,1,sequence_confirmed_match,species_confirmed,known_locus_species,Atha|AT4G21670.1|len=967 | Q5YDB6|CPL1_ARATH|ARATH|sprot,phy=1 uni_species=1 uni_global=1,6,false,,,,,ok,
confidence,AT4G22880,A,arabidopsis_locus,sequence_confirmed,high,95,Q96323,LDOX_ARATH,ARATH,sprot,Atha,AT4G22880.1,AT4G22880,356,true,Atha,ARATH,ambiguous,phytozome_gene_exact,1,4,sequence_confirmed_match,species_confirmed,known_locus_species,Atha|AT4G22880.1|len=356 | Q96323|LDOX_ARATH|ARATH|sprot,phy=1 uni_species=4 uni_global=4,6,false,,,,,ok,
confidence,At4g25200,A,arabidopsis_locus,sequence_confirmed,high,100,Q96331,HS23M_ARATH,ARATH,sprot,Atha,AT4G25200.1,AT4G25200,210,true,Atha,ARATH,matched,phytozome_gene_exact,1,1,sequence_confirmed_match,species_confirmed,known_locus_species,Atha|AT4G25200.1|len=210 | Q96331|HS23M_ARATH|ARATH|sprot,phy=1 uni_species=1 uni_global=1,6,false,,,,,ok,
confidence,At4g29380,A,arabidopsis_locus,sequence_confirmed,high,95,Q9M0E5,VPS15_ARATH,ARATH,sprot,Atha,AT4G29380.1,AT4G29380,1494,true,Atha,ARATH,ambiguous,phytozome_gene_exact,1,2,sequence_confirmed_match,species_confirmed,known_locus_species,Atha|AT4G29380.1|len=1494 | Q9M0E5|VPS15_ARATH|ARATH|sprot,phy=1 uni_species=2 uni_global=2,6,false,,,,,ok,
confidence,At4g33070,A,arabidopsis_locus,sequence_confirmed,high,100,O82647,PDC1_ARATH,ARATH,sprot,Atha,AT4G33070.1,AT4G33070,607,true,Atha,ARATH,matched,phytozome_gene_exact,1,1,sequence_confirmed_match,species_confirmed,known_locus_species,Atha|AT4G33070.1|len=607 | O82647|PDC1_ARATH|ARATH|sprot,phy=1 uni_species=1 uni_global=1,6,false,,,,,ok,
confidence,At4g33240,A,arabidopsis_locus,sequence_confirmed,high,95,Q0WUR5,FAB1A_ARATH,ARATH,sprot,Atha,AT4G33240.1,AT4G33240,1757,true,Atha,ARATH,ambiguous,phytozome_gene_exact,1,5,sequence_confirmed_match,species_confirmed,known_locus_species,Atha|AT4G33240.1|len=1757 | Q0WUR5|FAB1A_ARATH|ARATH|sprot,phy=1 uni_species=5 uni_global=5,6,false,,,,,ok,
confidence,At4g33950,A,arabidopsis_locus,sequence_confirmed,high,95,Q940H6,SRK2E_ARATH,ARATH,sprot,Atha,AT4G33950.1,AT4G33950,362,true,Atha,ARATH,ambiguous,phytozome_gene_exact,1,2,sequence_confirmed_match,species_confirmed,known_locus_species,Atha|AT4G33950.1|len=362 | Q940H6|SRK2E_ARATH|ARATH|sprot,phy=1 uni_species=2 uni_global=2,6,false,,,,,ok,
confidence,At4g34000,A,arabidopsis_locus,sequence_confirmed,high,100,,,,,Atha,AT4G34000.1,AT4G34000,454,true,Atha,ARATH,matched,phytozome_gene_exact,1,1,sequence_confirmed_match,species_confirmed,known_locus_species,Atha|AT4G34000.1|len=454,phy=1 uni_species=0 uni_global=0,6,false,,,,,ok,
confidence,AT5G01410,A,arabidopsis_locus,sequence_confirmed,high,100,Q8L940,PDX13_ARATH,ARATH,sprot,Atha,AT5G01410.1,AT5G01410,309,true,Atha,ARATH,matched,phytozome_gene_exact,1,1,sequence_confirmed_match,species_confirmed,known_locus_species,Atha|AT5G01410.1|len=309 | Q8L940|PDX13_ARATH|ARATH|sprot,phy=1 uni_species=1 uni_global=1,6,false,,,,,ok,
confidence,At5g01990,A,arabidopsis_locus,sequence_confirmed,high,100,Q9LZN2,PILS6_ARATH,ARATH,sprot,Atha,AT5G01990.1,AT5G01990,431,true,Atha,ARATH,matched,phytozome_gene_exact,1,1,sequence_confirmed_match,species_confirmed,known_locus_species,Atha|AT5G01990.1|len=431 | Q9LZN2|PILS6_ARATH|ARATH|sprot,phy=1 uni_species=1 uni_global=1,6,false,,,,,ok,
confidence,At5g03860,A,arabidopsis_locus,sequence_confirmed,high,95,Q9LZC3,MASY_ARATH,ARATH,sprot,Atha,AT5G03860.1,AT5G03860,562,true,Atha,ARATH,ambiguous,phytozome_gene_exact,1,2,sequence_confirmed_match,species_confirmed,known_locus_species,Atha|AT5G03860.1|len=562 | Q9LZC3|MASY_ARATH|ARATH|sprot,phy=1 uni_species=2 uni_global=2,6,false,,,,,ok,
confidence,At5g06290,A,arabidopsis_locus,sequence_confirmed,high,95,Q9C5R8,BAS1B_ARATH,ARATH,sprot,Atha,AT5G06290.1,AT5G06290,273,true,Atha,ARATH,ambiguous,phytozome_gene_exact,1,2,sequence_confirmed_match,species_confirmed,known_locus_species,Atha|AT5G06290.1|len=273 | Q9C5R8|BAS1B_ARATH|ARATH|sprot,phy=1 uni_species=2 uni_global=2,6,false,,,,,ok,
confidence,at5g07440,A,arabidopsis_locus,sequence_confirmed,high,95,Q38946,DHE2_ARATH,ARATH,sprot,Atha,AT5G07440.1,AT5G07440,411,true,Atha,ARATH,ambiguous,phytozome_gene_exact,1,5,sequence_confirmed_match,species_confirmed,known_locus_species,Atha|AT5G07440.1|len=411 | Q38946|DHE2_ARATH|ARATH|sprot,phy=1 uni_species=5 uni_global=5,6,false,,,,,ok,
confidence,AT5G07580,A,arabidopsis_locus,sequence_confirmed,high,100,Q9LY05,EF106_ARATH,ARATH,sprot,Atha,AT5G07580.1,AT5G07580,274,true,Atha,ARATH,matched,phytozome_gene_exact,1,1,sequence_confirmed_match,species_confirmed,known_locus_species,Atha|AT5G07580.1|len=274 | Q9LY05|EF106_ARATH|ARATH|sprot,phy=1 uni_species=1 uni_global=1,6,false,,,,,ok,
confidence,At5g07920,A,arabidopsis_locus,sequence_confirmed,high,95,Q39017,DGK1_ARATH,ARATH,sprot,Atha,AT5G07920.1,AT5G07920,728,true,Atha,ARATH,ambiguous,phytozome_gene_exact,1,2,sequence_confirmed_match,species_confirmed,known_locus_species,Atha|AT5G07920.1|len=728 | Q39017|DGK1_ARATH|ARATH|sprot,phy=1 uni_species=2 uni_global=2,6,false,,,,,ok,
confidence,AT5G10770,A,arabidopsis_locus,sequence_confirmed,high,95,Q8S9J6,ASPA_ARATH,ARATH,sprot,Atha,AT5G10770.1,AT5G10770,474,true,Atha,ARATH,ambiguous,phytozome_gene_exact,1,2,sequence_confirmed_match,species_confirmed,known_locus_species,Atha|AT5G10770.1|len=474 | Q8S9J6|ASPA_ARATH|ARATH|sprot,phy=1 uni_species=2 uni_global=2,6,false,,,,,ok,
confidence,AT5G12010,A,arabidopsis_locus,sequence_confirmed,high,100,Q9LYH2,Q9LYH2_ARATH,ARATH,trembl,Atha,AT5G12010.1,AT5G12010,502,true,Atha,ARATH,matched,phytozome_gene_exact,1,1,sequence_confirmed_match,species_confirmed,known_locus_species,Atha|AT5G12010.1|len=502 | Q9LYH2|Q9LYH2_ARATH|ARATH|trembl,phy=1 uni_species=1 uni_global=1,6,false,,,,,ok,
confidence,AT5G13930,A,arabidopsis_locus,sequence_confirmed,high,95,P13114,CHSY_ARATH,ARATH,sprot,Atha,AT5G13930.1,AT5G13930,395,true,Atha,ARATH,ambiguous,phytozome_gene_exact,1,11,sequence_confirmed_match,species_confirmed,known_locus_species,Atha|AT5G13930.1|len=395 | P13114|CHSY_ARATH|ARATH|sprot,phy=1 uni_species=11 uni_global=11,6,false,,,,,ok,
confidence,At5g14760,A,arabidopsis_locus,sequence_confirmed,high,100,Q94AY1,NADB_ARATH,ARATH,sprot,Atha,AT5G14760.1,AT5G14760,651,true,Atha,ARATH,matched,phytozome_gene_exact,1,1,sequence_confirmed_match,species_confirmed,known_locus_species,Atha|AT5G14760.1|len=651 | Q94AY1|NADB_ARATH|ARATH|sprot,phy=1 uni_species=1 uni_global=1,6,false,,,,,ok,
confidence,AT5G15950,A,arabidopsis_locus,sequence_confirmed,high,100,Q9S7T9,DCAM2_ARATH,ARATH,sprot,Atha,AT5G15950.1,AT5G15950,362,true,Atha,ARATH,matched,phytozome_gene_exact,1,1,sequence_confirmed_match,species_confirmed,known_locus_species,Atha|AT5G15950.1|len=362 | Q9S7T9|DCAM2_ARATH|ARATH|sprot,phy=1 uni_species=1 uni_global=1,6,false,,,,,ok,
confidence,at5g16390,A,arabidopsis_locus,sequence_confirmed,high,95,Q42533,BCCP1_ARATH,ARATH,sprot,Atha,AT5G16390.1,AT5G16390,280,true,Atha,ARATH,ambiguous,phytozome_gene_exact,1,2,sequence_confirmed_match,species_confirmed,known_locus_species,Atha|AT5G16390.1|len=280 | Q42533|BCCP1_ARATH|ARATH|sprot,phy=1 uni_species=2 uni_global=2,6,false,,,,,ok,
confidence,at5g19220,A,arabidopsis_locus,sequence_confirmed,high,100,P55229,GLGL1_ARATH,ARATH,sprot,Atha,AT5G19220.1,AT5G19220,522,true,Atha,ARATH,matched,phytozome_gene_exact,1,1,sequence_confirmed_match,species_confirmed,known_locus_species,Atha|AT5G19220.1|len=522 | P55229|GLGL1_ARATH|ARATH|sprot,phy=1 uni_species=1 uni_global=1,6,false,,,,,ok,
confidence,at5g20260,A,arabidopsis_locus,sequence_confirmed,high,95,Q3E9A4,GLYT5_ARATH,ARATH,sprot,Atha,AT5G20260.1,AT5G20260,458,true,Atha,ARATH,ambiguous,phytozome_gene_exact,1,4,sequence_confirmed_match,species_confirmed,known_locus_species,Atha|AT5G20260.1|len=458 | Q3E9A4|GLYT5_ARATH|ARATH|sprot,phy=1 uni_species=3 uni_global=4,6,false,,,,,ok,
confidence,AT5G20280,A,arabidopsis_locus,sequence_confirmed,high,95,Q94BT0,SPSA1_ARATH,ARATH,sprot,Atha,AT5G20280.1,AT5G20280,1043,true,Atha,ARATH,ambiguous,phytozome_gene_exact,1,3,sequence_confirmed_match,species_confirmed,known_locus_species,Atha|AT5G20280.1|len=1043 | Q94BT0|SPSA1_ARATH|ARATH|sprot,phy=1 uni_species=3 uni_global=3,6,false,,,,,ok,
confidence,AT5G24150,A,arabidopsis_locus,sequence_confirmed,high,95,O65404,ERG11_ARATH,ARATH,sprot,Atha,AT5G24150.1,AT5G24150,516,true,Atha,ARATH,ambiguous,phytozome_gene_exact,1,4,sequence_confirmed_match,species_confirmed,known_locus_species,Atha|AT5G24150.1|len=516 | O65404|ERG11_ARATH|ARATH|sprot,phy=1 uni_species=4 uni_global=4,6,false,,,,,ok,
confidence,At5g36700,A,arabidopsis_locus,sequence_confirmed,high,100,P0DKC3,PGP1A_ARATH,ARATH,sprot,Atha,AT5G36700.1,AT5G36700,362,true,Atha,ARATH,matched,phytozome_gene_exact,1,1,sequence_confirmed_match,species_confirmed,known_locus_species,Atha|AT5G36700.1|len=362 | P0DKC3|PGP1A_ARATH|ARATH|sprot,phy=1 uni_species=1 uni_global=1,6,false,,,,,ok,
confidence,At5g37770,A,arabidopsis_locus,sequence_confirmed,high,100,P25070,CML24_ARATH,ARATH,sprot,Atha,AT5G37770.1,AT5G37770,161,true,Atha,ARATH,matched,phytozome_gene_exact,1,1,sequence_confirmed_match,species_confirmed,known_locus_species,Atha|AT5G37770.1|len=161 | P25070|CML24_ARATH|ARATH|sprot,phy=1 uni_species=1 uni_global=1,6,false,,,,,ok,
confidence,At5g40390,A,arabidopsis_locus,sequence_confirmed,high,100,Q9FND9,RFS5_ARATH,ARATH,sprot,Atha,AT5G40390.1,AT5G40390,783,true,Atha,ARATH,matched,phytozome_gene_exact,1,1,sequence_confirmed_match,species_confirmed,known_locus_species,Atha|AT5G40390.1|len=783 | Q9FND9|RFS5_ARATH|ARATH|sprot,phy=1 uni_species=1 uni_global=1,6,false,,,,,ok,
confidence,AT5G47220,A,arabidopsis_locus,sequence_confirmed,high,100,O80338,EF101_ARATH,ARATH,sprot,Atha,AT5G47220.1,AT5G47220,243,true,Atha,ARATH,matched,phytozome_gene_exact,1,1,sequence_confirmed_match,species_confirmed,known_locus_species,Atha|AT5G47220.1|len=243 | O80338|EF101_ARATH|ARATH|sprot,phy=1 uni_species=1 uni_global=1,6,false,,,,,ok,
confidence,At5g51440,A,arabidopsis_locus,sequence_confirmed,high,100,Q9FGM9,HS235_ARATH,ARATH,sprot,Atha,AT5G51440.1,AT5G51440,210,true,Atha,ARATH,matched,phytozome_gene_exact,1,1,sequence_confirmed_match,species_confirmed,known_locus_species,Atha|AT5G51440.1|len=210 | Q9FGM9|HS235_ARATH|ARATH|sprot,phy=1 uni_species=1 uni_global=1,6,false,,,,,ok,
confidence,AT5G51820,A,arabidopsis_locus,sequence_confirmed,high,100,Q9SCY0,PGMP_ARATH,ARATH,sprot,Atha,AT5G51820.1,AT5G51820,623,true,Atha,ARATH,matched,phytozome_gene_exact,1,1,sequence_confirmed_match,species_confirmed,known_locus_species,Atha|AT5G51820.1|len=623 | Q9SCY0|PGMP_ARATH|ARATH|sprot,phy=1 uni_species=1 uni_global=1,6,false,,,,,ok,
confidence,At5g52310,A,arabidopsis_locus,sequence_confirmed,high,95,Q06738,RD29A_ARATH,ARATH,sprot,Atha,AT5G52310.1,AT5G52310,710,true,Atha,ARATH,ambiguous,phytozome_gene_exact,1,2,sequence_confirmed_match,species_confirmed,known_locus_species,Atha|AT5G52310.1|len=710 | Q06738|RD29A_ARATH|ARATH|sprot,phy=1 uni_species=2 uni_global=2,6,false,,,,,ok,
confidence,At5g55590,A,arabidopsis_locus,sequence_confirmed,high,95,Q9FM79,PME62_ARATH,ARATH,sprot,Atha,AT5G55590.1,AT5G55590,380,true,Atha,ARATH,ambiguous,phytozome_gene_exact,1,2,sequence_confirmed_match,species_confirmed,known_locus_species,Atha|AT5G55590.1|len=380 | Q9FM79|PME62_ARATH|ARATH|sprot,phy=1 uni_species=2 uni_global=2,6,false,,,,,ok,
confidence,At5g57050,A,arabidopsis_locus,sequence_confirmed,high,95,O04719,P2C77_ARATH,ARATH,sprot,Atha,AT5G57050.1,AT5G57050,423,true,Atha,ARATH,ambiguous,phytozome_gene_exact,1,3,sequence_confirmed_match,species_confirmed,known_locus_species,Atha|AT5G57050.1|len=423 | O04719|P2C77_ARATH|ARATH|sprot,phy=1 uni_species=3 uni_global=3,6,false,,,,,ok,
confidence,At5g58260,A,arabidopsis_locus,sequence_confirmed,high,100,Q9LVM2,NDHN_ARATH,ARATH,sprot,Atha,AT5G58260.1,AT5G58260,209,true,Atha,ARATH,matched,phytozome_gene_exact,1,1,sequence_confirmed_match,species_confirmed,known_locus_species,Atha|AT5G58260.1|len=209 | Q9LVM2|NDHN_ARATH|ARATH|sprot,phy=1 uni_species=1 uni_global=1,6,false,,,,,ok,
confidence,AT5G59080,A,arabidopsis_locus,sequence_confirmed,high,95,Q9FGU5,Q9FGU5_ARATH,ARATH,trembl,Atha,AT5G59080.1,AT5G59080,135,true,Atha,ARATH,ambiguous,phytozome_gene_exact,1,2,sequence_confirmed_match,species_confirmed,known_locus_species,Atha|AT5G59080.1|len=135 | Q9FGU5|Q9FGU5_ARATH|ARATH|trembl; A0A654GCI2|A0A654GCI2_ARATH|ARATH|trembl,phy=1 uni_species=2 uni_global=2,6,false,,,,,ok,
confidence,AT5G61510,A,arabidopsis_locus,sequence_confirmed,high,95,Q9FKG8,Q9FKG8_ARATH,ARATH,trembl,Atha,AT5G61510.1,AT5G61510,406,true,Atha,ARATH,ambiguous,phytozome_gene_exact,1,4,sequence_confirmed_match,species_confirmed,known_locus_species,Atha|AT5G61510.1|len=406 | Q9FKG8|Q9FKG8_ARATH|ARATH|trembl; A1L4Y4|A1L4Y4_ARATH|ARATH|trembl; A0A5S9YGR8|A0A5S9YGR8_ARATH|ARATH|trembl; A0A1P8B9R5|A0A1P8B9R5_ARATH|ARATH|trembl,phy=1 uni_species=4 uni_global=4,6,false,,,,,ok,
confidence,AT5G63680,A,arabidopsis_locus,sequence_confirmed,high,95,Q9FFP6,Q9FFP6_ARATH,ARATH,trembl,Atha,AT5G63680.1,AT5G63680,510,true,Atha,ARATH,ambiguous,phytozome_gene_exact,1,2,sequence_confirmed_match,species_confirmed,known_locus_species,Atha|AT5G63680.1|len=510 | Q9FFP6|Q9FFP6_ARATH|ARATH|trembl; Q0WN17|Q0WN17_ARATH|ARATH|trembl,phy=1 uni_species=2 uni_global=2,6,false,,,,,ok,
confidence,AT5G63990,A,arabidopsis_locus,sequence_confirmed,high,95,Q8GY63,DPNP3_ARATH,ARATH,sprot,Atha,AT5G63990.1,AT5G63990,357,true,Atha,ARATH,ambiguous,phytozome_gene_exact,1,2,sequence_confirmed_match,species_confirmed,known_locus_species,Atha|AT5G63990.1|len=357 | Q8GY63|DPNP3_ARATH|ARATH|sprot,phy=1 uni_species=2 uni_global=2,6,false,,,,,ok,
confidence,AT5G65110,A,arabidopsis_locus,sequence_confirmed,high,95,O65201,ACOX2_ARATH,ARATH,sprot,Atha,AT5G65110.1,AT5G65110,692,true,Atha,ARATH,ambiguous,phytozome_gene_exact,1,3,sequence_confirmed_match,species_confirmed,known_locus_species,Atha|AT5G65110.1|len=692 | O65201|ACOX2_ARATH|ARATH|sprot,phy=1 uni_species=3 uni_global=3,6,false,,,,,ok,
confidence,At5g65940,A,arabidopsis_locus,sequence_confirmed,high,95,Q9LKJ1,HIBC1_ARATH,ARATH,sprot,Atha,AT5G65940.1,AT5G65940,378,true,Atha,ARATH,ambiguous,phytozome_gene_exact,1,3,sequence_confirmed_match,species_confirmed,known_locus_species,Atha|AT5G65940.1|len=378 | Q9LKJ1|HIBC1_ARATH|ARATH|sprot,phy=1 uni_species=3 uni_global=3,6,false,,,,,ok,
confidence,AT5G67420,A,arabidopsis_locus,sequence_confirmed,high,100,Q9FN11,LBD37_ARATH,ARATH,sprot,Atha,AT5G67420.1,AT5G67420,250,true,Atha,ARATH,matched,phytozome_gene_exact,1,1,sequence_confirmed_match,species_confirmed,known_locus_species,Atha|AT5G67420.1|len=250 | Q9FN11|LBD37_ARATH|ARATH|sprot,phy=1 uni_species=1 uni_global=1,6,false,,,,,ok,
confidence,AtALKBH10B,B,species_prefix_At,species_confirmed_uniprot,high,90,Q9ZT92,AK10B_ARATH,ARATH,sprot,,,,,false,Atha,ARATH,matched,species_prefixed_uniprot_symbol,2,1,species_confirmed_uniprot_match,species_confirmed,known_species_prefix,Q9ZT92|AK10B_ARATH|ARATH|sprot,prefix=At pcode=Atha mnemonic=ARATH species_count=1 global_count=1,6,false,,,,,ok,
confidence,AtBBX31,B,species_prefix_At,species_confirmed_uniprot,high,90,Q9LRM4,MIP1B_ARATH,ARATH,sprot,,,,,false,Atha,ARATH,matched,species_prefixed_uniprot_symbol,2,1,species_confirmed_uniprot_match,species_confirmed,known_species_prefix,Q9LRM4|MIP1B_ARATH|ARATH|sprot,prefix=At pcode=Atha mnemonic=ARATH species_count=1 global_count=1,6,false,,,,,ok,
confidence,AtCLB,B,species_prefix_At,species_confirmed_uniprot,high,90,Q9LEX1,CLB_ARATH,ARATH,sprot,,,,,false,Atha,ARATH,matched,species_prefixed_uniprot_symbol,2,1,species_confirmed_uniprot_match,species_confirmed,known_species_prefix,Q9LEX1|CLB_ARATH|ARATH|sprot,prefix=At pcode=Atha mnemonic=ARATH species_count=1 global_count=1,6,false,,,,,ok,
confidence,AtCML43,B,species_prefix_At,species_confirmed_uniprot,high,90,Q9FI19,CML43_ARATH,ARATH,sprot,,,,,false,Atha,ARATH,matched,species_prefixed_uniprot_symbol,2,1,species_confirmed_uniprot_match,species_confirmed,known_species_prefix,Q9FI19|CML43_ARATH|ARATH|sprot,prefix=At pcode=Atha mnemonic=ARATH species_count=1 global_count=1,6,false,,,,,ok,
confidence,AtHSFA7a,B,species_prefix_At,species_confirmed_uniprot,high,90,Q9SV12,HFA7A_ARATH,ARATH,sprot,,,,,false,Atha,ARATH,matched,species_prefixed_uniprot_symbol,2,1,species_confirmed_uniprot_match,species_confirmed,known_species_prefix,Q9SV12|HFA7A_ARATH|ARATH|sprot,prefix=At pcode=Atha mnemonic=ARATH species_count=1 global_count=1,6,false,,,,,ok,
confidence,AtHSFA7b,B,species_prefix_At,species_confirmed_uniprot,high,90,Q9M1V5,HFA7B_ARATH,ARATH,sprot,,,,,false,Atha,ARATH,matched,species_prefixed_uniprot_symbol,2,1,species_confirmed_uniprot_match,species_confirmed,known_species_prefix,Q9M1V5|HFA7B_ARATH|ARATH|sprot,prefix=At pcode=Atha mnemonic=ARATH species_count=1 global_count=1,6,false,,,,,ok,
confidence,AtKLU,B,species_prefix_At,species_confirmed_uniprot,high,90,Q9LMX7,C78A5_ARATH,ARATH,sprot,,,,,false,Atha,ARATH,matched,species_prefixed_uniprot_symbol,2,1,species_confirmed_uniprot_match,species_confirmed,known_species_prefix,Q9LMX7|C78A5_ARATH|ARATH|sprot,prefix=At pcode=Atha mnemonic=ARATH species_count=1 global_count=1,6,false,,,,,ok,
confidence,AtPLC9,B,species_prefix_At,species_confirmed_uniprot,high,90,Q6NMA7,PLCD9_ARATH,ARATH,sprot,,,,,false,Atha,ARATH,matched,species_prefixed_uniprot_symbol,2,1,species_confirmed_uniprot_match,species_confirmed,known_species_prefix,Q6NMA7|PLCD9_ARATH|ARATH|sprot,prefix=At pcode=Atha mnemonic=ARATH species_count=1 global_count=1,6,false,,,,,ok,
confidence,AtPP2CG1,B,species_prefix_At,species_confirmed_uniprot,high,90,P93006,P2C27_ARATH,ARATH,sprot,,,,,false,Atha,ARATH,matched,species_prefixed_uniprot_symbol,2,1,species_confirmed_uniprot_match,species_confirmed,known_species_prefix,P93006|P2C27_ARATH|ARATH|sprot,prefix=At pcode=Atha mnemonic=ARATH species_count=1 global_count=1,6,false,,,,,ok,
confidence,AtRD29A,B,species_prefix_At,species_confirmed_uniprot,high,90,Q06738,RD29A_ARATH,ARATH,sprot,,,,,false,Atha,ARATH,matched,species_prefixed_uniprot_symbol,2,1,species_confirmed_uniprot_match,species_confirmed,known_species_prefix,Q06738|RD29A_ARATH|ARATH|sprot,prefix=At pcode=Atha mnemonic=ARATH species_count=1 global_count=1,6,false,,,,,ok,
confidence,AtSTE14B,B,species_prefix_At,species_confirmed_uniprot,high,90,Q93W54,ICMTB_ARATH,ARATH,sprot,,,,,false,Atha,ARATH,matched,species_prefixed_uniprot_symbol,2,1,species_confirmed_uniprot_match,species_confirmed,known_species_prefix,Q93W54|ICMTB_ARATH|ARATH|sprot,prefix=At pcode=Atha mnemonic=ARATH species_count=1 global_count=1,6,false,,,,,ok,
confidence,AtTHAS1,B,species_prefix_At,species_confirmed_uniprot,high,90,Q9FI37,PEN4_ARATH,ARATH,sprot,,,,,false,Atha,ARATH,matched,species_prefixed_uniprot_symbol,2,1,species_confirmed_uniprot_match,species_confirmed,known_species_prefix,Q9FI37|PEN4_ARATH|ARATH|sprot,prefix=At pcode=Atha mnemonic=ARATH species_count=1 global_count=1,6,false,,,,,ok,
confidence,AtVQ15,B,species_prefix_At,species_confirmed_uniprot,high,90,O80683,CAB25_ARATH,ARATH,sprot,,,,,false,Atha,ARATH,matched,species_prefixed_uniprot_symbol,2,1,species_confirmed_uniprot_match,species_confirmed,known_species_prefix,O80683|CAB25_ARATH|ARATH|sprot,prefix=At pcode=Atha mnemonic=ARATH species_count=1 global_count=1,6,false,,,,,ok,
confidence,AtVQ16,B,species_prefix_At,species_confirmed_uniprot,high,90,O80669,SIB2_ARATH,ARATH,sprot,,,,,false,Atha,ARATH,matched,species_prefixed_uniprot_symbol,2,1,species_confirmed_uniprot_match,species_confirmed,known_species_prefix,O80669|SIB2_ARATH|ARATH|sprot,prefix=At pcode=Atha mnemonic=ARATH species_count=1 global_count=1,6,false,,,,,ok,
confidence,AtVQ18,B,species_prefix_At,species_confirmed_uniprot,high,90,O64868,VQ18_ARATH,ARATH,sprot,,,,,false,Atha,ARATH,matched,species_prefixed_uniprot_symbol,2,1,species_confirmed_uniprot_match,species_confirmed,known_species_prefix,O64868|VQ18_ARATH|ARATH|sprot,prefix=At pcode=Atha mnemonic=ARATH species_count=1 global_count=1,6,false,,,,,ok,
confidence,AtVQ26,B,species_prefix_At,species_confirmed_uniprot,high,85,Q9M1D4,Q9M1D4_ARATH,ARATH,trembl,,,,,false,Atha,ARATH,matched,species_prefixed_uniprot_symbol,2,1,species_confirmed_uniprot_match,species_confirmed,known_species_prefix,Q9M1D4|Q9M1D4_ARATH|ARATH|trembl,prefix=At pcode=Atha mnemonic=ARATH species_count=1 global_count=1,6,false,,,,,ok,
confidence,B4F7T9,A,uniprot_accession,species_confirmed_uniprot,high,85,B4F7T9,B4F7T9_MAIZE,MAIZE,trembl,,,,,false,,,matched,uniprot_accession_exact,1,2,species_confirmed_uniprot_match,species_confirmed,not_applicable,B4F7T9|B4F7T9_MAIZE|MAIZE|trembl,,6,false,,,,,ok,
confidence,B4FV03,A,uniprot_accession,species_confirmed_uniprot,high,85,B4FV03,B4FV03_MAIZE,MAIZE,trembl,,,,,false,,,matched,uniprot_accession_exact,1,2,species_confirmed_uniprot_match,species_confirmed,not_applicable,B4FV03|B4FV03_MAIZE|MAIZE|trembl,,6,false,,,,,ok,
confidence,B4FWU6,A,uniprot_accession,species_confirmed_uniprot,high,85,B4FWU6,B4FWU6_MAIZE,MAIZE,trembl,,,,,false,,,matched,uniprot_accession_exact,1,2,species_confirmed_uniprot_match,species_confirmed,not_applicable,B4FWU6|B4FWU6_MAIZE|MAIZE|trembl,,6,false,,,,,ok,
confidence,B6SV61,A,uniprot_accession,species_confirmed_uniprot,high,85,B6SV61,B6SV61_MAIZE,MAIZE,trembl,,,,,false,,,matched,uniprot_accession_exact,1,2,species_confirmed_uniprot_match,species_confirmed,not_applicable,B6SV61|B6SV61_MAIZE|MAIZE|trembl,,6,false,,,,,ok,
confidence,B6T3Q3,A,uniprot_accession,species_confirmed_uniprot,high,85,B6T3Q3,B6T3Q3_MAIZE,MAIZE,trembl,,,,,false,,,matched,uniprot_accession_exact,1,2,species_confirmed_uniprot_match,species_confirmed,not_applicable,B6T3Q3|B6T3Q3_MAIZE|MAIZE|trembl,,6,false,,,,,ok,
confidence,B8BMH5,A,uniprot_accession,species_confirmed_uniprot,high,85,B8BMH5,B8BMH5_ORYSI,ORYSI,trembl,,,,,false,,,matched,uniprot_accession_exact,1,1,species_confirmed_uniprot_match,species_confirmed,not_applicable,B8BMH5|B8BMH5_ORYSI|ORYSI|trembl,,6,false,,,,,ok,
confidence,BRADI1G75270,A,brachypodium_locus,sequence_confirmed,high,100,,,,,Bdis,Bradi1g75270.1.p,Bradi1g75270,528,true,Bdis,BRADI,matched,phytozome_gene_exact,1,1,sequence_confirmed_match,species_confirmed,known_locus_species,Bdis|Bradi1g75270.1.p|len=528,phy=1 uni_species=0 uni_global=0,6,false,,,,,ok,
confidence,Bradi3g48197,A,brachypodium_locus,sequence_confirmed,high,100,,,,,Bdis,Bradi3g48197.1.p,Bradi3g48197,348,true,Bdis,BRADI,matched,phytozome_gene_exact,1,1,sequence_confirmed_match,species_confirmed,known_locus_species,Bdis|Bradi3g48197.1.p|len=348,phy=1 uni_species=0 uni_global=0,6,false,,,,,ok,
confidence,BRADI3G53860,A,brachypodium_locus,sequence_confirmed,high,100,,,,,Bdis,Bradi3g53860.1.p,Bradi3g53860,539,true,Bdis,BRADI,matched,phytozome_gene_exact,1,1,sequence_confirmed_match,species_confirmed,known_locus_species,Bdis|Bradi3g53860.1.p|len=539,phy=1 uni_species=0 uni_global=0,6,false,,,,,ok,
confidence,BRADI4G37520,A,brachypodium_locus,sequence_confirmed,high,100,,,,,Bdis,Bradi4g37520.1.p,Bradi4g37520,392,true,Bdis,BRADI,matched,phytozome_gene_exact,1,1,sequence_confirmed_match,species_confirmed,known_locus_species,Bdis|Bradi4g37520.1.p|len=392,phy=1 uni_species=0 uni_global=0,6,false,,,,,ok,
confidence,C0P6F8,A,uniprot_accession,species_confirmed_uniprot,high,85,C0P6F8,C0P6F8_MAIZE,MAIZE,trembl,,,,,false,,,matched,uniprot_accession_exact,1,2,species_confirmed_uniprot_match,species_confirmed,not_applicable,C0P6F8|C0P6F8_MAIZE|MAIZE|trembl,,6,false,,,,,ok,
confidence,C0P9V2,A,uniprot_accession,species_confirmed_uniprot,high,85,C0P9V2,C0P9V2_MAIZE,MAIZE,trembl,,,,,false,,,matched,uniprot_accession_exact,1,3,species_confirmed_uniprot_match,species_confirmed,not_applicable,C0P9V2|C0P9V2_MAIZE|MAIZE|trembl,,6,false,,,,,ok,
confidence,C0PKS1,A,uniprot_accession,species_confirmed_uniprot,high,85,C0PKS1,C0PKS1_MAIZE,MAIZE,trembl,,,,,false,,,matched,uniprot_accession_exact,1,2,species_confirmed_uniprot_match,species_confirmed,not_applicable,C0PKS1|C0PKS1_MAIZE|MAIZE|trembl,,6,false,,,,,ok,
confidence,D1MN58,A,uniprot_accession,species_confirmed_uniprot,high,85,D1MN58,D1MN58_MAIZE,MAIZE,trembl,,,,,false,,,matched,uniprot_accession_exact,1,1,species_confirmed_uniprot_match,species_confirmed,not_applicable,D1MN58|D1MN58_MAIZE|MAIZE|trembl,,6,false,,,,,ok,
confidence,Glyma.02g286100,A,soybean_locus,sequence_confirmed,high,100,,,,,Gmax,Glyma.02G286100.1.p,Glyma.02G286100,1124,true,Gmax,SOYBN,matched,phytozome_gene_exact,1,1,sequence_confirmed_match,species_confirmed,known_locus_species,Gmax|Glyma.02G286100.1.p|len=1124,phy=1 uni_species=0 uni_global=0,6,false,,,,,ok,
confidence,Glyma.08g156800,A,soybean_locus,sequence_confirmed,high,100,,,,,Gmax,Glyma.08G156800.1.p,Glyma.08G156800,1904,true,Gmax,SOYBN,matched,phytozome_gene_exact,1,1,sequence_confirmed_match,species_confirmed,known_locus_species,Gmax|Glyma.08G156800.1.p|len=1904,phy=1 uni_species=0 uni_global=0,6,false,,,,,ok,
confidence,Glyma.08G175100,A,soybean_locus,sequence_confirmed,high,100,,,,,Gmax,Glyma.08G175100.1.p,Glyma.08G175100,207,true,Gmax,SOYBN,matched,phytozome_gene_exact,1,1,sequence_confirmed_match,species_confirmed,known_locus_species,Gmax|Glyma.08G175100.1.p|len=207,phy=1 uni_species=0 uni_global=0,6,false,,,,,ok,
confidence,Glyma.08g281600,A,soybean_locus,sequence_confirmed,high,100,,,,,Gmax,Glyma.08G281600.1.p,Glyma.08G281600,140,true,Gmax,SOYBN,matched,phytozome_gene_exact,1,1,sequence_confirmed_match,species_confirmed,known_locus_species,Gmax|Glyma.08G281600.1.p|len=140,phy=1 uni_species=0 uni_global=0,6,false,,,,,ok,
confidence,Glyma.11g063300,A,soybean_locus,sequence_confirmed,high,100,,,,,Gmax,Glyma.11G063300.1.p,Glyma.11G063300,391,true,Gmax,SOYBN,matched,phytozome_gene_exact,1,1,sequence_confirmed_match,species_confirmed,known_locus_species,Gmax|Glyma.11G063300.1.p|len=391,phy=1 uni_species=0 uni_global=0,6,false,,,,,ok,
confidence,Glyma.11g250200,A,soybean_locus,sequence_confirmed,high,100,,,,,Gmax,Glyma.11G250200.1.p,Glyma.11G250200,522,true,Gmax,SOYBN,matched,phytozome_gene_exact,1,1,sequence_confirmed_match,species_confirmed,known_locus_species,Gmax|Glyma.11G250200.1.p|len=522,phy=1 uni_species=0 uni_global=0,6,false,,,,,ok,
confidence,Glyma.13g346700,A,soybean_locus,sequence_confirmed,high,100,,,,,Gmax,Glyma.13G346700.1.p,Glyma.13G346700,274,true,Gmax,SOYBN,matched,phytozome_gene_exact,1,1,sequence_confirmed_match,species_confirmed,known_locus_species,Gmax|Glyma.13G346700.1.p|len=274,phy=1 uni_species=0 uni_global=0,6,false,,,,,ok,
confidence,Glyma.15G251700,A,soybean_locus,sequence_confirmed,high,100,,,,,Gmax,Glyma.15G251700.1.p,Glyma.15G251700,220,true,Gmax,SOYBN,matched,phytozome_gene_exact,1,1,sequence_confirmed_match,species_confirmed,known_locus_species,Gmax|Glyma.15G251700.1.p|len=220,phy=1 uni_species=0 uni_global=0,6,false,,,,,ok,
confidence,Glyma.19G011400,A,soybean_locus,sequence_confirmed,high,100,,,,,Gmax,Glyma.19G011400.1.p,Glyma.19G011400,197,true,Gmax,SOYBN,matched,phytozome_gene_exact,1,1,sequence_confirmed_match,species_confirmed,known_locus_species,Gmax|Glyma.19G011400.1.p|len=197,phy=1 uni_species=0 uni_global=0,6,false,,,,,ok,
confidence,GmLbc3,B,species_prefix_Gm,species_confirmed_uniprot,high,90,P02237,LGB1_SOYBN,SOYBN,sprot,,,,,false,Gmax,SOYBN,matched,species_prefixed_uniprot_symbol,2,1,species_confirmed_uniprot_match,species_confirmed,known_species_prefix,P02237|LGB1_SOYBN|SOYBN|sprot,prefix=Gm pcode=Gmax mnemonic=SOYBN species_count=1 global_count=1,6,false,,,,,ok,
confidence,GmMYB173,B,species_prefix_Gm,species_confirmed_uniprot,high,85,Q0PJI0,Q0PJI0_SOYBN,SOYBN,trembl,,,,,false,Gmax,SOYBN,matched,species_prefixed_uniprot_symbol,2,1,species_confirmed_uniprot_match,species_confirmed,known_species_prefix,Q0PJI0|Q0PJI0_SOYBN|SOYBN|trembl,prefix=Gm pcode=Gmax mnemonic=SOYBN species_count=1 global_count=1,6,false,,,,,ok,
confidence,GRMZM2G002652,A,maize_locus,sequence_confirmed,high,100,,,,,Zmay,GRMZM2G002652_P01,GRMZM2G002652,388,true,Zmay,MAIZE,matched,phytozome_gene_exact,1,1,sequence_confirmed_match,species_confirmed,known_locus_species,Zmay|GRMZM2G002652_P01|len=388,phy=1 uni_species=0 uni_global=0,6,false,,,,,ok,
confidence,GRMZM2G046824,A,maize_locus,sequence_confirmed,high,100,,,,,Zmay,GRMZM2G046824_P03,GRMZM2G046824,391,true,Zmay,MAIZE,matched,phytozome_gene_exact,1,1,sequence_confirmed_match,species_confirmed,known_locus_species,Zmay|GRMZM2G046824_P03|len=391,phy=1 uni_species=0 uni_global=0,6,false,,,,,ok,
confidence,GRMZM2G053177,A,maize_locus,sequence_confirmed,high,100,,,,,Zmay,GRMZM2G053177_P02,GRMZM2G053177,326,true,Zmay,MAIZE,matched,phytozome_gene_exact,1,1,sequence_confirmed_match,species_confirmed,known_locus_species,Zmay|GRMZM2G053177_P02|len=326,phy=1 uni_species=0 uni_global=0,6,false,,,,,ok,
confidence,GRMZM2G091456,A,maize_locus,sequence_confirmed,high,100,,,,,Zmay,GRMZM2G091456_P02,GRMZM2G091456,530,true,Zmay,MAIZE,matched,phytozome_gene_exact,1,1,sequence_confirmed_match,species_confirmed,known_locus_species,Zmay|GRMZM2G091456_P02|len=530,phy=1 uni_species=0 uni_global=0,6,false,,,,,ok,
confidence,GRMZM2G105787,A,maize_locus,sequence_confirmed,high,100,,,,,Zmay,GRMZM2G105787_P01,GRMZM2G105787,534,true,Zmay,MAIZE,matched,phytozome_gene_exact,1,1,sequence_confirmed_match,species_confirmed,known_locus_species,Zmay|GRMZM2G105787_P01|len=534,phy=1 uni_species=0 uni_global=0,6,false,,,,,ok,
confidence,GRMZM2G119703,A,maize_locus,sequence_confirmed,high,100,,,,,Zmay,GRMZM2G119703_P02,GRMZM2G119703,432,true,Zmay,MAIZE,matched,phytozome_gene_exact,1,1,sequence_confirmed_match,species_confirmed,known_locus_species,Zmay|GRMZM2G119703_P02|len=432,phy=1 uni_species=0 uni_global=0,6,false,,,,,ok,
confidence,GRMZM2G139874,A,maize_locus,sequence_confirmed,high,100,,,,,Zmay,GRMZM2G139874_P01,GRMZM2G139874,501,true,Zmay,MAIZE,matched,phytozome_gene_exact,1,1,sequence_confirmed_match,species_confirmed,known_locus_species,Zmay|GRMZM2G139874_P01|len=501,phy=1 uni_species=0 uni_global=0,6,false,,,,,ok,
confidence,GRMZM2G146677,A,maize_locus,sequence_confirmed,high,100,,,,,Zmay,GRMZM2G146677_P01,GRMZM2G146677,430,true,Zmay,MAIZE,matched,phytozome_gene_exact,1,1,sequence_confirmed_match,species_confirmed,known_locus_species,Zmay|GRMZM2G146677_P01|len=430,phy=1 uni_species=0 uni_global=0,6,false,,,,,ok,
confidence,GRMZM2G152258,A,maize_locus,sequence_confirmed,high,100,,,,,Zmay,GRMZM2G152258_P01,GRMZM2G152258,263,true,Zmay,MAIZE,matched,phytozome_gene_exact,1,1,sequence_confirmed_match,species_confirmed,known_locus_species,Zmay|GRMZM2G152258_P01|len=263,phy=1 uni_species=0 uni_global=0,6,false,,,,,ok,
confidence,GRMZM2G172883,A,maize_locus,sequence_confirmed,high,100,,,,,Zmay,GRMZM2G172883_P01,GRMZM2G172883,517,true,Zmay,MAIZE,matched,phytozome_gene_exact,1,1,sequence_confirmed_match,species_confirmed,known_locus_species,Zmay|GRMZM2G172883_P01|len=517,phy=1 uni_species=0 uni_global=0,6,false,,,,,ok,
confidence,K7TFB6,A,uniprot_accession,species_confirmed_uniprot,high,85,K7TFB6,K7TFB6_MAIZE,MAIZE,trembl,,,,,false,,,matched,uniprot_accession_exact,1,2,species_confirmed_uniprot_match,species_confirmed,not_applicable,K7TFB6|K7TFB6_MAIZE|MAIZE|trembl,,6,false,,,,,ok,
confidence,LOC_Os01g43550,A,rice_locus_msu,sequence_confirmed,high,100,,,,,Osat,LOC_Os01g43550.1,LOC_Os01g43550,350,true,Osat,ORYSJ,matched,phytozome_gene_exact,1,1,sequence_confirmed_match,species_confirmed,known_locus_species,Osat|LOC_Os01g43550.1|len=350,phy=1 uni_species=0 uni_global=0,6,false,,,,,ok,
confidence,LOC_Os01g51890,A,rice_locus_msu,sequence_confirmed,high,100,,,,,Osat,LOC_Os01g51890.1,LOC_Os01g51890,676,true,Osat,ORYSJ,matched,phytozome_gene_exact,1,1,sequence_confirmed_match,species_confirmed,known_locus_species,Osat|LOC_Os01g51890.1|len=676,phy=1 uni_species=0 uni_global=0,6,false,,,,,ok,
confidence,LOC_Os01g64000,A,rice_locus_msu,sequence_confirmed,high,100,Q8RZ35,ABI5_ORYSJ,ORYSJ,sprot,Osat,LOC_Os01g64000.1,LOC_Os01g64000,388,true,Osat,ORYSJ,matched,phytozome_gene_exact,1,1,sequence_confirmed_match,species_confirmed,known_locus_species,Osat|LOC_Os01g64000.1|len=388 | Q8RZ35|ABI5_ORYSJ|ORYSJ|sprot,phy=1 uni_species=1 uni_global=1,6,false,,,,,ok,
confidence,LOC_Os01g67220,A,rice_locus_msu,sequence_confirmed,high,100,Q5N863,BGL04_ORYSJ,ORYSJ,sprot,Osat,LOC_Os01g67220.2,LOC_Os01g67220,483,true,Osat,ORYSJ,matched,phytozome_gene_exact,1,1,sequence_confirmed_match,species_confirmed,known_locus_species,Osat|LOC_Os01g67220.2|len=483 | Q5N863|BGL04_ORYSJ|ORYSJ|sprot,phy=1 uni_species=1 uni_global=1,6,false,,,,,ok,
confidence,LOC_Os03g01600,A,rice_locus_msu,sequence_confirmed,high,100,Q8H7T7,Q8H7T7_ORYSJ,ORYSJ,trembl,Osat,LOC_Os03g01600.1,LOC_Os03g01600,405,true,Osat,ORYSJ,matched,phytozome_gene_exact,1,1,sequence_confirmed_match,species_confirmed,known_locus_species,Osat|LOC_Os03g01600.1|len=405 | Q8H7T7|Q8H7T7_ORYSJ|ORYSJ|trembl,phy=1 uni_species=1 uni_global=1,6,false,,,,,ok,
confidence,LOC_Os03g04770,A,rice_locus_msu,sequence_confirmed,high,100,Q10RZ1,BAMY2_ORYSJ,ORYSJ,sprot,Osat,LOC_Os03g04770.1,LOC_Os03g04770,557,true,Osat,ORYSJ,matched,phytozome_gene_exact,1,1,sequence_confirmed_match,species_confirmed,known_locus_species,Osat|LOC_Os03g04770.1|len=557 | Q10RZ1|BAMY2_ORYSJ|ORYSJ|sprot,phy=1 uni_species=1 uni_global=1,6,false,,,,,ok,
confidence,LOC_Os03g47860,A,rice_locus_msu,sequence_confirmed,high,100,Q7Y009,Q7Y009_ORYSJ,ORYSJ,trembl,Osat,LOC_Os03g47860.1,LOC_Os03g47860,462,true,Osat,ORYSJ,matched,phytozome_gene_exact,1,1,sequence_confirmed_match,species_confirmed,known_locus_species,Osat|LOC_Os03g47860.1|len=462 | Q7Y009|Q7Y009_ORYSJ|ORYSJ|trembl,phy=1 uni_species=1 uni_global=1,6,false,,,,,ok,
confidence,LOC_Os03g48170,A,rice_locus_msu,sequence_confirmed,high,100,Q10F03,FLO6_ORYSJ,ORYSJ,sprot,Osat,LOC_Os03g48170.1,LOC_Os03g48170,529,true,Osat,ORYSJ,matched,phytozome_gene_exact,1,1,sequence_confirmed_match,species_confirmed,known_locus_species,Osat|LOC_Os03g48170.1|len=529 | Q10F03|FLO6_ORYSJ|ORYSJ|sprot,phy=1 uni_species=1 uni_global=1,6,false,,,,,ok,
confidence,LOC_Os03g62180,A,rice_locus_msu,sequence_confirmed,high,100,Q851M7,Q851M7_ORYSJ,ORYSJ,trembl,Osat,LOC_Os03g62180.2,LOC_Os03g62180,858,true,Osat,ORYSJ,matched,phytozome_gene_exact,1,1,sequence_confirmed_match,species_confirmed,known_locus_species,Osat|LOC_Os03g62180.2|len=858 | Q851M7|Q851M7_ORYSJ|ORYSJ|trembl,phy=1 uni_species=1 uni_global=1,6,false,,,,,ok,
confidence,LOC_Os04g33740,A,rice_locus_msu,sequence_confirmed,high,100,Q0JDC5,INV2_ORYSJ,ORYSJ,sprot,Osat,LOC_Os04g33740.1,LOC_Os04g33740,597,true,Osat,ORYSJ,matched,phytozome_gene_exact,1,1,sequence_confirmed_match,species_confirmed,known_locus_species,Osat|LOC_Os04g33740.1|len=597 | Q0JDC5|INV2_ORYSJ|ORYSJ|sprot,phy=1 uni_species=1 uni_global=1,6,false,,,,,ok,
confidence,LOC_Os04g37619,A,rice_locus_msu,sequence_confirmed,high,100,Q0JCU7,ZEP_ORYSJ,ORYSJ,sprot,Osat,LOC_Os04g37619.1,LOC_Os04g37619,659,true,Osat,ORYSJ,matched,phytozome_gene_exact,1,1,sequence_confirmed_match,species_confirmed,known_locus_species,Osat|LOC_Os04g37619.1|len=659 | Q0JCU7|ZEP_ORYSJ|ORYSJ|sprot,phy=1 uni_species=1 uni_global=1,6,false,,,,,ok,
confidence,LOC_Os04g38400,A,rice_locus_msu,sequence_confirmed,high,100,,,,,Osat,LOC_Os04g38400.1,LOC_Os04g38400,445,true,Osat,ORYSJ,matched,phytozome_gene_exact,1,1,sequence_confirmed_match,species_confirmed,known_locus_species,Osat|LOC_Os04g38400.1|len=445,phy=1 uni_species=0 uni_global=0,6,false,,,,,ok,
confidence,LOC_Os04g52830,A,rice_locus_msu,sequence_confirmed,high,100,,,,,Osat,LOC_Os04g52830.1,LOC_Os04g52830,455,true,Osat,ORYSJ,matched,phytozome_gene_exact,1,1,sequence_confirmed_match,species_confirmed,known_locus_species,Osat|LOC_Os04g52830.1|len=455,phy=1 uni_species=0 uni_global=0,6,false,,,,,ok,
confidence,LOC_Os05g12040,A,rice_locus_msu,sequence_confirmed,high,100,,,,,Osat,LOC_Os05g12040.1,LOC_Os05g12040,500,true,Osat,ORYSJ,matched,phytozome_gene_exact,1,1,sequence_confirmed_match,species_confirmed,known_locus_species,Osat|LOC_Os05g12040.1|len=500,phy=1 uni_species=0 uni_global=0,6,false,,,,,ok,
confidence,LOC_Os05g22920,A,rice_locus_msu,sequence_confirmed,high,100,,,,,Osat,LOC_Os05g22920.1,LOC_Os05g22920,664,true,Osat,ORYSJ,matched,phytozome_gene_exact,1,1,sequence_confirmed_match,species_confirmed,known_locus_species,Osat|LOC_Os05g22920.1|len=664,phy=1 uni_species=0 uni_global=0,6,false,,,,,ok,
confidence,LOC_Os05g33130,A,rice_locus_msu,sequence_confirmed,high,100,Q7DNA1,CHI2_ORYSJ,ORYSJ,sprot,Osat,LOC_Os05g33130.1,LOC_Os05g33130,340,true,Osat,ORYSJ,matched,phytozome_gene_exact,1,1,sequence_confirmed_match,species_confirmed,known_locus_species,Osat|LOC_Os05g33130.1|len=340 | Q7DNA1|CHI2_ORYSJ|ORYSJ|sprot,phy=1 uni_species=1 uni_global=1,6,false,,,,,ok,
confidence,LOC_Os05g40270,A,rice_locus_msu,sequence_confirmed,high,100,,,,,Osat,LOC_Os05g40270.4,LOC_Os05g40270,952,true,Osat,ORYSJ,matched,phytozome_gene_exact,1,1,sequence_confirmed_match,species_confirmed,known_locus_species,Osat|LOC_Os05g40270.4|len=952,phy=1 uni_species=0 uni_global=0,6,false,,,,,ok,
confidence,LOC_Os05g43870,A,rice_locus_msu,sequence_confirmed,high,100,,,,,Osat,LOC_Os05g43870.1,LOC_Os05g43870,424,true,Osat,ORYSJ,matched,phytozome_gene_exact,1,1,sequence_confirmed_match,species_confirmed,known_locus_species,Osat|LOC_Os05g43870.1|len=424,phy=1 uni_species=0 uni_global=0,6,false,,,,,ok,
confidence,LOC_Os05g46020,A,rice_locus_msu,sequence_confirmed,high,100,,,,,Osat,LOC_Os05g46020.1,LOC_Os05g46020,221,true,Osat,ORYSJ,matched,phytozome_gene_exact,1,1,sequence_confirmed_match,species_confirmed,known_locus_species,Osat|LOC_Os05g46020.1|len=221,phy=1 uni_species=0 uni_global=0,6,false,,,,,ok,
confidence,LOC_Os06g03710,A,rice_locus_msu,sequence_confirmed,high,100,Q9LWU9,DLT_ORYSJ,ORYSJ,sprot,Osat,LOC_Os06g03710.1,LOC_Os06g03710,617,true,Osat,ORYSJ,matched,phytozome_gene_exact,1,1,sequence_confirmed_match,species_confirmed,known_locus_species,Osat|LOC_Os06g03710.1|len=617 | Q9LWU9|DLT_ORYSJ|ORYSJ|sprot,phy=1 uni_species=1 uni_global=1,6,false,,,,,ok,
confidence,LOC_Os06g36670,A,rice_locus_msu,sequence_confirmed,high,100,Q5Z8S0,PYL9_ORYSJ,ORYSJ,sprot,Osat,LOC_Os06g36670.1,LOC_Os06g36670,207,true,Osat,ORYSJ,matched,phytozome_gene_exact,1,1,sequence_confirmed_match,species_confirmed,known_locus_species,Osat|LOC_Os06g36670.1|len=207 | Q5Z8S0|PYL9_ORYSJ|ORYSJ|sprot,phy=1 uni_species=1 uni_global=1,6,false,,,,,ok,
confidence,LOC_Os06g38120,A,rice_locus_msu,sequence_confirmed,high,100,,,,,Osat,LOC_Os06g38120.1,LOC_Os06g38120,511,true,Osat,ORYSJ,matched,phytozome_gene_exact,1,1,sequence_confirmed_match,species_confirmed,known_locus_species,Osat|LOC_Os06g38120.1|len=511,phy=1 uni_species=0 uni_global=0,6,false,,,,,ok,
confidence,LOC_Os06g41720,A,rice_locus_msu,sequence_confirmed,high,100,,,,,Osat,LOC_Os06g41720.1,LOC_Os06g41720,161,true,Osat,ORYSJ,matched,phytozome_gene_exact,1,1,sequence_confirmed_match,species_confirmed,known_locus_species,Osat|LOC_Os06g41720.1|len=161,phy=1 uni_species=0 uni_global=0,6,false,,,,,ok,
confidence,LOC_Os06g48200,A,rice_locus_msu,sequence_confirmed,high,100,,,,,Osat,LOC_Os06g48200.1,LOC_Os06g48200,290,true,Osat,ORYSJ,matched,phytozome_gene_exact,1,1,sequence_confirmed_match,species_confirmed,known_locus_species,Osat|LOC_Os06g48200.1|len=290,phy=1 uni_species=0 uni_global=0,6,false,,,,,ok,
confidence,LOC_Os07g31010,A,rice_locus_msu,sequence_confirmed,high,100,,,,,Osat,LOC_Os07g31010.1,LOC_Os07g31010,229,true,Osat,ORYSJ,matched,phytozome_gene_exact,1,1,sequence_confirmed_match,species_confirmed,known_locus_species,Osat|LOC_Os07g31010.1|len=229,phy=1 uni_species=0 uni_global=0,6,false,,,,,ok,
confidence,LOC_Os07g34570,A,rice_locus_msu,sequence_confirmed,high,100,Q7XXS4,THI1_ORYSJ,ORYSJ,sprot,Osat,LOC_Os07g34570.1,LOC_Os07g34570,355,true,Osat,ORYSJ,matched,phytozome_gene_exact,1,1,sequence_confirmed_match,species_confirmed,known_locus_species,Osat|LOC_Os07g34570.1|len=355 | Q7XXS4|THI1_ORYSJ|ORYSJ|sprot,phy=1 uni_species=1 uni_global=1,6,false,,,,,ok,
confidence,LOC_Os08g36920,A,rice_locus_msu,sequence_confirmed,high,100,,,,,Osat,LOC_Os08g36920.1,LOC_Os08g36920,282,true,Osat,ORYSJ,matched,phytozome_gene_exact,1,1,sequence_confirmed_match,species_confirmed,known_locus_species,Osat|LOC_Os08g36920.1|len=282,phy=1 uni_species=0 uni_global=0,6,false,,,,,ok,
confidence,LOC_Os08g41030,A,rice_locus_msu,sequence_confirmed,high,100,,,,,Osat,LOC_Os08g41030.1,LOC_Os08g41030,189,true,Osat,ORYSJ,matched,phytozome_gene_exact,1,1,sequence_confirmed_match,species_confirmed,known_locus_species,Osat|LOC_Os08g41030.1|len=189,phy=1 uni_species=0 uni_global=0,6,false,,,,,ok,
confidence,LOC_Os08g41720,A,rice_locus_msu,sequence_confirmed,high,100,Q6ZIB5,PIN5C_ORYSJ,ORYSJ,sprot,Osat,LOC_Os08g41720.1,LOC_Os08g41720,357,true,Osat,ORYSJ,matched,phytozome_gene_exact,1,1,sequence_confirmed_match,species_confirmed,known_locus_species,Osat|LOC_Os08g41720.1|len=357 | Q6ZIB5|PIN5C_ORYSJ|ORYSJ|sprot,phy=1 uni_species=1 uni_global=1,6,false,,,,,ok,
confidence,LOC_Os09g15670,A,rice_locus_msu,sequence_confirmed,high,100,Q0J2L7,P2C68_ORYSJ,ORYSJ,sprot,Osat,LOC_Os09g15670.1,LOC_Os09g15670,358,true,Osat,ORYSJ,matched,phytozome_gene_exact,1,1,sequence_confirmed_match,species_confirmed,known_locus_species,Osat|LOC_Os09g15670.1|len=358 | Q0J2L7|P2C68_ORYSJ|ORYSJ|sprot,phy=1 uni_species=1 uni_global=1,6,false,,,,,ok,
confidence,LOC_Os09g20390,A,rice_locus_msu,sequence_confirmed,high,95,Q6H5L4,TPP7_ORYSJ,ORYSJ,sprot,Osat,LOC_Os09g20390.1,LOC_Os09g20390,375,true,Osat,ORYSJ,ambiguous,phytozome_gene_exact,1,2,sequence_confirmed_match,species_confirmed,known_locus_species,Osat|LOC_Os09g20390.1|len=375 | Q6H5L4|TPP7_ORYSJ|ORYSJ|sprot,phy=1 uni_species=1 uni_global=2,6,false,,,,,ok,
confidence,LOC_Os10g35500,A,rice_locus_msu,sequence_confirmed,high,100,Q7XD19,Q7XD19_ORYSJ,ORYSJ,trembl,Osat,LOC_Os10g35500.1,LOC_Os10g35500,305,true,Osat,ORYSJ,matched,phytozome_gene_exact,1,1,sequence_confirmed_match,species_confirmed,known_locus_species,Osat|LOC_Os10g35500.1|len=305 | Q7XD19|Q7XD19_ORYSJ|ORYSJ|trembl,phy=1 uni_species=1 uni_global=1,6,false,,,,,ok,
confidence,LOC_Os10g37660,A,rice_locus_msu,sequence_confirmed,high,95,Q9FWC1,TRE_ORYSJ,ORYSJ,sprot,Osat,LOC_Os10g37660.1,LOC_Os10g37660,563,true,Osat,ORYSJ,ambiguous,phytozome_gene_exact,1,2,sequence_confirmed_match,species_confirmed,known_locus_species,Osat|LOC_Os10g37660.1|len=563 | Q9FWC1|TRE_ORYSJ|ORYSJ|sprot,phy=1 uni_species=2 uni_global=2,6,false,,,,,ok,
confidence,LOC_Os10g38360,A,rice_locus_msu,sequence_confirmed,high,100,Q945W6,Q945W6_ORYSJ,ORYSJ,trembl,Osat,LOC_Os10g38360.1,LOC_Os10g38360,233,true,Osat,ORYSJ,matched,phytozome_gene_exact,1,1,sequence_confirmed_match,species_confirmed,known_locus_species,Osat|LOC_Os10g38360.1|len=233 | Q945W6|Q945W6_ORYSJ|ORYSJ|trembl,phy=1 uni_species=1 uni_global=1,6,false,,,,,ok,
confidence,LOC_Os10g38740,A,rice_locus_msu,sequence_confirmed,high,100,Q06398,GSTU6_ORYSJ,ORYSJ,sprot,Osat,LOC_Os10g38740.1,LOC_Os10g38740,236,true,Osat,ORYSJ,matched,phytozome_gene_exact,1,1,sequence_confirmed_match,species_confirmed,known_locus_species,Osat|LOC_Os10g38740.1|len=236 | Q06398|GSTU6_ORYSJ|ORYSJ|sprot,phy=1 uni_species=1 uni_global=1,6,false,,,,,ok,
confidence,LOC_Os10g41550,A,rice_locus_msu,sequence_confirmed,high,100,Q9AY35,Q9AY35_ORYSJ,ORYSJ,trembl,Osat,LOC_Os10g41550.1,LOC_Os10g41550,544,true,Osat,ORYSJ,matched,phytozome_gene_exact,1,1,sequence_confirmed_match,species_confirmed,known_locus_species,Osat|LOC_Os10g41550.1|len=544 | Q9AY35|Q9AY35_ORYSJ|ORYSJ|trembl,phy=1 uni_species=1 uni_global=1,6,false,,,,,ok,
confidence,LOC_Os11g14950,A,rice_locus_msu,sequence_confirmed,high,95,Q2R7U1,Q2R7U1_ORYSJ,ORYSJ,trembl,Osat,LOC_Os11g14950.1,LOC_Os11g14950,476,true,Osat,ORYSJ,ambiguous,phytozome_gene_exact,1,2,sequence_confirmed_match,species_confirmed,known_locus_species,Osat|LOC_Os11g14950.1|len=476 | Q2R7U1|Q2R7U1_ORYSJ|ORYSJ|trembl; Q53L28|Q53L28_ORYSJ|ORYSJ|trembl,phy=1 uni_species=2 uni_global=2,6,false,,,,,ok,
confidence,LOC_Os11g37050,A,rice_locus_msu,sequence_confirmed,high,100,Q2R245,Q2R245_ORYSJ,ORYSJ,trembl,Osat,LOC_Os11g37050.1,LOC_Os11g37050,1420,true,Osat,ORYSJ,matched,phytozome_gene_exact,1,1,sequence_confirmed_match,species_confirmed,known_locus_species,Osat|LOC_Os11g37050.1|len=1420 | Q2R245|Q2R245_ORYSJ|ORYSJ|trembl,phy=1 uni_species=1 uni_global=1,6,false,,,,,ok,
confidence,LOC_Os11g38580,A,rice_locus_msu,sequence_confirmed,high,100,Q2R1N9,Q2R1N9_ORYSJ,ORYSJ,trembl,Osat,LOC_Os11g38580.1,LOC_Os11g38580,1274,true,Osat,ORYSJ,matched,phytozome_gene_exact,1,1,sequence_confirmed_match,species_confirmed,known_locus_species,Osat|LOC_Os11g38580.1|len=1274 | Q2R1N9|Q2R1N9_ORYSJ|ORYSJ|trembl,phy=1 uni_species=1 uni_global=1,6,false,,,,,ok,
confidence,Medtr3g062450,A,medicago_locus,sequence_confirmed,high,100,,,,,Mtru,Medtr3g062450.1,Medtr3g062450,148,true,Mtru,MEDTR,matched,phytozome_gene_exact,1,1,sequence_confirmed_match,species_confirmed,known_locus_species,Mtru|Medtr3g062450.1|len=148,phy=1 uni_species=0 uni_global=0,6,false,,,,,ok,
confidence,O22958,A,uniprot_accession,species_confirmed_uniprot,high,85,O22958,O22958_ARATH,ARATH,trembl,,,,,false,,,matched,uniprot_accession_exact,1,3,species_confirmed_uniprot_match,species_confirmed,not_applicable,O22958|O22958_ARATH|ARATH|trembl,,6,false,,,,,ok,
confidence,Os01g0923750,A,rice_locus_rap,species_confirmed_uniprot,high,85,A0A0P0VC51,A0A0P0VC51_ORYSJ,ORYSJ,trembl,,,,,false,Osat,ORYSJ,matched,species_prefixed_uniprot_symbol,2,1,species_confirmed_uniprot_match,species_confirmed,known_locus_species,A0A0P0VC51|A0A0P0VC51_ORYSJ|ORYSJ|trembl,phy=0 uni_species=1 uni_global=1,6,false,,,,,ok,
confidence,Os01g0971800,A,rice_locus_rap,species_confirmed_uniprot,high,90,Q94DH3,PCL1_ORYSJ,ORYSJ,sprot,,,,,false,Osat,ORYSJ,matched,species_prefixed_uniprot_symbol,2,1,species_confirmed_uniprot_match,species_confirmed,known_locus_species,Q94DH3|PCL1_ORYSJ|ORYSJ|sprot,phy=0 uni_species=1 uni_global=1,6,false,,,,,ok,
confidence,Os02g0110101,A,rice_locus_rap,species_confirmed_uniprot,high,85,A0A0P0VDS7,A0A0P0VDS7_ORYSJ,ORYSJ,trembl,,,,,false,Osat,ORYSJ,matched,species_prefixed_uniprot_symbol,2,1,species_confirmed_uniprot_match,species_confirmed,known_locus_species,A0A0P0VDS7|A0A0P0VDS7_ORYSJ|ORYSJ|trembl,phy=0 uni_species=1 uni_global=1,6,false,,,,,ok,
confidence,Os02g0630475,A,rice_locus_rap,species_confirmed_uniprot,high,85,A0A0P0VMD0,A0A0P0VMD0_ORYSJ,ORYSJ,trembl,,,,,false,Osat,ORYSJ,matched,species_prefixed_uniprot_symbol,2,1,species_confirmed_uniprot_match,species_confirmed,known_locus_species,A0A0P0VMD0|A0A0P0VMD0_ORYSJ|ORYSJ|trembl,phy=0 uni_species=1 uni_global=1,6,false,,,,,ok,
confidence,Os02g0704000,A,rice_locus_rap,species_confirmed_uniprot,high,90,Q6YVJ0,NCED1_ORYSJ,ORYSJ,sprot,,,,,false,Osat,ORYSJ,matched,species_prefixed_uniprot_symbol,2,1,species_confirmed_uniprot_match,species_confirmed,known_locus_species,Q6YVJ0|NCED1_ORYSJ|ORYSJ|sprot,phy=0 uni_species=1 uni_global=1,6,false,,,,,ok,
confidence,Os03g0285800,A,rice_locus_rap,species_confirmed_uniprot,high,90,Q10N20,MPK5_ORYSJ,ORYSJ,sprot,,,,,false,Osat,ORYSJ,matched,species_prefixed_uniprot_symbol,2,1,species_confirmed_uniprot_match,species_confirmed,known_locus_species,Q10N20|MPK5_ORYSJ|ORYSJ|sprot,phy=0 uni_species=1 uni_global=1,6,false,,,,,ok,
confidence,Os03g0396100,A,rice_locus_rap,species_confirmed_uniprot,high,85,A0A0P0VZ76,A0A0P0VZ76_ORYSJ,ORYSJ,trembl,,,,,false,Osat,ORYSJ,matched,species_prefixed_uniprot_symbol,2,1,species_confirmed_uniprot_match,species_confirmed,known_locus_species,A0A0P0VZ76|A0A0P0VZ76_ORYSJ|ORYSJ|trembl,phy=0 uni_species=1 uni_global=1,6,false,,,,,ok,
confidence,Os04g0111225,A,rice_locus_rap,species_confirmed_uniprot,high,85,A0A0P0W625,A0A0P0W625_ORYSJ,ORYSJ,trembl,,,,,false,Osat,ORYSJ,matched,species_prefixed_uniprot_symbol,2,1,species_confirmed_uniprot_match,species_confirmed,known_locus_species,A0A0P0W625|A0A0P0W625_ORYSJ|ORYSJ|trembl,phy=0 uni_species=1 uni_global=1,6,false,,,,,ok,
confidence,Os05g0139100,A,rice_locus_rap,species_confirmed_uniprot,high,90,Q6AT90,APG_ORYSJ,ORYSJ,sprot,,,,,false,Osat,ORYSJ,matched,species_prefixed_uniprot_symbol,2,1,species_confirmed_uniprot_match,species_confirmed,known_locus_species,Q6AT90|APG_ORYSJ|ORYSJ|sprot,phy=0 uni_species=1 uni_global=1,6,false,,,,,ok,
confidence,Os05g0153500,A,rice_locus_rap,species_confirmed_uniprot,high,85,A0A0P0WI49,A0A0P0WI49_ORYSJ,ORYSJ,trembl,,,,,false,Osat,ORYSJ,matched,species_prefixed_uniprot_symbol,2,1,species_confirmed_uniprot_match,species_confirmed,known_locus_species,A0A0P0WI49|A0A0P0WI49_ORYSJ|ORYSJ|trembl,phy=0 uni_species=1 uni_global=1,6,false,,,,,ok,
confidence,Os10g0575100,A,rice_locus_rap,species_confirmed_uniprot,high,85,A0A0P0XY63,A0A0P0XY63_ORYSJ,ORYSJ,trembl,,,,,false,Osat,ORYSJ,matched,species_prefixed_uniprot_symbol,2,1,species_confirmed_uniprot_match,species_confirmed,known_locus_species,A0A0P0XY63|A0A0P0XY63_ORYSJ|ORYSJ|trembl,phy=0 uni_species=1 uni_global=1,6,false,,,,,ok,
confidence,Os12g0491800,A,rice_locus_rap,species_confirmed_uniprot,high,90,Q2QQJ5,KSL10_ORYSJ,ORYSJ,sprot,,,,,false,Osat,ORYSJ,matched,species_prefixed_uniprot_symbol,2,1,species_confirmed_uniprot_match,species_confirmed,known_locus_species,Q2QQJ5|KSL10_ORYSJ|ORYSJ|sprot,phy=0 uni_species=1 uni_global=1,6,false,,,,,ok,
confidence,Os12g0505800,A,rice_locus_rap,species_confirmed_uniprot,high,85,A0A0P0YAF6,A0A0P0YAF6_ORYSJ,ORYSJ,trembl,,,,,false,Osat,ORYSJ,matched,species_prefixed_uniprot_symbol,2,1,species_confirmed_uniprot_match,species_confirmed,known_locus_species,A0A0P0YAF6|A0A0P0YAF6_ORYSJ|ORYSJ|trembl,phy=0 uni_species=1 uni_global=1,6,false,,,,,ok,
confidence,OsAmy3E,B,species_prefix_Os,species_confirmed_uniprot,high,90,P27934,AMY3E_ORYSJ,ORYSJ,sprot,,,,,false,Osat,ORYSJ,matched,species_prefixed_uniprot_symbol,2,1,species_confirmed_uniprot_match,species_confirmed,known_species_prefix,P27934|AMY3E_ORYSJ|ORYSJ|sprot,prefix=Os pcode=Osat mnemonic=ORYSJ species_count=1 global_count=1,6,false,,,,,ok,
confidence,OsAREB8,B,species_prefix_Os,species_confirmed_uniprot,high,90,Q69TW5,BZP46_ORYSJ,ORYSJ,sprot,,,,,false,Osat,ORYSJ,matched,species_prefixed_uniprot_symbol,2,1,species_confirmed_uniprot_match,species_confirmed,known_species_prefix,Q69TW5|BZP46_ORYSJ|ORYSJ|sprot,prefix=Os pcode=Osat mnemonic=ORYSJ species_count=1 global_count=1,6,false,,,,,ok,
confidence,OsGSK2,B,species_prefix_Os,species_confirmed_uniprot,high,90,Q60EZ2,GSK2_ORYSJ,ORYSJ,sprot,,,,,false,Osat,ORYSJ,matched,species_prefixed_uniprot_symbol,2,1,species_confirmed_uniprot_match,species_confirmed,known_species_prefix,Q60EZ2|GSK2_ORYSJ|ORYSJ|sprot,prefix=Os pcode=Osat mnemonic=ORYSJ species_count=1 global_count=1,6,false,,,,,ok,
confidence,OsHTAS,B,species_prefix_Os,species_confirmed_uniprot,high,85,Q6K2E0,Q6K2E0_ORYSJ,ORYSJ,trembl,,,,,false,Osat,ORYSJ,matched,species_prefixed_uniprot_symbol,2,1,species_confirmed_uniprot_match,species_confirmed,known_species_prefix,Q6K2E0|Q6K2E0_ORYSJ|ORYSJ|trembl,prefix=Os pcode=Osat mnemonic=ORYSJ species_count=1 global_count=1,6,false,,,,,ok,
confidence,OsJAMYB,B,species_prefix_Os,species_confirmed_uniprot,high,90,Q2QZJ8,JAMYB_ORYSJ,ORYSJ,sprot,,,,,false,Osat,ORYSJ,matched,species_prefixed_uniprot_symbol,2,1,species_confirmed_uniprot_match,species_confirmed,known_species_prefix,Q2QZJ8|JAMYB_ORYSJ|ORYSJ|sprot,prefix=Os pcode=Osat mnemonic=ORYSJ species_count=1 global_count=1,6,false,,,,,ok,
confidence,OsKS4,B,species_prefix_Os,species_confirmed_uniprot,high,90,Q0JEZ8,KSL4_ORYSJ,ORYSJ,sprot,,,,,false,Osat,ORYSJ,matched,species_prefixed_uniprot_symbol,2,1,species_confirmed_uniprot_match,species_confirmed,known_species_prefix,Q0JEZ8|KSL4_ORYSJ|ORYSJ|sprot,prefix=Os pcode=Osat mnemonic=ORYSJ species_count=1 global_count=1,6,false,,,,,ok,
confidence,OsKSL10,B,species_prefix_Os,species_confirmed_uniprot,high,90,Q2QQJ5,KSL10_ORYSJ,ORYSJ,sprot,,,,,false,Osat,ORYSJ,matched,species_prefixed_uniprot_symbol,2,1,species_confirmed_uniprot_match,species_confirmed,known_species_prefix,Q2QQJ5|KSL10_ORYSJ|ORYSJ|sprot,prefix=Os pcode=Osat mnemonic=ORYSJ species_count=1 global_count=1,6,false,,,,,ok,
confidence,OsNAAT1,B,species_prefix_Os,species_confirmed_uniprot,high,90,A0A0P0VI36,NAAT1_ORYSJ,ORYSJ,sprot,,,,,false,Osat,ORYSJ,matched,species_prefixed_uniprot_symbol,2,1,species_confirmed_uniprot_match,species_confirmed,known_species_prefix,A0A0P0VI36|NAAT1_ORYSJ|ORYSJ|sprot,prefix=Os pcode=Osat mnemonic=ORYSJ species_count=1 global_count=1,6,false,,,,,ok,
confidence,OsNYC3,B,species_prefix_Os,species_confirmed_uniprot,high,85,Q69XR3,Q69XR3_ORYSJ,ORYSJ,trembl,,,,,false,Osat,ORYSJ,matched,species_prefixed_uniprot_symbol,2,1,species_confirmed_uniprot_match,species_confirmed,known_species_prefix,Q69XR3|Q69XR3_ORYSJ|ORYSJ|trembl,prefix=Os pcode=Osat mnemonic=ORYSJ species_count=1 global_count=1,6,false,,,,,ok,
confidence,OsPIL13,B,species_prefix_Os,species_confirmed_uniprot,high,90,Q10CH5,PIL13_ORYSJ,ORYSJ,sprot,,,,,false,Osat,ORYSJ,matched,species_prefixed_uniprot_symbol,2,1,species_confirmed_uniprot_match,species_confirmed,known_species_prefix,Q10CH5|PIL13_ORYSJ|ORYSJ|sprot,prefix=Os pcode=Osat mnemonic=ORYSJ species_count=1 global_count=1,6,false,,,,,ok,
confidence,OsPPDKB,B,species_prefix_Os,species_confirmed_uniprot,high,90,Q6AVA8,PPDK1_ORYSJ,ORYSJ,sprot,,,,,false,Osat,ORYSJ,matched,species_prefixed_uniprot_symbol,2,1,species_confirmed_uniprot_match,species_confirmed,known_species_prefix,Q6AVA8|PPDK1_ORYSJ|ORYSJ|sprot,prefix=Os pcode=Osat mnemonic=ORYSJ species_count=1 global_count=1,6,false,,,,,ok,
confidence,OsPrx114,B,species_prefix_Os,species_confirmed_uniprot,high,85,Q7XIX0,Q7XIX0_ORYSJ,ORYSJ,trembl,,,,,false,Osat,ORYSJ,matched,species_prefixed_uniprot_symbol,2,1,species_confirmed_uniprot_match,species_confirmed,known_species_prefix,Q7XIX0|Q7XIX0_ORYSJ|ORYSJ|trembl,prefix=Os pcode=Osat mnemonic=ORYSJ species_count=1 global_count=1,6,false,,,,,ok,
confidence,OsQHB,B,species_prefix_Os,species_confirmed_uniprot,high,90,Q8W0F1,WOX9_ORYSJ,ORYSJ,sprot,,,,,false,Osat,ORYSJ,matched,species_prefixed_uniprot_symbol,2,1,species_confirmed_uniprot_match,species_confirmed,known_species_prefix,Q8W0F1|WOX9_ORYSJ|ORYSJ|sprot,prefix=Os pcode=Osat mnemonic=ORYSJ species_count=1 global_count=1,6,false,,,,,ok,
confidence,OsRERJ1,B,species_prefix_Os,species_confirmed_uniprot,high,90,Q0JEB7,BH006_ORYSJ,ORYSJ,sprot,,,,,false,Osat,ORYSJ,matched,species_prefixed_uniprot_symbol,2,1,species_confirmed_uniprot_match,species_confirmed,known_species_prefix,Q0JEB7|BH006_ORYSJ|ORYSJ|sprot,prefix=Os pcode=Osat mnemonic=ORYSJ species_count=1 global_count=1,6,false,,,,,ok,
confidence,OsSRT701,B,species_prefix_Os,species_confirmed_uniprot,high,90,Q7XWV4,SRT1_ORYSJ,ORYSJ,sprot,,,,,false,Osat,ORYSJ,matched,species_prefixed_uniprot_symbol,2,1,species_confirmed_uniprot_match,species_confirmed,known_species_prefix,Q7XWV4|SRT1_ORYSJ|ORYSJ|sprot,prefix=Os pcode=Osat mnemonic=ORYSJ species_count=1 global_count=1,6,false,,,,,ok,
confidence,OsTIFY11d,B,species_prefix_Os,species_confirmed_uniprot,high,90,Q7XEZ1,TI11D_ORYSJ,ORYSJ,sprot,,,,,false,Osat,ORYSJ,matched,species_prefixed_uniprot_symbol,2,1,species_confirmed_uniprot_match,species_confirmed,known_species_prefix,Q7XEZ1|TI11D_ORYSJ|ORYSJ|sprot,prefix=Os pcode=Osat mnemonic=ORYSJ species_count=1 global_count=1,6,false,,,,,ok,
confidence,OsTPP7,B,species_prefix_Os,species_confirmed_uniprot,high,90,Q6H5L4,TPP7_ORYSJ,ORYSJ,sprot,,,,,false,Osat,ORYSJ,matched,species_prefixed_uniprot_symbol,2,1,species_confirmed_uniprot_match,species_confirmed,known_species_prefix,Q6H5L4|TPP7_ORYSJ|ORYSJ|sprot,prefix=Os pcode=Osat mnemonic=ORYSJ species_count=1 global_count=1,6,false,,,,,ok,
confidence,P12329,A,uniprot_accession,species_confirmed_uniprot,high,90,P12329,CB21_MAIZE,MAIZE,sprot,,,,,false,,,matched,uniprot_accession_exact,1,1,species_confirmed_uniprot_match,species_confirmed,not_applicable,P12329|CB21_MAIZE|MAIZE|sprot,,6,false,,,,,ok,
confidence,P18123,A,uniprot_accession,species_confirmed_uniprot,high,90,P18123,CATA3_MAIZE,MAIZE,sprot,,,,,false,,,matched,uniprot_accession_exact,1,1,species_confirmed_uniprot_match,species_confirmed,not_applicable,P18123|CATA3_MAIZE|MAIZE|sprot,,6,false,,,,,ok,
confidence,P46422,A,uniprot_accession,species_confirmed_uniprot,high,90,P46422,GSTF2_ARATH,ARATH,sprot,,,,,false,,,matched,uniprot_accession_exact,1,4,species_confirmed_uniprot_match,species_confirmed,not_applicable,P46422|GSTF2_ARATH|ARATH|sprot,,6,false,,,,,ok,
confidence,Q2R0I1,A,uniprot_accession,species_confirmed_uniprot,high,85,Q2R0I1,Q2R0I1_ORYSJ,ORYSJ,trembl,,,,,false,,,matched,uniprot_accession_exact,1,3,species_confirmed_uniprot_match,species_confirmed,not_applicable,Q2R0I1|Q2R0I1_ORYSJ|ORYSJ|trembl,,6,false,,,,,ok,
confidence,Q56TP1,A,uniprot_accession,species_confirmed_uniprot,high,85,Q56TP1,Q56TP1_WHEAT,WHEAT,trembl,,,,,false,,,matched,uniprot_accession_exact,1,1,species_confirmed_uniprot_match,species_confirmed,not_applicable,Q56TP1|Q56TP1_WHEAT|WHEAT|trembl,,6,false,,,,,ok,
confidence,Q6K832,A,uniprot_accession,species_confirmed_uniprot,high,85,Q6K832,Q6K832_ORYSJ,ORYSJ,trembl,,,,,false,,,matched,uniprot_accession_exact,1,2,species_confirmed_uniprot_match,species_confirmed,not_applicable,Q6K832|Q6K832_ORYSJ|ORYSJ|trembl,,6,false,,,,,ok,
confidence,Q9LPD0,A,uniprot_accession,species_confirmed_uniprot,high,85,Q9LPD0,Q9LPD0_ARATH,ARATH,trembl,,,,,false,,,matched,uniprot_accession_exact,1,1,species_confirmed_uniprot_match,species_confirmed,not_applicable,Q9LPD0|Q9LPD0_ARATH|ARATH|trembl,,6,false,,,,,ok,
confidence,Q9SXJ6,A,uniprot_accession,species_confirmed_uniprot,high,90,Q9SXJ6,CLPP3_ARATH,ARATH,sprot,,,,,false,,,matched,uniprot_accession_exact,1,7,species_confirmed_uniprot_match,species_confirmed,not_applicable,Q9SXJ6|CLPP3_ARATH|ARATH|sprot,,6,false,,,,,ok,
confidence,SlFZY3,B,species_prefix_Sl,species_confirmed_uniprot,high,85,D2IGV2,D2IGV2_SOLLC,SOLLC,trembl,,,,,false,Slyc,SOLLC,matched,species_prefixed_uniprot_symbol,2,1,species_confirmed_uniprot_match,species_confirmed,known_species_prefix,D2IGV2|D2IGV2_SOLLC|SOLLC|trembl,prefix=Sl pcode=Slyc mnemonic=SOLLC species_count=1 global_count=1,6,false,,,,,ok,
confidence,SlJA2,B,species_prefix_Sl,species_confirmed_uniprot,high,90,Q9SQL0,JA2_SOLLC,SOLLC,sprot,,,,,false,Slyc,SOLLC,matched,species_prefixed_uniprot_symbol,2,1,species_confirmed_uniprot_match,species_confirmed,known_species_prefix,Q9SQL0|JA2_SOLLC|SOLLC|sprot,prefix=Sl pcode=Slyc mnemonic=SOLLC species_count=1 global_count=1,6,false,,,,,ok,
confidence,SlMADS-RIN,B,species_prefix_Sl,species_confirmed_uniprot,high,85,Q8S4L4,Q8S4L4_SOLLC,SOLLC,trembl,,,,,false,Slyc,SOLLC,matched,species_prefixed_uniprot_symbol,2,1,species_confirmed_uniprot_match,species_confirmed,known_species_prefix,Q8S4L4|Q8S4L4_SOLLC|SOLLC|trembl,prefix=Sl pcode=Slyc mnemonic=SOLLC species_count=1 global_count=1,6,false,,,,,ok,
confidence,SlTAS14,B,species_prefix_Sl,species_confirmed_uniprot,high,90,P22240,TAS14_SOLLC,SOLLC,sprot,,,,,false,Slyc,SOLLC,matched,species_prefixed_uniprot_symbol,2,1,species_confirmed_uniprot_match,species_confirmed,known_species_prefix,P22240|TAS14_SOLLC|SOLLC|sprot,prefix=Sl pcode=Slyc mnemonic=SOLLC species_count=1 global_count=1,6,false,,,,,ok,
confidence,SlVIF,B,species_prefix_Sl,species_confirmed_uniprot,high,85,L7W0L7,L7W0L7_SOLLC,SOLLC,trembl,,,,,false,Slyc,SOLLC,matched,species_prefixed_uniprot_symbol,2,1,species_confirmed_uniprot_match,species_confirmed,known_species_prefix,L7W0L7|L7W0L7_SOLLC|SOLLC|trembl,prefix=Sl pcode=Slyc mnemonic=SOLLC species_count=1 global_count=1,6,false,,,,,ok,
confidence,Sobic.001G418800,A,sorghum_locus,sequence_confirmed,high,100,,,,,Sbic,Sobic.001G418800.1.p,Sobic.001G418800,414,true,Sbic,SORBI,matched,phytozome_gene_exact,1,1,sequence_confirmed_match,species_confirmed,known_locus_species,Sbic|Sobic.001G418800.1.p|len=414,phy=1 uni_species=0 uni_global=0,6,false,,,,,ok,
confidence,Sobic.008G111100,A,sorghum_locus,sequence_confirmed,high,100,,,,,Sbic,Sobic.008G111100.1.p,Sobic.008G111100,616,true,Sbic,SORBI,matched,phytozome_gene_exact,1,1,sequence_confirmed_match,species_confirmed,known_locus_species,Sbic|Sobic.008G111100.1.p|len=616,phy=1 uni_species=0 uni_global=0,6,false,,,,,ok,
confidence,Sobic.008G111300,A,sorghum_locus,sequence_confirmed,high,100,,,,,Sbic,Sobic.008G111300.2.p,Sobic.008G111300,491,true,Sbic,SORBI,matched,phytozome_gene_exact,1,1,sequence_confirmed_match,species_confirmed,known_locus_species,Sbic|Sobic.008G111300.2.p|len=491,phy=1 uni_species=0 uni_global=0,6,false,,,,,ok,
confidence,Sobic.008G111500,A,sorghum_locus,sequence_confirmed,high,100,,,,,Sbic,Sobic.008G111500.1.p,Sobic.008G111500,193,true,Sbic,SORBI,matched,phytozome_gene_exact,1,1,sequence_confirmed_match,species_confirmed,known_locus_species,Sbic|Sobic.008G111500.1.p|len=193,phy=1 uni_species=0 uni_global=0,6,false,,,,,ok,
confidence,Sobic.008G111600,A,sorghum_locus,sequence_confirmed,high,100,,,,,Sbic,Sobic.008G111600.1.p,Sobic.008G111600,807,true,Sbic,SORBI,matched,phytozome_gene_exact,1,1,sequence_confirmed_match,species_confirmed,known_locus_species,Sbic|Sobic.008G111600.1.p|len=807,phy=1 uni_species=0 uni_global=0,6,false,,,,,ok,
confidence,Solyc01g059880,A,tomato_locus,sequence_confirmed,high,100,,,,,Slyc,Solyc01g059880.3.1,Solyc01g059880,608,true,Slyc,SOLLC,matched,phytozome_gene_exact,1,1,sequence_confirmed_match,species_confirmed,known_locus_species,Slyc|Solyc01g059880.3.1|len=608,phy=1 uni_species=0 uni_global=0,6,false,,,,,ok,
confidence,Solyc01g111000,A,tomato_locus,sequence_confirmed,high,100,,,,,Slyc,Solyc01g111000.4.1,Solyc01g111000,78,true,Slyc,SOLLC,matched,phytozome_gene_exact,1,1,sequence_confirmed_match,species_confirmed,known_locus_species,Slyc|Solyc01g111000.4.1|len=78,phy=1 uni_species=0 uni_global=0,6,false,,,,,ok,
confidence,solyc01g111510,A,tomato_locus,sequence_confirmed,high,100,,,,,Slyc,Solyc01g111510.3.1,Solyc01g111510,287,true,Slyc,SOLLC,matched,phytozome_gene_exact,1,1,sequence_confirmed_match,species_confirmed,known_locus_species,Slyc|Solyc01g111510.3.1|len=287,phy=1 uni_species=0 uni_global=0,6,false,,,,,ok,
confidence,Solyc02g062390,A,tomato_locus,sequence_confirmed,high,100,,,,,Slyc,Solyc02g062390.3.1,Solyc02g062390,133,true,Slyc,SOLLC,matched,phytozome_gene_exact,1,1,sequence_confirmed_match,species_confirmed,known_locus_species,Slyc|Solyc02g062390.3.1|len=133,phy=1 uni_species=0 uni_global=0,6,false,,,,,ok,
confidence,Solyc02g068640.3,A,tomato_locus,sequence_confirmed,high,100,,,,,Slyc,Solyc02g068640.3.1,Solyc02g068640,276,true,Slyc,SOLLC,matched,phytozome_gene_exact,1,1,sequence_confirmed_match,species_confirmed,known_locus_species,Slyc|Solyc02g068640.3.1|len=276,phy=1 uni_species=0 uni_global=0,6,false,,,,,ok,
confidence,Solyc02g071590.3,A,tomato_locus,sequence_confirmed,high,100,,,,,Slyc,Solyc02g071590.3.1,Solyc02g071590,943,true,Slyc,SOLLC,matched,phytozome_gene_exact,1,1,sequence_confirmed_match,species_confirmed,known_locus_species,Slyc|Solyc02g071590.3.1|len=943,phy=1 uni_species=0 uni_global=0,6,false,,,,,ok,
confidence,Solyc02g072240.3,A,tomato_locus,sequence_confirmed,high,100,,,,,Slyc,Solyc02g072240.3.1,Solyc02g072240,973,true,Slyc,SOLLC,matched,phytozome_gene_exact,1,1,sequence_confirmed_match,species_confirmed,known_locus_species,Slyc|Solyc02g072240.3.1|len=973,phy=1 uni_species=0 uni_global=0,6,false,,,,,ok,
confidence,Solyc02g084640,A,tomato_locus,sequence_confirmed,high,100,,,,,Slyc,Solyc02g084640.4.1,Solyc02g084640,489,true,Slyc,SOLLC,matched,phytozome_gene_exact,1,1,sequence_confirmed_match,species_confirmed,known_locus_species,Slyc|Solyc02g084640.4.1|len=489,phy=1 uni_species=0 uni_global=0,6,false,,,,,ok,
confidence,Solyc02g086820,A,tomato_locus,sequence_confirmed,high,100,,,,,Slyc,Solyc02g086820.3.1,Solyc02g086820,321,true,Slyc,SOLLC,matched,phytozome_gene_exact,1,1,sequence_confirmed_match,species_confirmed,known_locus_species,Slyc|Solyc02g086820.3.1|len=321,phy=1 uni_species=0 uni_global=0,6,false,,,,,ok,
confidence,Solyc02g086970,A,tomato_locus,sequence_confirmed,high,100,,,,,Slyc,Solyc02g086970.4.1,Solyc02g086970,327,true,Slyc,SOLLC,matched,phytozome_gene_exact,1,1,sequence_confirmed_match,species_confirmed,known_locus_species,Slyc|Solyc02g086970.4.1|len=327,phy=1 uni_species=0 uni_global=0,6,false,,,,,ok,
confidence,Solyc02g089620.3,A,tomato_locus,sequence_confirmed,high,100,,,,,Slyc,Solyc02g089620.3.1,Solyc02g089620,496,true,Slyc,SOLLC,matched,phytozome_gene_exact,1,1,sequence_confirmed_match,species_confirmed,known_locus_species,Slyc|Solyc02g089620.3.1|len=496,phy=1 uni_species=0 uni_global=0,6,false,,,,,ok,
confidence,Solyc02g089630.3,A,tomato_locus,sequence_confirmed,high,100,,,,,Slyc,Solyc02g089630.3.1,Solyc02g089630,494,true,Slyc,SOLLC,matched,phytozome_gene_exact,1,1,sequence_confirmed_match,species_confirmed,known_locus_species,Slyc|Solyc02g089630.3.1|len=494,phy=1 uni_species=0 uni_global=0,6,false,,,,,ok,
confidence,Solyc02g092580,A,tomato_locus,sequence_confirmed,high,100,,,,,Slyc,Solyc02g092580.3.1,Solyc02g092580,332,true,Slyc,SOLLC,matched,phytozome_gene_exact,1,1,sequence_confirmed_match,species_confirmed,known_locus_species,Slyc|Solyc02g092580.3.1|len=332,phy=1 uni_species=0 uni_global=0,6,false,,,,,ok,
confidence,Solyc02g093680,A,tomato_locus,sequence_confirmed,high,100,,,,,Slyc,Solyc02g093680.3.1,Solyc02g093680,274,true,Slyc,SOLLC,matched,phytozome_gene_exact,1,1,sequence_confirmed_match,species_confirmed,known_locus_species,Slyc|Solyc02g093680.3.1|len=274,phy=1 uni_species=0 uni_global=0,6,false,,,,,ok,
confidence,Solyc03g083440.2,A,tomato_locus,sequence_confirmed,high,100,,,,,Slyc,Solyc03g083440.4.1,Solyc03g083440,2226,true,Slyc,SOLLC,matched,phytozome_gene_exact,1,1,sequence_confirmed_match,species_confirmed,known_locus_species,Slyc|Solyc03g083440.4.1|len=2226,phy=1 uni_species=0 uni_global=0,6,false,,,,,ok,
confidence,Solyc03g093080.3,A,tomato_locus,sequence_confirmed,high,100,,,,,Slyc,Solyc03g093080.3.1,Solyc03g093080,286,true,Slyc,SOLLC,matched,phytozome_gene_exact,1,1,sequence_confirmed_match,species_confirmed,known_locus_species,Slyc|Solyc03g093080.3.1|len=286,phy=1 uni_species=0 uni_global=0,6,false,,,,,ok,
confidence,Solyc03g093120.5,A,tomato_locus,sequence_confirmed,high,100,,,,,Slyc,Solyc03g093120.5.1.1,Solyc03g093120,214,true,Slyc,SOLLC,matched,phytozome_gene_exact,1,1,sequence_confirmed_match,species_confirmed,known_locus_species,Slyc|Solyc03g093120.5.1.1|len=214,phy=1 uni_species=0 uni_global=0,6,false,,,,,ok,
confidence,Solyc03g093130.3,A,tomato_locus,sequence_confirmed,high,100,,,,,Slyc,Solyc03g093130.3.1,Solyc03g093130,287,true,Slyc,SOLLC,matched,phytozome_gene_exact,1,1,sequence_confirmed_match,species_confirmed,known_locus_species,Slyc|Solyc03g093130.3.1|len=287,phy=1 uni_species=0 uni_global=0,6,false,,,,,ok,
confidence,Solyc03g093350,A,tomato_locus,sequence_confirmed,high,100,,,,,Slyc,Solyc03g093350.4.1,Solyc03g093350,723,true,Slyc,SOLLC,matched,phytozome_gene_exact,1,1,sequence_confirmed_match,species_confirmed,known_locus_species,Slyc|Solyc03g093350.4.1|len=723,phy=1 uni_species=0 uni_global=0,6,false,,,,,ok,
confidence,Solyc03g093550,A,tomato_locus,sequence_confirmed,high,100,,,,,Slyc,Solyc03g093550.1.1,Solyc03g093550,241,true,Slyc,SOLLC,matched,phytozome_gene_exact,1,1,sequence_confirmed_match,species_confirmed,known_locus_species,Slyc|Solyc03g093550.1.1|len=241,phy=1 uni_species=0 uni_global=0,6,false,,,,,ok,
confidence,Solyc03g120090,A,tomato_locus,sequence_confirmed,high,100,,,,,Slyc,Solyc03g120090.1.1,Solyc03g120090,305,true,Slyc,SOLLC,matched,phytozome_gene_exact,1,1,sequence_confirmed_match,species_confirmed,known_locus_species,Slyc|Solyc03g120090.1.1|len=305,phy=1 uni_species=0 uni_global=0,6,false,,,,,ok,
confidence,Solyc04g011440,A,tomato_locus,sequence_confirmed,high,100,,,,,Slyc,Solyc04g011440.4.1,Solyc04g011440,651,true,Slyc,SOLLC,matched,phytozome_gene_exact,1,1,sequence_confirmed_match,species_confirmed,known_locus_species,Slyc|Solyc04g011440.4.1|len=651,phy=1 uni_species=0 uni_global=0,6,false,,,,,ok,
confidence,Solyc04g014480,A,tomato_locus,sequence_confirmed,high,100,,,,,Slyc,Solyc04g014480.3.1,Solyc04g014480,145,true,Slyc,SOLLC,matched,phytozome_gene_exact,1,1,sequence_confirmed_match,species_confirmed,known_locus_species,Slyc|Solyc04g014480.3.1|len=145,phy=1 uni_species=0 uni_global=0,6,false,,,,,ok,
confidence,SOLYC04G015750.3,A,tomato_locus,sequence_confirmed,high,100,,,,,Slyc,Solyc04g015750.3.1,Solyc04g015750,1381,true,Slyc,SOLLC,matched,phytozome_gene_exact,1,1,sequence_confirmed_match,species_confirmed,known_locus_species,Slyc|Solyc04g015750.3.1|len=1381,phy=1 uni_species=0 uni_global=0,6,false,,,,,ok,
confidence,Solyc04g026030,A,tomato_locus,sequence_confirmed,high,100,,,,,Slyc,Solyc04g026030.3.1,Solyc04g026030,309,true,Slyc,SOLLC,matched,phytozome_gene_exact,1,1,sequence_confirmed_match,species_confirmed,known_locus_species,Slyc|Solyc04g026030.3.1|len=309,phy=1 uni_species=0 uni_global=0,6,false,,,,,ok,
confidence,Solyc04g058160,A,tomato_locus,sequence_confirmed,high,100,,,,,Slyc,Solyc04g058160.2.1,Solyc04g058160,158,true,Slyc,SOLLC,matched,phytozome_gene_exact,1,1,sequence_confirmed_match,species_confirmed,known_locus_species,Slyc|Solyc04g058160.2.1|len=158,phy=1 uni_species=0 uni_global=0,6,false,,,,,ok,
confidence,Solyc04g071960,A,tomato_locus,sequence_confirmed,high,100,,,,,Slyc,Solyc04g071960.3.1,Solyc04g071960,300,true,Slyc,SOLLC,matched,phytozome_gene_exact,1,1,sequence_confirmed_match,species_confirmed,known_locus_species,Slyc|Solyc04g071960.3.1|len=300,phy=1 uni_species=0 uni_global=0,6,false,,,,,ok,
confidence,Solyc04g082460.3,A,tomato_locus,sequence_confirmed,high,100,,,,,Slyc,Solyc04g082460.4.1,Solyc04g082460,492,true,Slyc,SOLLC,matched,phytozome_gene_exact,1,1,sequence_confirmed_match,species_confirmed,known_locus_species,Slyc|Solyc04g082460.4.1|len=492,phy=1 uni_species=0 uni_global=0,6,false,,,,,ok,
confidence,Solyc05g005160,A,tomato_locus,sequence_confirmed,high,100,,,,,Slyc,Solyc05g005160.3.1,Solyc05g005160,423,true,Slyc,SOLLC,matched,phytozome_gene_exact,1,1,sequence_confirmed_match,species_confirmed,known_locus_species,Slyc|Solyc05g005160.3.1|len=423,phy=1 uni_species=0 uni_global=0,6,false,,,,,ok,
confidence,Solyc05g005700,A,tomato_locus,sequence_confirmed,high,100,,,,,Slyc,Solyc05g005700.4.1,Solyc05g005700,421,true,Slyc,SOLLC,matched,phytozome_gene_exact,1,1,sequence_confirmed_match,species_confirmed,known_locus_species,Slyc|Solyc05g005700.4.1|len=421,phy=1 uni_species=0 uni_global=0,6,false,,,,,ok,
confidence,Solyc05g005710,A,tomato_locus,sequence_confirmed,high,100,,,,,Slyc,Solyc05g005710.4.1,Solyc05g005710,94,true,Slyc,SOLLC,matched,phytozome_gene_exact,1,1,sequence_confirmed_match,species_confirmed,known_locus_species,Slyc|Solyc05g005710.4.1|len=94,phy=1 uni_species=0 uni_global=0,6,false,,,,,ok,
confidence,Solyc05g006650,A,tomato_locus,sequence_confirmed,high,100,,,,,Slyc,Solyc05g006650.3.1,Solyc05g006650,272,true,Slyc,SOLLC,matched,phytozome_gene_exact,1,1,sequence_confirmed_match,species_confirmed,known_locus_species,Slyc|Solyc05g006650.3.1|len=272,phy=1 uni_species=0 uni_global=0,6,false,,,,,ok,
confidence,Solyc05g050120,A,tomato_locus,sequence_confirmed,high,100,,,,,Slyc,Solyc05g050120.3.1,Solyc05g050120,579,true,Slyc,SOLLC,matched,phytozome_gene_exact,1,1,sequence_confirmed_match,species_confirmed,known_locus_species,Slyc|Solyc05g050120.3.1|len=579,phy=1 uni_species=0 uni_global=0,6,false,,,,,ok,
confidence,Solyc05g050790,A,tomato_locus,sequence_confirmed,high,100,,,,,Slyc,Solyc05g050790.3.1,Solyc05g050790,189,true,Slyc,SOLLC,matched,phytozome_gene_exact,1,1,sequence_confirmed_match,species_confirmed,known_locus_species,Slyc|Solyc05g050790.3.1|len=189,phy=1 uni_species=0 uni_global=0,6,false,,,,,ok,
confidence,Solyc06g019170.3,A,tomato_locus,sequence_confirmed,high,100,,,,,Slyc,Solyc06g019170.3.1,Solyc06g019170,717,true,Slyc,SOLLC,matched,phytozome_gene_exact,1,1,sequence_confirmed_match,species_confirmed,known_locus_species,Slyc|Solyc06g019170.3.1|len=717,phy=1 uni_species=0 uni_global=0,6,false,,,,,ok,
confidence,Solyc06g024310.1,A,tomato_locus,sequence_confirmed,high,100,,,,,Slyc,Solyc06g024310.1.1,Solyc06g024310,83,true,Slyc,SOLLC,matched,phytozome_gene_exact,1,1,sequence_confirmed_match,species_confirmed,known_locus_species,Slyc|Solyc06g024310.1.1|len=83,phy=1 uni_species=0 uni_global=0,6,false,,,,,ok,
confidence,Solyc06g035960,A,tomato_locus,sequence_confirmed,high,100,,,,,Slyc,Solyc06g035960.3.1,Solyc06g035960,521,true,Slyc,SOLLC,matched,phytozome_gene_exact,1,1,sequence_confirmed_match,species_confirmed,known_locus_species,Slyc|Solyc06g035960.3.1|len=521,phy=1 uni_species=0 uni_global=0,6,false,,,,,ok,
confidence,Solyc06g048410,A,tomato_locus,sequence_confirmed,high,100,,,,,Slyc,Solyc06g048410.4.1,Solyc06g048410,249,true,Slyc,SOLLC,matched,phytozome_gene_exact,1,1,sequence_confirmed_match,species_confirmed,known_locus_species,Slyc|Solyc06g048410.4.1|len=249,phy=1 uni_species=0 uni_global=0,6,false,,,,,ok,
confidence,Solyc06g064900.2,A,tomato_locus,sequence_confirmed,high,100,,,,,Slyc,Solyc06g064900.3.1,Solyc06g064900,75,true,Slyc,SOLLC,matched,phytozome_gene_exact,1,1,sequence_confirmed_match,species_confirmed,known_locus_species,Slyc|Solyc06g064900.3.1|len=75,phy=1 uni_species=0 uni_global=0,6,false,,,,,ok,
confidence,Solyc06g066440,A,tomato_locus,sequence_confirmed,high,100,,,,,Slyc,Solyc06g066440.3.1,Solyc06g066440,496,true,Slyc,SOLLC,matched,phytozome_gene_exact,1,1,sequence_confirmed_match,species_confirmed,known_locus_species,Slyc|Solyc06g066440.3.1|len=496,phy=1 uni_species=0 uni_global=0,6,false,,,,,ok,
confidence,Solyc06g071920,A,tomato_locus,sequence_confirmed,high,100,,,,,Slyc,Solyc06g071920.5.1,Solyc06g071920,337,true,Slyc,SOLLC,matched,phytozome_gene_exact,1,1,sequence_confirmed_match,species_confirmed,known_locus_species,Slyc|Solyc06g071920.5.1|len=337,phy=1 uni_species=0 uni_global=0,6,false,,,,,ok,
confidence,Solyc07g006500.3,A,tomato_locus,sequence_confirmed,high,100,,,,,Slyc,Solyc07g006500.3.1,Solyc07g006500,876,true,Slyc,SOLLC,matched,phytozome_gene_exact,1,1,sequence_confirmed_match,species_confirmed,known_locus_species,Slyc|Solyc07g006500.3.1|len=876,phy=1 uni_species=0 uni_global=0,6,false,,,,,ok,
confidence,Solyc07g049280,A,tomato_locus,sequence_confirmed,high,100,,,,,Slyc,Solyc07g049280.3.1,Solyc07g049280,554,true,Slyc,SOLLC,matched,phytozome_gene_exact,1,1,sequence_confirmed_match,species_confirmed,known_locus_species,Slyc|Solyc07g049280.3.1|len=554,phy=1 uni_species=0 uni_global=0,6,false,,,,,ok,
confidence,Solyc07g056140,A,tomato_locus,sequence_confirmed,high,100,,,,,Slyc,Solyc07g056140.3.1,Solyc07g056140,521,true,Slyc,SOLLC,matched,phytozome_gene_exact,1,1,sequence_confirmed_match,species_confirmed,known_locus_species,Slyc|Solyc07g056140.3.1|len=521,phy=1 uni_species=0 uni_global=0,6,false,,,,,ok,
confidence,Solyc07g056570,A,tomato_locus,sequence_confirmed,high,100,,,,,Slyc,Solyc07g056570.1.1,Solyc07g056570,605,true,Slyc,SOLLC,matched,phytozome_gene_exact,1,1,sequence_confirmed_match,species_confirmed,known_locus_species,Slyc|Solyc07g056570.1.1|len=605,phy=1 uni_species=0 uni_global=0,6,false,,,,,ok,
confidence,Solyc08g006720,A,tomato_locus,sequence_confirmed,high,100,,,,,Slyc,Solyc08g006720.4.1,Solyc08g006720,172,true,Slyc,SOLLC,matched,phytozome_gene_exact,1,1,sequence_confirmed_match,species_confirmed,known_locus_species,Slyc|Solyc08g006720.4.1|len=172,phy=1 uni_species=0 uni_global=0,6,false,,,,,ok,
confidence,SOLYC08G065480.3,A,tomato_locus,sequence_confirmed,high,100,,,,,Slyc,Solyc08g065480.3.1,Solyc08g065480,489,true,Slyc,SOLLC,matched,phytozome_gene_exact,1,1,sequence_confirmed_match,species_confirmed,known_locus_species,Slyc|Solyc08g065480.3.1|len=489,phy=1 uni_species=0 uni_global=0,6,false,,,,,ok,
confidence,Solyc08g075550,A,tomato_locus,sequence_confirmed,high,100,,,,,Slyc,Solyc08g075550.4.1,Solyc08g075550,303,true,Slyc,SOLLC,matched,phytozome_gene_exact,1,1,sequence_confirmed_match,species_confirmed,known_locus_species,Slyc|Solyc08g075550.4.1|len=303,phy=1 uni_species=0 uni_global=0,6,false,,,,,ok,
confidence,Solyc09g007010.1,A,tomato_locus,sequence_confirmed,high,100,,,,,Slyc,Solyc09g007010.1.1,Solyc09g007010,159,true,Slyc,SOLLC,matched,phytozome_gene_exact,1,1,sequence_confirmed_match,species_confirmed,known_locus_species,Slyc|Solyc09g007010.1.1|len=159,phy=1 uni_species=0 uni_global=0,6,false,,,,,ok,
confidence,Solyc09g007270,A,tomato_locus,sequence_confirmed,high,100,,,,,Slyc,Solyc09g007270.3.1,Solyc09g007270,250,true,Slyc,SOLLC,matched,phytozome_gene_exact,1,1,sequence_confirmed_match,species_confirmed,known_locus_species,Slyc|Solyc09g007270.3.1|len=250,phy=1 uni_species=0 uni_global=0,6,false,,,,,ok,
confidence,Solyc09g007270.3,A,tomato_locus,sequence_confirmed,high,100,,,,,Slyc,Solyc09g007270.3.1,Solyc09g007270,250,true,Slyc,SOLLC,matched,phytozome_gene_exact,1,1,sequence_confirmed_match,species_confirmed,known_locus_species,Slyc|Solyc09g007270.3.1|len=250,phy=1 uni_species=0 uni_global=0,6,false,,,,,ok,
confidence,Solyc09g008280,A,tomato_locus,sequence_confirmed,high,100,,,,,Slyc,Solyc09g008280.2.1,Solyc09g008280,390,true,Slyc,SOLLC,matched,phytozome_gene_exact,1,1,sequence_confirmed_match,species_confirmed,known_locus_species,Slyc|Solyc09g008280.2.1|len=390,phy=1 uni_species=0 uni_global=0,6,false,,,,,ok,
confidence,Solyc09g008560,A,tomato_locus,sequence_confirmed,high,100,,,,,Slyc,Solyc09g008560.5.1,Solyc09g008560,378,true,Slyc,SOLLC,matched,phytozome_gene_exact,1,1,sequence_confirmed_match,species_confirmed,known_locus_species,Slyc|Solyc09g008560.5.1|len=378,phy=1 uni_species=0 uni_global=0,6,false,,,,,ok,
confidence,Solyc09g009260,A,tomato_locus,sequence_confirmed,high,100,,,,,Slyc,Solyc09g009260.3.1,Solyc09g009260,358,true,Slyc,SOLLC,matched,phytozome_gene_exact,1,1,sequence_confirmed_match,species_confirmed,known_locus_species,Slyc|Solyc09g009260.3.1|len=358,phy=1 uni_species=0 uni_global=0,6,false,,,,,ok,
confidence,Solyc09g011810,A,tomato_locus,sequence_confirmed,high,100,,,,,Slyc,Solyc09g011810.3.1,Solyc09g011810,403,true,Slyc,SOLLC,matched,phytozome_gene_exact,1,1,sequence_confirmed_match,species_confirmed,known_locus_species,Slyc|Solyc09g011810.3.1|len=403,phy=1 uni_species=0 uni_global=0,6,false,,,,,ok,
confidence,Solyc09g014280,A,tomato_locus,sequence_confirmed,high,100,,,,,Slyc,Solyc09g014280.1.1,Solyc09g014280,460,true,Slyc,SOLLC,matched,phytozome_gene_exact,1,1,sequence_confirmed_match,species_confirmed,known_locus_species,Slyc|Solyc09g014280.1.1|len=460,phy=1 uni_species=0 uni_global=0,6,false,,,,,ok,
confidence,Solyc09g074530,A,tomato_locus,sequence_confirmed,high,100,,,,,Slyc,Solyc09g074530.3.1,Solyc09g074530,286,true,Slyc,SOLLC,matched,phytozome_gene_exact,1,1,sequence_confirmed_match,species_confirmed,known_locus_species,Slyc|Solyc09g074530.3.1|len=286,phy=1 uni_species=0 uni_global=0,6,false,,,,,ok,
confidence,Solyc09g091840,A,tomato_locus,sequence_confirmed,high,100,,,,,Slyc,Solyc09g091840.4.1,Solyc09g091840,454,true,Slyc,SOLLC,matched,phytozome_gene_exact,1,1,sequence_confirmed_match,species_confirmed,known_locus_species,Slyc|Solyc09g091840.4.1|len=454,phy=1 uni_species=0 uni_global=0,6,false,,,,,ok,
confidence,Solyc10g007950,A,tomato_locus,sequence_confirmed,high,100,,,,,Slyc,Solyc10g007950.4.1,Solyc10g007950,857,true,Slyc,SOLLC,matched,phytozome_gene_exact,1,1,sequence_confirmed_match,species_confirmed,known_locus_species,Slyc|Solyc10g007950.4.1|len=857,phy=1 uni_species=0 uni_global=0,6,false,,,,,ok,
confidence,SOLYC10G008740.3,A,tomato_locus,sequence_confirmed,high,100,,,,,Slyc,Solyc10g008740.3.1,Solyc10g008740,427,true,Slyc,SOLLC,matched,phytozome_gene_exact,1,1,sequence_confirmed_match,species_confirmed,known_locus_species,Slyc|Solyc10g008740.3.1|len=427,phy=1 uni_species=0 uni_global=0,6,false,,,,,ok,
confidence,Solyc10g018340.1,A,tomato_locus,sequence_confirmed,high,100,,,,,Slyc,Solyc10g018340.1.1,Solyc10g018340,138,true,Slyc,SOLLC,matched,phytozome_gene_exact,1,1,sequence_confirmed_match,species_confirmed,known_locus_species,Slyc|Solyc10g018340.1.1|len=138,phy=1 uni_species=0 uni_global=0,6,false,,,,,ok,
confidence,Solyc10g052470.1.1,A,tomato_locus,sequence_confirmed,high,100,,,,,Slyc,Solyc10g052470.1.1,Solyc10g052470,88,true,Slyc,SOLLC,matched,phytozome_gene_exact,1,1,sequence_confirmed_match,species_confirmed,known_locus_species,Slyc|Solyc10g052470.1.1|len=88,phy=1 uni_species=0 uni_global=0,6,false,,,,,ok,
confidence,Solyc10g082030,A,tomato_locus,sequence_confirmed,high,100,,,,,Slyc,Solyc10g082030.2.1,Solyc10g082030,267,true,Slyc,SOLLC,matched,phytozome_gene_exact,1,1,sequence_confirmed_match,species_confirmed,known_locus_species,Slyc|Solyc10g082030.2.1|len=267,phy=1 uni_species=0 uni_global=0,6,false,,,,,ok,
confidence,Solyc10g083970,A,tomato_locus,sequence_confirmed,high,100,,,,,Slyc,Solyc10g083970.1.1,Solyc10g083970,390,true,Slyc,SOLLC,matched,phytozome_gene_exact,1,1,sequence_confirmed_match,species_confirmed,known_locus_species,Slyc|Solyc10g083970.1.1|len=390,phy=1 uni_species=0 uni_global=0,6,false,,,,,ok,
confidence,Solyc10g086530.1.1,A,tomato_locus,sequence_confirmed,high,100,,,,,Slyc,Solyc10g086530.1.1,Solyc10g086530,761,true,Slyc,SOLLC,matched,phytozome_gene_exact,1,1,sequence_confirmed_match,species_confirmed,known_locus_species,Slyc|Solyc10g086530.1.1|len=761,phy=1 uni_species=0 uni_global=0,6,false,,,,,ok,
confidence,Solyc12g009220.1,A,tomato_locus,sequence_confirmed,high,100,,,,,Slyc,Solyc12g009220.2.1,Solyc12g009220,252,true,Slyc,SOLLC,matched,phytozome_gene_exact,1,1,sequence_confirmed_match,species_confirmed,known_locus_species,Slyc|Solyc12g009220.2.1|len=252,phy=1 uni_species=0 uni_global=0,6,false,,,,,ok,
confidence,Solyc12g009240,A,tomato_locus,sequence_confirmed,high,100,,,,,Slyc,Solyc12g009240.1.1,Solyc12g009240,248,true,Slyc,SOLLC,matched,phytozome_gene_exact,1,1,sequence_confirmed_match,species_confirmed,known_locus_species,Slyc|Solyc12g009240.1.1|len=248,phy=1 uni_species=0 uni_global=0,6,false,,,,,ok,
confidence,SOLYC12G009470.2,A,tomato_locus,sequence_confirmed,high,100,,,,,Slyc,Solyc12g009470.2.1,Solyc12g009470,278,true,Slyc,SOLLC,matched,phytozome_gene_exact,1,1,sequence_confirmed_match,species_confirmed,known_locus_species,Slyc|Solyc12g009470.2.1|len=278,phy=1 uni_species=0 uni_global=0,6,false,,,,,ok,
confidence,Solyc12g042500,A,tomato_locus,sequence_confirmed,high,100,,,,,Slyc,Solyc12g042500.2.1,Solyc12g042500,89,true,Slyc,SOLLC,matched,phytozome_gene_exact,1,1,sequence_confirmed_match,species_confirmed,known_locus_species,Slyc|Solyc12g042500.2.1|len=89,phy=1 uni_species=0 uni_global=0,6,false,,,,,ok,
confidence,Solyc12g099260,A,tomato_locus,sequence_confirmed,high,100,,,,,Slyc,Solyc12g099260.2.1,Solyc12g099260,608,true,Slyc,SOLLC,matched,phytozome_gene_exact,1,1,sequence_confirmed_match,species_confirmed,known_locus_species,Slyc|Solyc12g099260.2.1|len=608,phy=1 uni_species=0 uni_global=0,6,false,,,,,ok,
confidence,TaEXPB23,B,species_prefix_Ta,species_confirmed_uniprot,high,85,Q14F61,Q14F61_WHEAT,WHEAT,trembl,,,,,false,,WHEAT,matched,species_prefixed_uniprot_symbol,2,1,species_confirmed_uniprot_match,species_confirmed,known_species_prefix,Q14F61|Q14F61_WHEAT|WHEAT|trembl,prefix=Ta pcode=None mnemonic=WHEAT species_count=1 global_count=1,6,false,,,,,ok,
confidence,TaFER-5B,B,species_prefix_Ta,species_confirmed_uniprot,high,85,A0A1D5YQ12,A0A1D5YQ12_WHEAT,WHEAT,trembl,,,,,false,,WHEAT,matched,species_prefixed_uniprot_symbol,2,1,species_confirmed_uniprot_match,species_confirmed,known_species_prefix,A0A1D5YQ12|A0A1D5YQ12_WHEAT|WHEAT|trembl,prefix=Ta pcode=None mnemonic=WHEAT species_count=1 global_count=1,6,false,,,,,ok,
confidence,TaHsfA2-1,B,species_prefix_Ta,species_confirmed_uniprot,high,85,A0A3B6KR94,A0A3B6KR94_WHEAT,WHEAT,trembl,,,,,false,,WHEAT,matched,species_prefixed_uniprot_symbol,2,1,species_confirmed_uniprot_match,species_confirmed,known_species_prefix,A0A3B6KR94|A0A3B6KR94_WHEAT|WHEAT|trembl,prefix=Ta pcode=None mnemonic=WHEAT species_count=1 global_count=1,6,false,,,,,ok,
confidence,TaHsfA2-10,B,species_prefix_Ta,species_confirmed_uniprot,high,85,A0A5J6CYS9,A0A5J6CYS9_WHEAT,WHEAT,trembl,,,,,false,,WHEAT,matched,species_prefixed_uniprot_symbol,2,1,species_confirmed_uniprot_match,species_confirmed,known_species_prefix,A0A5J6CYS9|A0A5J6CYS9_WHEAT|WHEAT|trembl,prefix=Ta pcode=None mnemonic=WHEAT species_count=1 global_count=1,6,false,,,,,ok,
confidence,TaHsfA2h,B,species_prefix_Ta,species_confirmed_uniprot,high,85,A0A024DAN5,A0A024DAN5_WHEAT,WHEAT,trembl,,,,,false,,WHEAT,matched,species_prefixed_uniprot_symbol,2,1,species_confirmed_uniprot_match,species_confirmed,known_species_prefix,A0A024DAN5|A0A024DAN5_WHEAT|WHEAT|trembl,prefix=Ta pcode=None mnemonic=WHEAT species_count=1 global_count=1,6,false,,,,,ok,
confidence,TaHSFA6f,B,species_prefix_Ta,species_confirmed_uniprot,high,85,A0A0A1E783,A0A0A1E783_WHEAT,WHEAT,trembl,,,,,false,,WHEAT,matched,species_prefixed_uniprot_symbol,2,1,species_confirmed_uniprot_match,species_confirmed,known_species_prefix,A0A0A1E783|A0A0A1E783_WHEAT|WHEAT|trembl,prefix=Ta pcode=None mnemonic=WHEAT species_count=1 global_count=1,6,false,,,,,ok,
confidence,TaNCED2b,B,species_prefix_Ta,species_confirmed_uniprot,high,85,A0A1B3B5A6,A0A1B3B5A6_WHEAT,WHEAT,trembl,,,,,false,,WHEAT,matched,species_prefixed_uniprot_symbol,2,1,species_confirmed_uniprot_match,species_confirmed,known_species_prefix,A0A1B3B5A6|A0A1B3B5A6_WHEAT|WHEAT|trembl,prefix=Ta pcode=None mnemonic=WHEAT species_count=1 global_count=1,6,false,,,,,ok,
confidence,TaSDIR1-4A,B,species_prefix_Ta,species_confirmed_uniprot,high,85,A0A5B9GB72,A0A5B9GB72_WHEAT,WHEAT,trembl,,,,,false,,WHEAT,matched,species_prefixed_uniprot_symbol,2,1,species_confirmed_uniprot_match,species_confirmed,known_species_prefix,A0A5B9GB72|A0A5B9GB72_WHEAT|WHEAT|trembl,prefix=Ta pcode=None mnemonic=WHEAT species_count=1 global_count=1,6,false,,,,,ok,
confidence,VviLBCY2,B,species_prefix_Vvi,species_confirmed_uniprot,high,85,I7FM98,I7FM98_VITVI,VITVI,trembl,,,,,false,Vvin,VITVI,matched,species_prefixed_uniprot_symbol,2,1,species_confirmed_uniprot_match,species_confirmed,known_species_prefix,I7FM98|I7FM98_VITVI|VITVI|trembl,prefix=Vvi pcode=Vvin mnemonic=VITVI species_count=1 global_count=1,6,false,,,,,ok,
confidence,VviMYBC2-L1,B,species_prefix_Vvi,species_confirmed_uniprot,high,85,A8VPW4,A8VPW4_VITVI,VITVI,trembl,,,,,false,Vvin,VITVI,matched,species_prefixed_uniprot_symbol,2,1,species_confirmed_uniprot_match,species_confirmed,known_species_prefix,A8VPW4|A8VPW4_VITVI|VITVI|trembl,prefix=Vvi pcode=Vvin mnemonic=VITVI species_count=1 global_count=1,6,false,,,,,ok,
confidence,ZmHSBP2,B,species_prefix_Zm,species_confirmed_uniprot,high,85,Q6ST18,Q6ST18_MAIZE,MAIZE,trembl,,,,,false,Zmay,MAIZE,matched,species_prefixed_uniprot_symbol,2,1,species_confirmed_uniprot_match,species_confirmed,known_species_prefix,Q6ST18|Q6ST18_MAIZE|MAIZE|trembl,prefix=Zm pcode=Zmay mnemonic=MAIZE species_count=1 global_count=1,6,false,,,,,ok,
confidence,ZmMs33,B,species_prefix_Zm,species_confirmed_uniprot,high,85,A0A1D6F8B0,A0A1D6F8B0_MAIZE,MAIZE,trembl,,,,,false,Zmay,MAIZE,matched,species_prefixed_uniprot_symbol,2,1,species_confirmed_uniprot_match,species_confirmed,known_species_prefix,A0A1D6F8B0|A0A1D6F8B0_MAIZE|MAIZE|trembl,prefix=Zm pcode=Zmay mnemonic=MAIZE species_count=1 global_count=1,6,false,,,,,ok,
confidence,ZmNAC128,B,species_prefix_Zm,species_confirmed_uniprot,high,85,A0A060D1R6,A0A060D1R6_MAIZE,MAIZE,trembl,,,,,false,Zmay,MAIZE,matched,species_prefixed_uniprot_symbol,2,1,species_confirmed_uniprot_match,species_confirmed,known_species_prefix,A0A060D1R6|A0A060D1R6_MAIZE|MAIZE|trembl,prefix=Zm pcode=Zmay mnemonic=MAIZE species_count=1 global_count=1,6,false,,,,,ok,
confidence,ZmPP2C7,B,species_prefix_Zm,species_confirmed_uniprot,high,85,B4FVU1,B4FVU1_MAIZE,MAIZE,trembl,,,,,false,Zmay,MAIZE,matched,species_prefixed_uniprot_symbol,2,1,species_confirmed_uniprot_match,species_confirmed,known_species_prefix,B4FVU1|B4FVU1_MAIZE|MAIZE|trembl,prefix=Zm pcode=Zmay mnemonic=MAIZE species_count=1 global_count=1,6,false,,,,,ok,
confidence,Bol005916,C,bare_gene_symbol,phase8_sequence_confirmed_match,high,95,,,,,Bole,Bol005916,Bol005916,229,true,,,unresolved,no_species_no_match,,1,phase8_sequence_confirmed_match,no_species_provided,no_species_provided,Bole|Bol005916|len=229,Phytozome gene-id cross-reference,8,true,crossref,phase8_sequence_confirmed_match,,Phytozome gene-id cross-reference,ok,
confidence,Bol007667,C,bare_gene_symbol,phase8_sequence_confirmed_match,high,95,,,,,Bole,Bol007667,Bol007667,462,true,,,unresolved,no_species_no_match,,1,phase8_sequence_confirmed_match,no_species_provided,no_species_provided,Bole|Bol007667|len=462,Phytozome gene-id cross-reference,8,true,crossref,phase8_sequence_confirmed_match,,Phytozome gene-id cross-reference,ok,
confidence,Bol009568,C,bare_gene_symbol,phase8_sequence_confirmed_match,high,95,,,,,Bole,Bol009568,Bol009568,822,true,,,unresolved,no_species_no_match,,1,phase8_sequence_confirmed_match,no_species_provided,no_species_provided,Bole|Bol009568|len=822,Phytozome gene-id cross-reference,8,true,crossref,phase8_sequence_confirmed_match,,Phytozome gene-id cross-reference,ok,
confidence,Bol009860,C,bare_gene_symbol,phase8_sequence_confirmed_match,high,95,,,,,Bole,Bol009860,Bol009860,259,true,,,unresolved,no_species_no_match,,1,phase8_sequence_confirmed_match,no_species_provided,no_species_provided,Bole|Bol009860|len=259,Phytozome gene-id cross-reference,8,true,crossref,phase8_sequence_confirmed_match,,Phytozome gene-id cross-reference,ok,
confidence,Bol016003,C,bare_gene_symbol,phase8_sequence_confirmed_match,high,95,,,,,Bole,Bol016003,Bol016003,177,true,,,unresolved,no_species_no_match,,1,phase8_sequence_confirmed_match,no_species_provided,no_species_provided,Bole|Bol016003|len=177,Phytozome gene-id cross-reference,8,true,crossref,phase8_sequence_confirmed_match,,Phytozome gene-id cross-reference,ok,
confidence,Bol027348,C,bare_gene_symbol,phase8_sequence_confirmed_match,high,95,,,,,Bole,Bol027348,Bol027348,266,true,,,unresolved,no_species_no_match,,1,phase8_sequence_confirmed_match,no_species_provided,no_species_provided,Bole|Bol027348|len=266,Phytozome gene-id cross-reference,8,true,crossref,phase8_sequence_confirmed_match,,Phytozome gene-id cross-reference,ok,
confidence,Bol036512,C,bare_gene_symbol,phase8_sequence_confirmed_match,high,95,,,,,Bole,Bol036512,Bol036512,280,true,,,unresolved,no_species_no_match,,1,phase8_sequence_confirmed_match,no_species_provided,no_species_provided,Bole|Bol036512|len=280,Phytozome gene-id cross-reference,8,true,crossref,phase8_sequence_confirmed_match,,Phytozome gene-id cross-reference,ok,
confidence,Bol039362,C,bare_gene_symbol,phase8_sequence_confirmed_match,high,95,,,,,Bole,Bol039362,Bol039362,101,true,,,unresolved,no_species_no_match,,1,phase8_sequence_confirmed_match,no_species_provided,no_species_provided,Bole|Bol039362|len=101,Phytozome gene-id cross-reference,8,true,crossref,phase8_sequence_confirmed_match,,Phytozome gene-id cross-reference,ok,
confidence,MDP0000440654,D,descriptive_name,phase8_sequence_confirmed_match,high,95,,,,,Mdom,MDP0000440654,MDP0000440654,347,true,,,unresolved,needs_description_matching,,1,phase8_sequence_confirmed_match,not_applicable,not_applicable,Mdom|MDP0000440654|len=347,Phytozome gene-id cross-reference,8,true,crossref,phase8_sequence_confirmed_match,,Phytozome gene-id cross-reference,ok,
confidence,Os01g0192300,A,rice_locus_rap,phase8_crossref_species_confirmed_match,high,85,A0A8J8Y229,A0A8J8Y229_ORYSJ,ORYSJ,trembl,,,,,false,Osat,ORYSJ,unresolved,excluded_by_filter,,3,phase8_crossref_species_confirmed_match,species_confirmed,known_locus_species,A0A8J8Y229|A0A8J8Y229_ORYSJ|ORYSJ|trembl,UniProt cross-reference id (refseq/ensembl/tair/gramene) (species-confirmed),8,true,crossref,phase8_crossref_species_confirmed_match,,UniProt cross-reference id (refseq/ensembl/tair/gramene) (species-confirmed),ok,
confidence,Os01g0382400,A,rice_locus_rap,phase8_crossref_species_confirmed_match,high,85,Q7F2N5,Q7F2N5_ORYSJ,ORYSJ,trembl,,,,,false,Osat,ORYSJ,unresolved,excluded_by_filter,,3,phase8_crossref_species_confirmed_match,species_confirmed,known_locus_species,Q7F2N5|Q7F2N5_ORYSJ|ORYSJ|trembl,UniProt cross-reference id (refseq/ensembl/tair/gramene) (species-confirmed),8,true,crossref,phase8_crossref_species_confirmed_match,,UniProt cross-reference id (refseq/ensembl/tair/gramene) (species-confirmed),ok,
confidence,Os02g0518000,A,rice_locus_rap,phase8_crossref_species_confirmed_match,high,85,Q0E0W1,Q0E0W1_ORYSJ,ORYSJ,trembl,,,,,false,Osat,ORYSJ,unresolved,excluded_by_filter,,3,phase8_crossref_species_confirmed_match,species_confirmed,known_locus_species,Q0E0W1|Q0E0W1_ORYSJ|ORYSJ|trembl,UniProt cross-reference id (refseq/ensembl/tair/gramene) (species-confirmed),8,true,crossref,phase8_crossref_species_confirmed_match,,UniProt cross-reference id (refseq/ensembl/tair/gramene) (species-confirmed),ok,
confidence,Os02g0611200,A,rice_locus_rap,phase8_crossref_species_confirmed_match,high,85,Q6K9B8,Q6K9B8_ORYSJ,ORYSJ,trembl,,,,,false,Osat,ORYSJ,unresolved,excluded_by_filter,,2,phase8_crossref_species_confirmed_match,species_confirmed,known_locus_species,Q6K9B8|Q6K9B8_ORYSJ|ORYSJ|trembl,UniProt cross-reference id (refseq/ensembl/tair/gramene) (species-confirmed),8,true,crossref,phase8_crossref_species_confirmed_match,,UniProt cross-reference id (refseq/ensembl/tair/gramene) (species-confirmed),ok,
confidence,Os02g0622500,A,rice_locus_rap,phase8_crossref_species_confirmed_match,high,85,B7EDS1,B7EDS1_ORYSJ,ORYSJ,trembl,,,,,false,Osat,ORYSJ,unresolved,excluded_by_filter,,2,phase8_crossref_species_confirmed_match,species_confirmed,known_locus_species,B7EDS1|B7EDS1_ORYSJ|ORYSJ|trembl,UniProt cross-reference id (refseq/ensembl/tair/gramene) (species-confirmed),8,true,crossref,phase8_crossref_species_confirmed_match,,UniProt cross-reference id (refseq/ensembl/tair/gramene) (species-confirmed),ok,
confidence,Os02g0643800,A,rice_locus_rap,phase8_crossref_species_confirmed_match,high,85,Q6H664,Q6H664_ORYSJ,ORYSJ,trembl,,,,,false,Osat,ORYSJ,unresolved,excluded_by_filter,,2,phase8_crossref_species_confirmed_match,species_confirmed,known_locus_species,Q6H664|Q6H664_ORYSJ|ORYSJ|trembl,UniProt cross-reference id (refseq/ensembl/tair/gramene) (species-confirmed),8,true,crossref,phase8_crossref_species_confirmed_match,,UniProt cross-reference id (refseq/ensembl/tair/gramene) (species-confirmed),ok,
confidence,Os02g0661100,A,rice_locus_rap,phase8_crossref_species_confirmed_match,high,85,Q75WV3,TPP1_ORYSJ,ORYSJ,sprot,,,,,false,Osat,ORYSJ,unresolved,excluded_by_filter,,6,phase8_crossref_species_confirmed_match,species_confirmed,known_locus_species,Q75WV3|TPP1_ORYSJ|ORYSJ|sprot,UniProt cross-reference id (refseq/ensembl/tair/gramene) (species-confirmed),8,true,crossref,phase8_crossref_species_confirmed_match,,UniProt cross-reference id (refseq/ensembl/tair/gramene) (species-confirmed),ok,
confidence,Os02g0685200,A,rice_locus_rap,phase8_crossref_species_confirmed_match,high,85,B9F1V2,B9F1V2_ORYSJ,ORYSJ,trembl,,,,,false,Osat,ORYSJ,unresolved,excluded_by_filter,,4,phase8_crossref_species_confirmed_match,species_confirmed,known_locus_species,B9F1V2|B9F1V2_ORYSJ|ORYSJ|trembl,UniProt cross-reference id (refseq/ensembl/tair/gramene) (species-confirmed),8,true,crossref,phase8_crossref_species_confirmed_match,,UniProt cross-reference id (refseq/ensembl/tair/gramene) (species-confirmed),ok,
confidence,Os03g0170900,A,rice_locus_rap,phase8_crossref_species_confirmed_match,high,85,A0A0P0VTN8,A0A0P0VTN8_ORYSJ,ORYSJ,trembl,,,,,false,Osat,ORYSJ,unresolved,excluded_by_filter,,2,phase8_crossref_species_confirmed_match,species_confirmed,known_locus_species,A0A0P0VTN8|A0A0P0VTN8_ORYSJ|ORYSJ|trembl,UniProt cross-reference id (refseq/ensembl/tair/gramene) (species-confirmed),8,true,crossref,phase8_crossref_species_confirmed_match,,UniProt cross-reference id (refseq/ensembl/tair/gramene) (species-confirmed),ok,
confidence,Os03g0297600,A,rice_locus_rap,phase8_crossref_species_confirmed_match,high,85,Q10MS2,Q10MS2_ORYSJ,ORYSJ,trembl,,,,,false,Osat,ORYSJ,unresolved,excluded_by_filter,,3,phase8_crossref_species_confirmed_match,species_confirmed,known_locus_species,Q10MS2|Q10MS2_ORYSJ|ORYSJ|trembl,UniProt cross-reference id (refseq/ensembl/tair/gramene) (species-confirmed),8,true,crossref,phase8_crossref_species_confirmed_match,,UniProt cross-reference id (refseq/ensembl/tair/gramene) (species-confirmed),ok,
confidence,Os03g0388500,A,rice_locus_rap,phase8_crossref_species_confirmed_match,high,85,Q0DRF9,Q0DRF9_ORYSJ,ORYSJ,trembl,,,,,false,Osat,ORYSJ,unresolved,excluded_by_filter,,2,phase8_crossref_species_confirmed_match,species_confirmed,known_locus_species,Q0DRF9|Q0DRF9_ORYSJ|ORYSJ|trembl,UniProt cross-reference id (refseq/ensembl/tair/gramene) (species-confirmed),8,true,crossref,phase8_crossref_species_confirmed_match,,UniProt cross-reference id (refseq/ensembl/tair/gramene) (species-confirmed),ok,
confidence,Os03g0738400,A,rice_locus_rap,phase8_crossref_species_confirmed_match,high,85,Q10D68,Q10D68_ORYSJ,ORYSJ,trembl,,,,,false,Osat,ORYSJ,unresolved,excluded_by_filter,,3,phase8_crossref_species_confirmed_match,species_confirmed,known_locus_species,Q10D68|Q10D68_ORYSJ|ORYSJ|trembl,UniProt cross-reference id (refseq/ensembl/tair/gramene) (species-confirmed),8,true,crossref,phase8_crossref_species_confirmed_match,,UniProt cross-reference id (refseq/ensembl/tair/gramene) (species-confirmed),ok,
confidence,Os03g0743900,A,rice_locus_rap,phase8_crossref_species_confirmed_match,high,85,A0A0N7KI12,A0A0N7KI12_ORYSJ,ORYSJ,trembl,,,,,false,Osat,ORYSJ,unresolved,excluded_by_filter,,2,phase8_crossref_species_confirmed_match,species_confirmed,known_locus_species,A0A0N7KI12|A0A0N7KI12_ORYSJ|ORYSJ|trembl,UniProt cross-reference id (refseq/ensembl/tair/gramene) (species-confirmed),8,true,crossref,phase8_crossref_species_confirmed_match,,UniProt cross-reference id (refseq/ensembl/tair/gramene) (species-confirmed),ok,
confidence,Os03g0850400,A,rice_locus_rap,phase8_crossref_species_confirmed_match,high,85,Q0DLR8,Q0DLR8_ORYSJ,ORYSJ,trembl,,,,,false,Osat,ORYSJ,unresolved,excluded_by_filter,,2,phase8_crossref_species_confirmed_match,species_confirmed,known_locus_species,Q0DLR8|Q0DLR8_ORYSJ|ORYSJ|trembl,UniProt cross-reference id (refseq/ensembl/tair/gramene) (species-confirmed),8,true,crossref,phase8_crossref_species_confirmed_match,,UniProt cross-reference id (refseq/ensembl/tair/gramene) (species-confirmed),ok,
confidence,Os04g0111200,A,rice_locus_rap,phase8_crossref_species_confirmed_match,high,85,Q0JFE2,Q0JFE2_ORYSJ,ORYSJ,trembl,,,,,false,Osat,ORYSJ,unresolved,excluded_by_filter,,2,phase8_crossref_species_confirmed_match,species_confirmed,known_locus_species,Q0JFE2|Q0JFE2_ORYSJ|ORYSJ|trembl,UniProt cross-reference id (refseq/ensembl/tair/gramene) (species-confirmed),8,true,crossref,phase8_crossref_species_confirmed_match,,UniProt cross-reference id (refseq/ensembl/tair/gramene) (species-confirmed),ok,
confidence,Os04g0532400,A,rice_locus_rap,phase8_crossref_species_confirmed_match,high,85,A0A0N7KJE9,A0A0N7KJE9_ORYSJ,ORYSJ,trembl,,,,,false,Osat,ORYSJ,unresolved,excluded_by_filter,,2,phase8_crossref_species_confirmed_match,species_confirmed,known_locus_species,A0A0N7KJE9|A0A0N7KJE9_ORYSJ|ORYSJ|trembl,UniProt cross-reference id (refseq/ensembl/tair/gramene) (species-confirmed),8,true,crossref,phase8_crossref_species_confirmed_match,,UniProt cross-reference id (refseq/ensembl/tair/gramene) (species-confirmed),ok,
confidence,Os05g0128900,A,rice_locus_rap,phase8_crossref_species_confirmed_match,high,85,A0A0P0WHK2,A0A0P0WHK2_ORYSJ,ORYSJ,trembl,,,,,false,Osat,ORYSJ,unresolved,excluded_by_filter,,2,phase8_crossref_species_confirmed_match,species_confirmed,known_locus_species,A0A0P0WHK2|A0A0P0WHK2_ORYSJ|ORYSJ|trembl,UniProt cross-reference id (refseq/ensembl/tair/gramene) (species-confirmed),8,true,crossref,phase8_crossref_species_confirmed_match,,UniProt cross-reference id (refseq/ensembl/tair/gramene) (species-confirmed),ok,
confidence,Os05g0155200,A,rice_locus_rap,phase8_crossref_species_confirmed_match,high,85,A0A0P0WIA6,A0A0P0WIA6_ORYSJ,ORYSJ,trembl,,,,,false,Osat,ORYSJ,unresolved,excluded_by_filter,,2,phase8_crossref_species_confirmed_match,species_confirmed,known_locus_species,A0A0P0WIA6|A0A0P0WIA6_ORYSJ|ORYSJ|trembl,UniProt cross-reference id (refseq/ensembl/tair/gramene) (species-confirmed),8,true,crossref,phase8_crossref_species_confirmed_match,,UniProt cross-reference id (refseq/ensembl/tair/gramene) (species-confirmed),ok,
confidence,Os05g0435700,A,rice_locus_rap,phase8_crossref_species_confirmed_match,high,85,Q6I5L0,Q6I5L0_ORYSJ,ORYSJ,trembl,,,,,false,Osat,ORYSJ,unresolved,excluded_by_filter,,2,phase8_crossref_species_confirmed_match,species_confirmed,known_locus_species,Q6I5L0|Q6I5L0_ORYSJ|ORYSJ|trembl,UniProt cross-reference id (refseq/ensembl/tair/gramene) (species-confirmed),8,true,crossref,phase8_crossref_species_confirmed_match,,UniProt cross-reference id (refseq/ensembl/tair/gramene) (species-confirmed),ok,
confidence,Os05g0579600,A,rice_locus_rap,phase8_crossref_species_confirmed_match,high,85,Q0DFN8,Q0DFN8_ORYSJ,ORYSJ,trembl,,,,,false,Osat,ORYSJ,unresolved,excluded_by_filter,,2,phase8_crossref_species_confirmed_match,species_confirmed,known_locus_species,Q0DFN8|Q0DFN8_ORYSJ|ORYSJ|trembl,UniProt cross-reference id (refseq/ensembl/tair/gramene) (species-confirmed),8,true,crossref,phase8_crossref_species_confirmed_match,,UniProt cross-reference id (refseq/ensembl/tair/gramene) (species-confirmed),ok,
confidence,Os06g0637500,A,rice_locus_rap,phase8_crossref_species_confirmed_match,high,85,Q0DAR1,Q0DAR1_ORYSJ,ORYSJ,trembl,,,,,false,Osat,ORYSJ,unresolved,excluded_by_filter,,2,phase8_crossref_species_confirmed_match,species_confirmed,known_locus_species,Q0DAR1|Q0DAR1_ORYSJ|ORYSJ|trembl,UniProt cross-reference id (refseq/ensembl/tair/gramene) (species-confirmed),8,true,crossref,phase8_crossref_species_confirmed_match,,UniProt cross-reference id (refseq/ensembl/tair/gramene) (species-confirmed),ok,
confidence,Os06g0669700,A,rice_locus_rap,phase8_crossref_species_confirmed_match,high,85,Q0DA85,Q0DA85_ORYSJ,ORYSJ,trembl,,,,,false,Osat,ORYSJ,unresolved,excluded_by_filter,,2,phase8_crossref_species_confirmed_match,species_confirmed,known_locus_species,Q0DA85|Q0DA85_ORYSJ|ORYSJ|trembl,UniProt cross-reference id (refseq/ensembl/tair/gramene) (species-confirmed),8,true,crossref,phase8_crossref_species_confirmed_match,,UniProt cross-reference id (refseq/ensembl/tair/gramene) (species-confirmed),ok,
confidence,Os06g0714300,A,rice_locus_rap,phase8_crossref_species_confirmed_match,high,85,Q5Z7T1,Q5Z7T1_ORYSJ,ORYSJ,trembl,,,,,false,Osat,ORYSJ,unresolved,excluded_by_filter,,2,phase8_crossref_species_confirmed_match,species_confirmed,known_locus_species,Q5Z7T1|Q5Z7T1_ORYSJ|ORYSJ|trembl,UniProt cross-reference id (refseq/ensembl/tair/gramene) (species-confirmed),8,true,crossref,phase8_crossref_species_confirmed_match,,UniProt cross-reference id (refseq/ensembl/tair/gramene) (species-confirmed),ok,
confidence,Os07g0510200,A,rice_locus_rap,phase8_crossref_species_confirmed_match,high,85,A0A0P0X6V9,A0A0P0X6V9_ORYSJ,ORYSJ,trembl,,,,,false,Osat,ORYSJ,unresolved,excluded_by_filter,,3,phase8_crossref_species_confirmed_match,species_confirmed,known_locus_species,A0A0P0X6V9|A0A0P0X6V9_ORYSJ|ORYSJ|trembl,UniProt cross-reference id (refseq/ensembl/tair/gramene) (species-confirmed),8,true,crossref,phase8_crossref_species_confirmed_match,,UniProt cross-reference id (refseq/ensembl/tair/gramene) (species-confirmed),ok,
confidence,Os07g0561500,A,rice_locus_rap,phase8_crossref_species_confirmed_match,high,85,A0A5S6RBN8,A0A5S6RBN8_ORYSJ,ORYSJ,trembl,,,,,false,Osat,ORYSJ,unresolved,excluded_by_filter,,3,phase8_crossref_species_confirmed_match,species_confirmed,known_locus_species,A0A5S6RBN8|A0A5S6RBN8_ORYSJ|ORYSJ|trembl,UniProt cross-reference id (refseq/ensembl/tair/gramene) (species-confirmed),8,true,crossref,phase8_crossref_species_confirmed_match,,UniProt cross-reference id (refseq/ensembl/tair/gramene) (species-confirmed),ok,
confidence,Os08g0118500,A,rice_locus_rap,phase8_crossref_species_confirmed_match,high,85,Q0J8D3,Q0J8D3_ORYSJ,ORYSJ,trembl,,,,,false,Osat,ORYSJ,unresolved,excluded_by_filter,,3,phase8_crossref_species_confirmed_match,species_confirmed,known_locus_species,Q0J8D3|Q0J8D3_ORYSJ|ORYSJ|trembl,UniProt cross-reference id (refseq/ensembl/tair/gramene) (species-confirmed),8,true,crossref,phase8_crossref_species_confirmed_match,,UniProt cross-reference id (refseq/ensembl/tair/gramene) (species-confirmed),ok,
confidence,Os08g0135900,A,rice_locus_rap,phase8_crossref_species_confirmed_match,high,85,A3BPF1,A3BPF1_ORYSJ,ORYSJ,trembl,,,,,false,Osat,ORYSJ,unresolved,excluded_by_filter,,4,phase8_crossref_species_confirmed_match,species_confirmed,known_locus_species,A3BPF1|A3BPF1_ORYSJ|ORYSJ|trembl,UniProt cross-reference id (refseq/ensembl/tair/gramene) (species-confirmed),8,true,crossref,phase8_crossref_species_confirmed_match,,UniProt cross-reference id (refseq/ensembl/tair/gramene) (species-confirmed),ok,
confidence,Os08g0224500,A,rice_locus_rap,phase8_crossref_species_confirmed_match,high,85,Q84QM8,Q84QM8_ORYSJ,ORYSJ,trembl,,,,,false,Osat,ORYSJ,unresolved,excluded_by_filter,,2,phase8_crossref_species_confirmed_match,species_confirmed,known_locus_species,Q84QM8|Q84QM8_ORYSJ|ORYSJ|trembl,UniProt cross-reference id (refseq/ensembl/tair/gramene) (species-confirmed),8,true,crossref,phase8_crossref_species_confirmed_match,,UniProt cross-reference id (refseq/ensembl/tair/gramene) (species-confirmed),ok,
confidence,Os08g0299400,A,rice_locus_rap,phase8_crossref_species_confirmed_match,high,85,Q6UTZ2,MGDG2_ORYSJ,ORYSJ,sprot,,,,,false,Osat,ORYSJ,unresolved,excluded_by_filter,,7,phase8_crossref_species_confirmed_match,species_confirmed,known_locus_species,Q6UTZ2|MGDG2_ORYSJ|ORYSJ|sprot,UniProt cross-reference id (refseq/ensembl/tair/gramene) (species-confirmed),8,true,crossref,phase8_crossref_species_confirmed_match,,UniProt cross-reference id (refseq/ensembl/tair/gramene) (species-confirmed),ok,
confidence,Os08g0445700,A,rice_locus_rap,phase8_crossref_species_confirmed_match,high,85,A3BTL8,A3BTL8_ORYSJ,ORYSJ,trembl,,,,,false,Osat,ORYSJ,unresolved,excluded_by_filter,,3,phase8_crossref_species_confirmed_match,species_confirmed,known_locus_species,A3BTL8|A3BTL8_ORYSJ|ORYSJ|trembl,UniProt cross-reference id (refseq/ensembl/tair/gramene) (species-confirmed),8,true,crossref,phase8_crossref_species_confirmed_match,,UniProt cross-reference id (refseq/ensembl/tair/gramene) (species-confirmed),ok,
confidence,Os08g0532700,A,rice_locus_rap,phase8_crossref_species_confirmed_match,high,85,Q0J459,Q0J459_ORYSJ,ORYSJ,trembl,,,,,false,Osat,ORYSJ,unresolved,excluded_by_filter,,2,phase8_crossref_species_confirmed_match,species_confirmed,known_locus_species,Q0J459|Q0J459_ORYSJ|ORYSJ|trembl,UniProt cross-reference id (refseq/ensembl/tair/gramene) (species-confirmed),8,true,crossref,phase8_crossref_species_confirmed_match,,UniProt cross-reference id (refseq/ensembl/tair/gramene) (species-confirmed),ok,
confidence,Os09g0106700,A,rice_locus_rap,phase8_crossref_species_confirmed_match,high,85,Q0J3I9,Q0J3I9_ORYSJ,ORYSJ,trembl,,,,,false,Osat,ORYSJ,unresolved,excluded_by_filter,,2,phase8_crossref_species_confirmed_match,species_confirmed,known_locus_species,Q0J3I9|Q0J3I9_ORYSJ|ORYSJ|trembl,UniProt cross-reference id (refseq/ensembl/tair/gramene) (species-confirmed),8,true,crossref,phase8_crossref_species_confirmed_match,,UniProt cross-reference id (refseq/ensembl/tair/gramene) (species-confirmed),ok,
confidence,Os09g0114500,A,rice_locus_rap,phase8_crossref_species_confirmed_match,high,85,Q6YUL8,KN4A_ORYSJ,ORYSJ,sprot,,,,,false,Osat,ORYSJ,unresolved,excluded_by_filter,,8,phase8_crossref_species_confirmed_match,species_confirmed,known_locus_species,Q6YUL8|KN4A_ORYSJ|ORYSJ|sprot,UniProt cross-reference id (refseq/ensembl/tair/gramene) (species-confirmed),8,true,crossref,phase8_crossref_species_confirmed_match,,UniProt cross-reference id (refseq/ensembl/tair/gramene) (species-confirmed),ok,
confidence,Os09g0294000,A,rice_locus_rap,phase8_crossref_species_confirmed_match,high,85,A0A0P0XLW2,A0A0P0XLW2_ORYSJ,ORYSJ,trembl,,,,,false,Osat,ORYSJ,unresolved,excluded_by_filter,,2,phase8_crossref_species_confirmed_match,species_confirmed,known_locus_species,A0A0P0XLW2|A0A0P0XLW2_ORYSJ|ORYSJ|trembl,UniProt cross-reference id (refseq/ensembl/tair/gramene) (species-confirmed),8,true,crossref,phase8_crossref_species_confirmed_match,,UniProt cross-reference id (refseq/ensembl/tair/gramene) (species-confirmed),ok,
confidence,Os09g0296400,A,rice_locus_rap,phase8_crossref_species_confirmed_match,high,85,A0A0P0XKW6,A0A0P0XKW6_ORYSJ,ORYSJ,trembl,,,,,false,Osat,ORYSJ,unresolved,excluded_by_filter,,2,phase8_crossref_species_confirmed_match,species_confirmed,known_locus_species,A0A0P0XKW6|A0A0P0XKW6_ORYSJ|ORYSJ|trembl,UniProt cross-reference id (refseq/ensembl/tair/gramene) (species-confirmed),8,true,crossref,phase8_crossref_species_confirmed_match,,UniProt cross-reference id (refseq/ensembl/tair/gramene) (species-confirmed),ok,
confidence,Os09g0434500,A,rice_locus_rap,phase8_crossref_species_confirmed_match,high,85,A3BZ54,A3BZ54_ORYSJ,ORYSJ,trembl,,,,,false,Osat,ORYSJ,unresolved,excluded_by_filter,,3,phase8_crossref_species_confirmed_match,species_confirmed,known_locus_species,A3BZ54|A3BZ54_ORYSJ|ORYSJ|trembl,UniProt cross-reference id (refseq/ensembl/tair/gramene) (species-confirmed),8,true,crossref,phase8_crossref_species_confirmed_match,,UniProt cross-reference id (refseq/ensembl/tair/gramene) (species-confirmed),ok,
confidence,Os12g0409000,A,rice_locus_rap,phase8_crossref_species_confirmed_match,high,85,Q2QT32,Q2QT32_ORYSJ,ORYSJ,trembl,,,,,false,Osat,ORYSJ,unresolved,excluded_by_filter,,3,phase8_crossref_species_confirmed_match,species_confirmed,known_locus_species,Q2QT32|Q2QT32_ORYSJ|ORYSJ|trembl,UniProt cross-reference id (refseq/ensembl/tair/gramene) (species-confirmed),8,true,crossref,phase8_crossref_species_confirmed_match,,UniProt cross-reference id (refseq/ensembl/tair/gramene) (species-confirmed),ok,
confidence,Prupe.4G058300,D,descriptive_name,phase8_sequence_confirmed_match,high,95,,,,,Pper,Prupe.4G058300.1.p,Prupe.4G058300,573,true,,,unresolved,needs_description_matching,,1,phase8_sequence_confirmed_match,not_applicable,not_applicable,Pper|Prupe.4G058300.1.p|len=573,Phytozome gene-id cross-reference,8,true,crossref,phase8_sequence_confirmed_match,,Phytozome gene-id cross-reference,ok,
confidence,Prupe.6G280800,D,descriptive_name,phase8_sequence_confirmed_match,high,95,,,,,Pper,Prupe.6G280800.1.p,Prupe.6G280800,605,true,,,unresolved,needs_description_matching,,1,phase8_sequence_confirmed_match,not_applicable,not_applicable,Pper|Prupe.6G280800.1.p|len=605,Phytozome gene-id cross-reference,8,true,crossref,phase8_sequence_confirmed_match,,Phytozome gene-id cross-reference,ok,
confidence,Prupe.8G018100,D,descriptive_name,phase8_sequence_confirmed_match,high,95,,,,,Pper,Prupe.8G018100.1.p,Prupe.8G018100,382,true,,,unresolved,needs_description_matching,,1,phase8_sequence_confirmed_match,not_applicable,not_applicable,Pper|Prupe.8G018100.1.p|len=382,Phytozome gene-id cross-reference,8,true,crossref,phase8_sequence_confirmed_match,,Phytozome gene-id cross-reference,ok,
