entity,bucket,sub_type,extracted_species_prefix,extracted_gene_symbol,notes
(+)-larreatricin hydroxylase 1,D,descriptive_name,,,
(-) -germacrene D synthase,D,descriptive_name,,,
(3R)-hydroxymyristoyl-[acyl carrier protein] dehydratase,D,descriptive_name,,,
(C/T)ACGTGTC,E,noise_sequence_motif,,,
(Ca2+)-dependent protein kinases,D,descriptive_name,,,
(Cu/Zn)SOD,D,descriptive_name,,,
(E)-beta-caryophyllene/alpha-humulene synthase gene,D,descriptive_name,,,
(iso)floridoside-6-phosphate synthases,D,descriptive_name,,,
(Mn)SOD,D,descriptive_name,,,
(NAD+)-dependent malate dehydrogenase,D,descriptive_name,,,
(NAD+)-dependent MDH,D,descriptive_name,,,
(NAD+)-dependent MDHs,D,descriptive_name,,,
(NADP+)-dependent malate dehydrogenase,D,descriptive_name,,,
(NADP+)-dependent malate dehydrogenase (oxaloacetate-decarboxylating),D,descriptive_name,,,
(NADP+)-dependent MDH,D,descriptive_name,,,
(NADP+)-dependent MDH (oxaloacetate-decarboxylating),D,descriptive_name,,,
"(R, R)-2,3-butanediol dehydrogenase",D,descriptive_name,,,
(S)-2-hydroxy-acid oxidase,D,descriptive_name,,,
05,E,noise_number,,,
06,E,noise_number,,,
08,E,noise_number,,,
"1,3-beta-glucanases",D,descriptive_name,,,
"1,3-β glucanases",D,descriptive_name,,,
"1,3-β-glucanases",D,descriptive_name,,,
"1,4-beta-D-xylan synthase",D,descriptive_name,,,
1-acyl-sn-glycerol-3-phosphate acyltransferase-like,D,descriptive_name,,,
1-amino cyclopropane 1-carboxylic acid oxidase,D,descriptive_name,,,
1-aminociclopropano-1-carboxilato deaminase,D,descriptive_name,,,
1-aminocyclopropane carboxylate oxidase,D,descriptive_name,,,
1-aminocyclopropane carboxylate oxidases,D,descriptive_name,,,
1-aminocyclopropane-1-carboxylate (ACC) deaminase,D,descriptive_name,,,
1-aminocyclopropane-1-carboxylate (ACC) synthase,D,descriptive_name,,,
1-aminocyclopropane-1-carboxylate deaminase,D,descriptive_name,,,
1-aminocyclopropane-1-carboxylate oxidase,D,descriptive_name,,,
1-aminocyclopropane-1-carboxylate oxidase 1,D,descriptive_name,,,
1-aminocyclopropane-1-carboxylate oxidase 3,D,descriptive_name,,,
1-aminocyclopropane-1-carboxylate oxidase homolog 1-like,D,descriptive_name,,,
1-aminocyclopropane-1-carboxylate oxidases,D,descriptive_name,,,
1-aminocyclopropane-1-carboxylate synthase,D,descriptive_name,,,
1-aminocyclopropane-1-carboxylate synthase gene,D,descriptive_name,,,
1-aminocyclopropane-1-carboxylate synthases,D,descriptive_name,,,
1-aminocyclopropane-1-carboxylic acid deaminase,D,descriptive_name,,,
1-aminocyclopropane-1-carboxylic acid oxidase,D,descriptive_name,,,
1-AMINOCYCLOPROPANE-1-CARBOXYLIC ACID OXIDASE2,D,descriptive_name,,,
1-cys peroxiredoxin A,D,descriptive_name,,,
1-deoxy-D-xylulose 5-phosphate reductoisomerase,D,descriptive_name,,,
1-Deoxy-D-Xylulose 5-Phosphate Synthase,D,descriptive_name,,,
1-deoxy-D-xylulose-5-phosphate reductoisomerase,D,descriptive_name,,,
1-deoxy-D-xylulose-5-phosphate synthase,D,descriptive_name,,,
1-deoxy-D-xylulose-5-phosphate synthase gene,D,descriptive_name,,,
1-O-acylglucose: anthocyanin acyltransferase,D,descriptive_name,,,
1-phosphatidylinositol-4-phosphate 5-kinase,D,descriptive_name,,,
1-pyrrolidone-5-carboxylate synthase,D,descriptive_name,,,
1-pyrroline-5-carboxylate dehydrogenase,D,descriptive_name,,,
1-pyrroline-5-carboxylate synthase,D,descriptive_name,,,
1-SST,D,descriptive_name,,,
1.1.1.195,D,descriptive_name,,,
1.14.14.91,D,descriptive_name,,,
1.14.20.6,D,descriptive_name,,,
1.2.1.44,D,descriptive_name,,,
1.3,D,descriptive_name,,,
1.4,D,descriptive_name,,,
1.5,D,descriptive_name,,,
1.7,D,descriptive_name,,,
10,E,noise_number,,,
10 common genes,D,descriptive_name,,,
10 kDa chaperonin,D,descriptive_name,,,
10 key genes,D,descriptive_name,,,
10-deacetylbaccatin III 10-O-acetyltransferase,D,descriptive_name,,,
10-geraniol hydroxylase,D,descriptive_name,,,
101,E,noise_number,,,
102 R2R3-MYB genes,D,descriptive_name,,,
106 R2R3-MYB genes,D,descriptive_name,,,
11,E,noise_number,,,
11-13,D,descriptive_name,,,
117 R2R3-MYB genes,D,descriptive_name,,,
11S globulins,D,descriptive_name,,,
12,E,noise_number,,,
12 bZIP members,D,descriptive_name,,,
12-OPDA reductase,D,descriptive_name,,,
12-oxo-phytodienoate reductase,D,descriptive_name,,,
12-oxo-phytodienoic acid reductase,D,descriptive_name,,,
12-oxo-phytodienoic acid reductase 3,D,descriptive_name,,,
12-oxophytodienoate reductase,D,descriptive_name,,,
12-oxophytodienoate reductase 1,D,descriptive_name,,,
12-oxophytodienoate reductase-like protein,D,descriptive_name,,,
12-oxophytodienoate reductases,D,descriptive_name,,,
12-oxophytodienoic acid reductase,D,descriptive_name,,,
12-oxophytodieonate reductase 3,D,descriptive_name,,,
12KD_FRAAN,D,descriptive_name,,,
12KD_FRAAN protein,D,descriptive_name,,,
12S globulins,D,descriptive_name,,,
12S/2S protein ratio,D,descriptive_name,,,
13,E,noise_number,,,
13 kDa gliadin,D,descriptive_name,,,
13 kDa prolamin,D,descriptive_name,,,
13 kDa subunit,D,descriptive_name,,,
13-AOS,D,descriptive_name,,,
13-LIPOXYGENASE,D,descriptive_name,,,
13-LOX,D,descriptive_name,,,
13S-lipoxygenase,D,descriptive_name,,,
13S-lipoxygenase 2,D,descriptive_name,,,
14,E,noise_number,,,
14 kDa proline-rich protein DC2.15,D,descriptive_name,,,
14-3-3,D,descriptive_name,,,
14-3-3 genes,D,descriptive_name,,,
14-3-3 protein,D,descriptive_name,,,
14-3-3 protein family,D,descriptive_name,,,
14-3-3 proteins,D,descriptive_name,,,
14-3-3-like protein A,D,descriptive_name,,,
14-3-3s,D,descriptive_name,,,
140 R2R3-MYB genes,D,descriptive_name,,,
15,E,noise_number,,,
15 genes,D,descriptive_name,,,
15-17,D,descriptive_name,,,
15-cis-phytoene desaturase,D,descriptive_name,,,
15-cis-phytoene synthase,D,descriptive_name,,,
15-cis-zeta-carotene isomerase,D,descriptive_name,,,
15-lipoxygenase,D,descriptive_name,,,
15-LOX,D,descriptive_name,,,
16,E,noise_number,,,
16-kDa γ-zein,D,descriptive_name,,,
16:1/18:1 desaturase,D,descriptive_name,,,
16S rRNA,D,descriptive_name,,,
16S rRNA gene,D,descriptive_name,,,
16S rRNA sequences,D,descriptive_name,,,
16SrRNA,D,descriptive_name,,,
17,E,noise_number,,,
17.7,D,descriptive_name,,,
18,E,noise_number,,,
18S,D,descriptive_name,,,
18S ribosomal gene,D,descriptive_name,,,
18S rRNA,D,descriptive_name,,,
18S rRNA gene,D,descriptive_name,,,
18S rRNA genes,D,descriptive_name,,,
18SrRNA-1,D,descriptive_name,,,
18SrRNA-3,D,descriptive_name,,,
19,E,noise_number,,,
19-21,D,descriptive_name,,,
1O2-responsive genes,D,descriptive_name,,,
2,E,noise_number,,,
"2,3-bisphosphoglycerate-independent phosphoglycerate mutase",D,descriptive_name,,,
"2,3-oxidosqualene cyclases",D,descriptive_name,,,
"2,4,6-trihydroxybenzophenone synthase",D,descriptive_name,,,
2-alkenal reductase,D,descriptive_name,,,
"2-C-methyl-d-erythritol 2,4-cyclodiphosphate synthase",D,descriptive_name,,,
2-C-methyl-D-erythritol 4-phosphate cytidylyltransferase,D,descriptive_name,,,
"2-C-methyl-D-erythritol-2,4-cyclodiphosphate synthase",D,descriptive_name,,,
2-CP,D,descriptive_name,,,
2-CP genes,D,descriptive_name,,,
2-CP1,D,descriptive_name,,,
2-CP1/2,D,descriptive_name,,,
2-CP2,D,descriptive_name,,,
2-CPs,D,descriptive_name,,,
2-cys peroxiredoxin,D,descriptive_name,,,
2-Cys peroxiredoxin A,D,descriptive_name,,,
2-Cys peroxiredoxin B,D,descriptive_name,,,
2-Cys peroxiredoxin BAS1,D,descriptive_name,,,
2-Cys peroxiredoxins,D,descriptive_name,,,
2-Cys peroxiredoxins A,D,descriptive_name,,,
2-Cys peroxiredoxins B,D,descriptive_name,,,
2-Cys PRX,D,descriptive_name,,,
2-hydroxyisoflavanone dehydratase,D,descriptive_name,,,
2-isopropylmalate synthase,D,descriptive_name,,,
2-oxidases,D,descriptive_name,,,
2-oxoglutarate (2OG) and Fe (II)-dependent oxygenase gene,D,descriptive_name,,,
2-oxoglutarate and Fe (II)-dependent oxygenase superfamily proteins,D,descriptive_name,,,
2-oxoglutarate dehydrogenase,D,descriptive_name,,,
2-oxoglutarate iron-dependent oxygenase superfamily,D,descriptive_name,,,
2-oxoglutarate sensing,D,descriptive_name,,,
2-oxoglutarate-dependent dioxygenase,D,descriptive_name,,,
2-oxoglutarate-dependent dioxygenase AOP1,D,descriptive_name,,,
2-oxoglutarate-dependent dioxygenases,D,descriptive_name,,,
2-oxoglutarate-dependent oxygenase superfamily protein,D,descriptive_name,,,
2-oxoglutarate-dependent oxygenases,D,descriptive_name,,,
2-oxoglutarate-iron(II) dependent oxygenase (spot 42),D,descriptive_name,,,
2-Oxoglutarate/Fe (II)-dependent dioxygenase,D,descriptive_name,,,
2-oxoglutarate/Fe(II)-dependent dioxygenase-like,D,descriptive_name,,,
2-oxoglutarate/Fe(II)-dependent oxygenases,D,descriptive_name,,,
2-oxoisovalerate dehydrogenase (subunit alpha and beta 1),D,descriptive_name,,,
2-oxoisovalerate dehydrogenase subunit alpha 1,D,descriptive_name,,,
2-oxoisovalerate dehydrogenase subunits,D,descriptive_name,,,
2-phospho-D-glycerate hydro-lyase,D,descriptive_name,,,
2-phospho-D-glycerate hydrolyase,D,descriptive_name,,,
2-phosphoglycerate kinase,D,descriptive_name,,,
2-tryptophan decarboxylase,D,descriptive_name,,,
2.1.1.104,D,descriptive_name,,,
2.3.3.1,D,descriptive_name,,,
2.4-kb promoter sequence,D,descriptive_name,,,
2.4.1.13,D,descriptive_name,,,
2.4.1.67,D,descriptive_name,,,
2.4.1.82,D,descriptive_name,,,
2.6.1.1,D,descriptive_name,,,
2.7.7.9,D,descriptive_name,,,
20,E,noise_number,,,
20 kDa chaperonin,D,descriptive_name,,,
20 SbNF-Y genes,D,descriptive_name,,,
20-kDa,D,descriptive_name,,,
2000-bp upstream promoter regions,D,descriptive_name,,,
206 bp PDS fragment,D,descriptive_name,,,
20S proteasome,D,descriptive_name,,,
20S proteasome subunits,D,descriptive_name,,,
21,E,noise_number,,,
22,E,noise_number,,,
22 CeHSF genes,D,descriptive_name,,,
22.7 kDa class IV heat shock protein,D,descriptive_name,,,
228,E,noise_number,,,
23SrRNA,D,descriptive_name,,,
24,E,noise_number,,,
25,E,noise_number,,,
25 of the 26 identified genes,D,descriptive_name,,,
26,E,noise_number,,,
26S proteasome,D,descriptive_name,,,
26S proteasome regulatory subunits,D,descriptive_name,,,
28,E,noise_number,,,
28 genes,D,descriptive_name,,,
29,E,noise_number,,,
2;4,D,descriptive_name,,,
2;5,D,descriptive_name,,,
2a,E,noise_too_short,,,
2b,E,noise_too_short,,,
2c,E,noise_too_short,,,
"2C-methyl-D-erythritol 2,4-cyclodiphosphate synthase",D,descriptive_name,,,
2CP,D,descriptive_name,,,
2CPA,D,descriptive_name,,,
2CPAGS,D,descriptive_name,,,
2CPB,D,descriptive_name,,,
2CPBGS,D,descriptive_name,,,
2CPBsGS,D,descriptive_name,,,
2CPGS,D,descriptive_name,,,
2CPs,D,descriptive_name,,,
2CPsGS,D,descriptive_name,,,
2F4 monoclonal antibody,D,descriptive_name,,,
2HG0158690,D,descriptive_name,,,
2ODD,D,descriptive_name,,,
2ODDs,D,descriptive_name,,,
2OG-Fe oxygenase,D,descriptive_name,,,
2OG-Fe(II) oxygenase,D,descriptive_name,,,
2OG-Fe(II) oxygenase family proteins,D,descriptive_name,,,
2OG-FeII_Oxy,D,descriptive_name,,,
2S albumins,D,descriptive_name,,,
3,E,noise_number,,,
3'-phosphoadenosine-5'-phosphosulfate reductase,D,descriptive_name,,,
"3,4-dihydroxy-2-butanone 4-phosphate synthase",D,descriptive_name,,,
"3,8-divinyl chlorophyllide a 8-vinyl reductase",D,descriptive_name,,,
"3,9-dihydroxypterocarpan 6a-monooxygenase",D,descriptive_name,,,
3-2,D,descriptive_name,,,
3-beta hydroxysteroid dehydrogenase/isomerase family protein,D,descriptive_name,,,
3-deoxy-D-arabinheptanoic acid-7-phosphate synthase,D,descriptive_name,,,
3-deoxy-D-arabino-heptulosonate,D,descriptive_name,,,
3-deoxy-D-arabino-heptulosonate synthase,D,descriptive_name,,,
3-hydroxy acyl-CoA dehydratase,D,descriptive_name,,,
3-hydroxy-3-methyl-glutaryl CoA reductase,D,descriptive_name,,,
3-hydroxy-3-methylglutaryl coenzyme A,D,descriptive_name,,,
3-hydroxy-3-methylglutaryl coenzyme A reductase,D,descriptive_name,,,
3-hydroxy-3-methylglutaryl-CoA reductase,D,descriptive_name,,,
3-Hydroxy-3-methylglutaryl-CoA reductase 1,D,descriptive_name,,,
3-hydroxy-3-methylglutaryl-CoA synthase,D,descriptive_name,,,
3-hydroxy-3-methylglutaryl-coenzyme A reductase,D,descriptive_name,,,
3-hydroxyacyl-CoA dehydratase,D,descriptive_name,,,
3-hydroxybutyrate dehydrogenase,D,descriptive_name,,,
3-isopropylmalate dehydratase large subunit,D,descriptive_name,,,
3-isopropylmalate dehydrogenase,D,descriptive_name,,,
3-ketoacyl-ACP reductase,D,descriptive_name,,,
3-ketoacyl-ACP-synthase,D,descriptive_name,,,
3-ketoacyl-acyl carrier protein reductase,D,descriptive_name,,,
3-ketoacyl-acyl-carrier-protein reductase,D,descriptive_name,,,
3-ketoacyl-CoA reductase,D,descriptive_name,,,
3-ketoacyl-CoA synthase,D,descriptive_name,,,
3-ketoacyl-CoA synthase 11,D,descriptive_name,,,
3-ketoacyl-CoA synthase family,D,descriptive_name,,,
3-ketoacyl-CoA synthase genes,D,descriptive_name,,,
3-ketoacyl-CoA synthase homologs,D,descriptive_name,,,
3-ketoacyl-CoA thiolase,D,descriptive_name,,,
3-ketoacyl-CoA thiolase 2,D,descriptive_name,,,
3-oxo-5-alpha-steroid 4-dehydrogenase,D,descriptive_name,,,
3-oxo-arachidoyl-CoA synthase,D,descriptive_name,,,
3-oxo-cerotoyl-CoA synthase,D,descriptive_name,,,
3-oxo-lignoceronyl-CoA synthase,D,descriptive_name,,,
3.1.1.31,D,descriptive_name,,,
3.2.1.20,D,descriptive_name,,,
3.2.1.23,D,descriptive_name,,,
3.2.1.26,D,descriptive_name,,,
3.4,D,descriptive_name,,,
3.5.3.1,D,descriptive_name,,,
30,E,noise_number,,,
30S ribosomal protein S1,D,descriptive_name,,,
31 transcripts,D,descriptive_name,,,
32,E,noise_number,,,
32 kDa,D,descriptive_name,,,
33 kDa manganese-stabilizing protein,D,descriptive_name,,,
34,E,noise_number,,,
35S,D,descriptive_name,,,
35S promoter,D,descriptive_name,,,
35S-BccrGLU1:GFP,D,descriptive_name,,,
35S::AtDjA3,D,descriptive_name,,,
35S::COI1-Myc transgenes,D,descriptive_name,,,
35S::PILS5-GFP,D,descriptive_name,,,
35S:DXS-GFP,D,descriptive_name,,,
35S:LcHsfA2a,D,descriptive_name,,,
35S:TaAFR-GFP recombinant construct,D,descriptive_name,,,
36-kDa fusion protein,D,descriptive_name,,,
37 kDa inner envelope membrane protein,D,descriptive_name,,,
38,E,noise_number,,,
38 genes,D,descriptive_name,,,
3AT,D,descriptive_name,,,
3GT,D,descriptive_name,,,
3R-hydroxymyristoyl ACP dehydrase isoform 1,D,descriptive_name,,,
3β-hydroxylases,D,descriptive_name,,,
3’-N-debenzoyl-2’-deoxytaxol-N-benzoyl transferase,D,descriptive_name,,,
4,E,noise_number,,,
"4,5-DOPA dioxygenase extradiol-like protein",D,descriptive_name,,,
"4,5-DOPA dioxygenase extradiol-like protein-like",D,descriptive_name,,,
4-(cytidine 5'-diphospho)-2-C-methyl-D-erythritol kinase,D,descriptive_name,,,
4-alpha-glucanotransferase,D,descriptive_name,,,
4-cinnamate:CoA ligase,D,descriptive_name,,,
4-CL,D,descriptive_name,,,
4-coumarate 3-hydroxylase,D,descriptive_name,,,
4-coumarate CoA ligase,D,descriptive_name,,,
4-coumarate CoA ligase 8,D,descriptive_name,,,
4-Coumarate CoA-Ligase,D,descriptive_name,,,
4-coumarate coenzyme A ligase,D,descriptive_name,,,
4-coumarate--CoA ligase,D,descriptive_name,,,
4-coumarate--CoA ligase 2,D,descriptive_name,,,
4-coumarate-CoA ligase,D,descriptive_name,,,
4-coumarate-CoA ligase 4,D,descriptive_name,,,
4-coumarate-CoA ligase CCL1,D,descriptive_name,,,
4-coumarate-CoA ligase-like protein,D,descriptive_name,,,
4-coumarate: CoA ligase,D,descriptive_name,,,
4-coumarate: CoA ligase-like protein,D,descriptive_name,,,
4-coumarate: coenzyme A ligase,D,descriptive_name,,,
4-coumarate:CoA ligase,D,descriptive_name,,,
4-coumarate:coenzyme A ligase,D,descriptive_name,,,
4-Coumarate:Coenzyme A Ligase 10,D,descriptive_name,,,
4-coumarate–CoA ligase-like 5,D,descriptive_name,,,
4-coumaric acid CoA ligase,D,descriptive_name,,,
4-coumaric acid coenzyme A ligase,D,descriptive_name,,,
4-coumaric acid-CoA ligase,D,descriptive_name,,,
4-coumaroyl CoA enzyme,D,descriptive_name,,,
4-coumaroyl CoA ligases,D,descriptive_name,,,
4-coumaroyl: CoA ligase,D,descriptive_name,,,
4-coumaroyl: CoA-ligase,D,descriptive_name,,,
4-couomarate CoA ligase 2,D,descriptive_name,,,
4-diphosphocytidyl-2-C-methyl-D-erythritol kinase,D,descriptive_name,,,
4-hydroxy-3-methylbut-2-en-1-yl diphosphate reductase,D,descriptive_name,,,
4-hydroxy-3-methylbut-2-en-1-yl diphosphate synthase,D,descriptive_name,,,
4-Hydroxy-3-methylbut-2-enyl-diphosphate synthase,D,descriptive_name,,,
4-hydroxycinnamoyl-CoA ligase,D,descriptive_name,,,
4-hydroxylase,D,descriptive_name,,,
4-hydroxyphenylacetaldehyde oxime monooxygenase,D,descriptive_name,,,
4-hydroxyphenylpyruvate dioxygenase,D,descriptive_name,,,
4-oxalocrotonate tautomerase,D,descriptive_name,,,
4.2.1.2,D,descriptive_name,,,
42 kDa,D,descriptive_name,,,
43,E,noise_number,,,
44,E,noise_number,,,
44 kDa MAPKs,D,descriptive_name,,,
46,E,noise_number,,,
46 kDa,D,descriptive_name,,,
46 kDa MAPKs,D,descriptive_name,,,
467,E,noise_number,,,
468,E,noise_number,,,
47,E,noise_number,,,
48,E,noise_number,,,
48 VvHSP20 genes,D,descriptive_name,,,
49,E,noise_number,,,
4CL,D,descriptive_name,,,
4CL enzyme,D,descriptive_name,,,
4CL enzymes,D,descriptive_name,,,
4CL protein,D,descriptive_name,,,
4CL proteins,D,descriptive_name,,,
4CL-like,D,descriptive_name,,,
4CL-like protein,D,descriptive_name,,,
4CL1,D,descriptive_name,,,
4CL10,D,descriptive_name,,,
4CL2,D,descriptive_name,,,
4CL3,D,descriptive_name,,,
4CLL1,D,descriptive_name,,,
4CLL2,D,descriptive_name,,,
4HG0399750,D,descriptive_name,,,
4XM334FK014,D,descriptive_name,,,
5,E,noise_number,,,
5'-nucleotidase,D,descriptive_name,,,
5-aminolevulinate dehydratase,D,descriptive_name,,,
5-aminolevulinic acid dehydratase,D,descriptive_name,,,
5-enolpyruvyl shikimate-3-phosphate synthase,D,descriptive_name,,,
5-enolpyruvylshikimate-3-phosphate synthase,D,descriptive_name,,,
5-germacradien-4-ol synthase,D,descriptive_name,,,
5-hydroxy tryptamine receptors,D,descriptive_name,,,
5-methyltetrahydrofolate-homocysteine methyltransferase,D,descriptive_name,,,
5-methyltetrahydropteroyltriglutamate--homocysteine methyltransferase-like,D,descriptive_name,,,
5-methyltetrahydropteroyltriglutamate-homocysteine methyltransferase,D,descriptive_name,,,
5-oxoprolinase,D,descriptive_name,,,
5.1.3.2,D,descriptive_name,,,
5.3.1.9,D,descriptive_name,,,
50,E,noise_number,,,
50kD γ-zein,D,descriptive_name,,,
50kD γ-zein protein,D,descriptive_name,,,
50SR,D,descriptive_name,,,
51,E,noise_number,,,
53,E,noise_number,,,
53-kDa glycoproteins,D,descriptive_name,,,
53-kDa monosomic glycoproteins,D,descriptive_name,,,
57,E,noise_number,,,
57 PoPOD genes,D,descriptive_name,,,
5AT,D,descriptive_name,,,
5HG0486440,D,descriptive_name,,,
5MaT1,D,descriptive_name,,,
5’-adenylylsulfate reductase,D,descriptive_name,,,
6,E,noise_number,,,
6-11B-1,D,descriptive_name,,,
6-8,D,descriptive_name,,,
6-PGD,D,descriptive_name,,,
6-phosphofructokinase,D,descriptive_name,,,
6-phosphofructokinase 1,D,descriptive_name,,,
6-phosphogluconate dehydrogenase,D,descriptive_name,,,
6-phosphogluconolactonase,D,descriptive_name,,,
6-SFT,D,descriptive_name,,,
6.3.4.14,D,descriptive_name,,,
60,E,noise_number,,,
60 kDa jasmonate-induced protein,D,descriptive_name,,,
60S,D,descriptive_name,,,
61 identified genes,D,descriptive_name,,,
65,E,noise_number,,,
65-kDa,D,descriptive_name,,,
6b oncoprotein,D,descriptive_name,,,
6PGD,D,descriptive_name,,,
6PGDH,D,descriptive_name,,,
6PGL,D,descriptive_name,,,
6TPP,D,descriptive_name,,,
7,E,noise_number,,,
7-dehydrocholesterol reductase,D,descriptive_name,,,
7-ethoxycoumarin O-deethylase-like,D,descriptive_name,,,
7-HCAR,D,descriptive_name,,,
7-hydroxy-chlorophyll a reductase,D,descriptive_name,,,
7-hydroxymethyl chlorophyll a reductase,D,descriptive_name,,,
7-hydroxymethyl-chlorophyll reductase,D,descriptive_name,,,
70,E,noise_number,,,
70 kD Heat Shock Protein,D,descriptive_name,,,
70 kDa heat shock protein,D,descriptive_name,,,
70 kDa heat shock proteins,D,descriptive_name,,,
70 kilodalton heat shock protein,D,descriptive_name,,,
70-kDa heat shock protein,D,descriptive_name,,,
71-kDa rice SSI protein,D,descriptive_name,,,
711,E,noise_number,,,
73,E,noise_number,,,
735A,D,descriptive_name,,,
75 kDa subunit,D,descriptive_name,,,
75-kDa band,D,descriptive_name,,,
75-kDa protein,D,descriptive_name,,,
76 kDa,D,descriptive_name,,,
79,E,noise_number,,,
8,E,noise_number,,,
8'-hydroxylase,D,descriptive_name,,,
8'-hydroxylase genes,D,descriptive_name,,,
8-hydroxy-Copalyl diphosphate synthase,D,descriptive_name,,,
82,E,noise_number,,,
85,E,noise_number,,,
85A2,D,descriptive_name,,,
86,E,noise_number,,,
9,E,noise_number,,,
9-cis epoxycarotenoid dioxygenase,D,descriptive_name,,,
9-cis-epoxy carotenoid dioxygenase,D,descriptive_name,,,
9-cis-epoxycarotenoid dioxygenase,D,descriptive_name,,,
9-cis-epoxycarotenoid dioxygenase 1,D,descriptive_name,,,
9-cis-EPOXYCAROTENOID DIOXYGENASE4,D,descriptive_name,,,
9-cis-epoxycarotenoid dioxygenases,D,descriptive_name,,,
9-cis-epoxycarotenoiddioxygenase,D,descriptive_name,,,
9-cis-epoxycarotinoid dioxygenase,D,descriptive_name,,,
9-divinyl ether synthase,D,descriptive_name,,,
9-lipoxygenase,D,descriptive_name,,,
9-LOX,D,descriptive_name,,,
9-LOX enzymes,D,descriptive_name,,,
9-neoxanthin cis-epoxicarotenoid dioxygenase,D,descriptive_name,,,
90,E,noise_number,,,
94C1,D,descriptive_name,,,
95 R2R3-MYB genes,D,descriptive_name,,,
983 bp BjMTP1 promoter,D,descriptive_name,,,
983 bp BjMTP1 promoter fragment,D,descriptive_name,,,
983 bp promoter fragment,D,descriptive_name,,,
983 bp promoter region,D,descriptive_name,,,
9RKe,D,descriptive_name,,,
9S-lipoxygenase,D,descriptive_name,,,
[Cu-Zn] SOD,D,descriptive_name,,,
A,E,noise_too_short,,,
A-AAR,D,descriptive_name,,,
A-ARR,D,descriptive_name,,,
A-POX,D,descriptive_name,,,
A-type grape CLE gene,D,descriptive_name,,,
A-type UFGT,D,descriptive_name,,,
A. thaliana receptors,D,descriptive_name,,,
a.1,D,descriptive_name,,,
a.2,D,descriptive_name,,,
A/N-INV,D,descriptive_name,,,
A0A178WN35,A,uniprot_accession,,,
A0A1B6PJK5,A,uniprot_accession,,,
A0A1D5V3A3,A,uniprot_accession,,,
A0A1D6JPH3,A,uniprot_accession,,,
A0A1D6N358,A,uniprot_accession,,,
A0A1D6P836,A,uniprot_accession,,,
A0A1D6PIG1,A,uniprot_accession,,,
A0A1S4BQJ5,A,uniprot_accession,,,
A0A1U7YYQ4,A,uniprot_accession,,,
A0A1U7ZTI7,A,uniprot_accession,,,
A0A1U8B646,A,uniprot_accession,,,
A0A1U8FC73,A,uniprot_accession,,,
A0A287HKS8,A,uniprot_accession,,,
A0A2G2Z8I0,A,uniprot_accession,,,
A0A2G3A131,A,uniprot_accession,,,
A0A2G3ALC4,A,uniprot_accession,,,
A0A3B6B5P1,A,uniprot_accession,,,
A0A3B6DMR3,A,uniprot_accession,,,
A0A3B6TGM9,A,uniprot_accession,,,
A0A3B6TGN2,A,uniprot_accession,,,
A0A3B6TI25,A,uniprot_accession,,,
A0A3B6TWG3,A,uniprot_accession,,,
A0A3L6F7J8,A,uniprot_accession,,,
A1A,C,bare_gene_symbol,,,
A1aOE,D,descriptive_name,,,
A1B,C,bare_gene_symbol,,,
A1c,D,descriptive_name,,,
A1CS,C,bare_gene_symbol,,,
A2,E,noise_too_short,,,
A20/AN1 zinc-finger protein,D,descriptive_name,,,
A2XLT7,A,uniprot_accession,,,
A2Y980,A,uniprot_accession,,,
A3,E,noise_too_short,,,
A3'H/C5'H,D,descriptive_name,,,
A4A,C,bare_gene_symbol,,,
A5a,D,descriptive_name,,,
A6a,D,descriptive_name,,,
A6c,D,descriptive_name,,,
A7,E,noise_too_short,,,
A9a,D,descriptive_name,,,
A9b,D,descriptive_name,,,
A9c,D,descriptive_name,,,
A9d,D,descriptive_name,,,
AA biosynthetic enzymes,D,descriptive_name,,,
AA oxidase,D,descriptive_name,,,
AA3,C,bare_gene_symbol,,,
AA7,C,bare_gene_symbol,,,
AAA+ ATPase,D,descriptive_name,,,
AAA+ protein family,D,descriptive_name,,,
AAA-ATPase,D,descriptive_name,,,
AAA-type ATPase,D,descriptive_name,,,
AaAER,B,species_prefix_Aa,Aa,AER,
AAAP,C,bare_gene_symbol,,,
AAAP transporter family,D,descriptive_name,,,
AabZIP19,B,species_prefix_Aab,Aab,ZIP19,
AabZIP19 transcription factor,D,descriptive_name,,,
AAC,C,bare_gene_symbol,,,
AAC isoforms,D,descriptive_name,,,
AAC proteins,D,descriptive_name,,,
AAC34983.1,C,bare_gene_symbol,,,
AACT,C,bare_gene_symbol,,,
AACT1,C,bare_gene_symbol,,,
aadA,D,descriptive_name,,,
AAE13,C,bare_gene_symbol,,,
AaERF1,B,species_prefix_Aa,Aa,ERF1,
AAEs,D,descriptive_name,,,
AAGAA-motif,D,descriptive_name,,,
AaHSP70,B,species_prefix_Aa,Aa,HSP70,
AAI,C,bare_gene_symbol,,,
AAO,C,bare_gene_symbol,,,
AAO1,C,bare_gene_symbol,,,
AAO2,C,bare_gene_symbol,,,
AAO3,C,bare_gene_symbol,,,
AAP,C,bare_gene_symbol,,,
AAP1,C,bare_gene_symbol,,,
AaPAL1 gene,D,descriptive_name,,,
AaPIF3,B,species_prefix_Aa,Aa,PIF3,
AAPK,C,bare_gene_symbol,,,
AAPs,D,descriptive_name,,,
AAPT,C,bare_gene_symbol,,,
AAR,C,bare_gene_symbol,,,
AAT,C,bare_gene_symbol,,,
AAT gene family,D,descriptive_name,,,
AAT genes,D,descriptive_name,,,
AAT1,C,bare_gene_symbol,,,
AATT,C,bare_gene_symbol,,,
ab 25,D,descriptive_name,,,
ab type 2,D,descriptive_name,,,
AB2C,C,bare_gene_symbol,,,
ABA (abscisic acid) genes,D,descriptive_name,,,
ABA 8' hydroxylase,D,descriptive_name,,,
ABA 8'-hydroxylase,D,descriptive_name,,,
ABA 8'-hydroxylase gene,D,descriptive_name,,,
ABA 8-hydroxylase,D,descriptive_name,,,
ABA 8’-hydroxylase,D,descriptive_name,,,
ABA 8’-hydroxylase gene,D,descriptive_name,,,
ABA 8’-hydroxylase-1,D,descriptive_name,,,
ABA 8′-hydroxylase,D,descriptive_name,,,
ABA 8′-hydroxylase gene,D,descriptive_name,,,
ABA 8′-hydroxylase genes,D,descriptive_name,,,
ABA 8′-hydroxylase-encoding gene,D,descriptive_name,,,
ABA beta-glucosyltransferase,D,descriptive_name,,,
ABA biosynthesis genes,D,descriptive_name,,,
ABA biosynthesis-related genes,D,descriptive_name,,,
ABA biosynthetic gene,D,descriptive_name,,,
ABA genes,D,descriptive_name,,,
ABA glucosyltransferase,D,descriptive_name,,,
ABA hormone receptors,D,descriptive_name,,,
ABA hydrolase gene,D,descriptive_name,,,
ABA insensitive 1,D,descriptive_name,,,
ABA INSENSITIVE 4,D,descriptive_name,,,
ABA Insensitive genes,D,descriptive_name,,,
ABA marker genes,D,descriptive_name,,,
ABA O-glycosyl transferase,D,descriptive_name,,,
ABA pathway phosphatases,D,descriptive_name,,,
ABA receptor,D,descriptive_name,,,
ABA receptor gene,D,descriptive_name,,,
ABA receptor genes,D,descriptive_name,,,
ABA receptor proteins,D,descriptive_name,,,
ABA receptor PYL4-like,D,descriptive_name,,,
ABA receptor PYR/PYL family genes,D,descriptive_name,,,
ABA receptor R10,D,descriptive_name,,,
ABA receptors,D,descriptive_name,,,
ABA regulatory genes,D,descriptive_name,,,
ABA response element,D,descriptive_name,,,
ABA response element-binding factors,D,descriptive_name,,,
ABA response elements,D,descriptive_name,,,
ABA response genes,D,descriptive_name,,,
ABA response protein,D,descriptive_name,,,
ABA response proteins,D,descriptive_name,,,
ABA responsive element binding factor,D,descriptive_name,,,
ABA responsiveness elements,D,descriptive_name,,,
ABA signaling components,D,descriptive_name,,,
ABA signaling genes,D,descriptive_name,,,
ABA signaling motifs,D,descriptive_name,,,
ABA signaling-related genes,D,descriptive_name,,,
ABA stress ripening proteins,D,descriptive_name,,,
ABA transcription factor,D,descriptive_name,,,
ABA transporters,D,descriptive_name,,,
ABA-activated protein kinase,D,descriptive_name,,,
ABA-activated transcription factors,D,descriptive_name,,,
ABA-associated gene,D,descriptive_name,,,
ABA-associated genes,D,descriptive_name,,,
ABA-associated resistance genes,D,descriptive_name,,,
ABA-biosynthetic gene,D,descriptive_name,,,
ABA-degrading genes,D,descriptive_name,,,
ABA-independent regulators,D,descriptive_name,,,
ABA-induced genes,D,descriptive_name,,,
ABA-induced plasma membrane protein,D,descriptive_name,,,
ABA-induced transcription factors,D,descriptive_name,,,
ABA-induced_genes,D,descriptive_name,,,
ABA-inducible bHLH-type,D,descriptive_name,,,
ABA-inducible bhlh-type transcription factor gene,D,descriptive_name,,,
ABA-inducible DNA-binding proteins,D,descriptive_name,,,
ABA-inducible gene,D,descriptive_name,,,
ABA-inducible gene clusters,D,descriptive_name,,,
ABA-inducible Hsfs,D,descriptive_name,,,
ABA-inducible LEA proteins,D,descriptive_name,,,
ABA-inducible NF-Y transcription factors,D,descriptive_name,,,
ABA-inducible protein,D,descriptive_name,,,
ABA-inducible proteins,D,descriptive_name,,,
ABA-inducible stress genes,D,descriptive_name,,,
ABA-insensitive 4,D,descriptive_name,,,
ABA-insensitive RING protein 4-like,D,descriptive_name,,,
ABA-INSENSITIVE2,D,descriptive_name,,,
ABA-pathway genes,D,descriptive_name,,,
ABA-regulated genes,D,descriptive_name,,,
ABA-regulated proteins,D,descriptive_name,,,
ABA-related cis-elements,D,descriptive_name,,,
ABA-related DEGs,D,descriptive_name,,,
ABA-related elements,D,descriptive_name,,,
ABA-related gene,D,descriptive_name,,,
ABA-related genes,D,descriptive_name,,,
ABA-related proteins,D,descriptive_name,,,
ABA-related stress-resistance genes,D,descriptive_name,,,
ABA-related transcription factors,D,descriptive_name,,,
ABA-repressed phosphatases,D,descriptive_name,,,
ABA-repressed PP2C-type phosphatases,D,descriptive_name,,,
ABA-responsive,D,descriptive_name,,,
ABA-responsive cis-acting elements,D,descriptive_name,,,
ABA-responsive cis-elements,D,descriptive_name,,,
ABA-responsive complex,D,descriptive_name,,,
ABA-responsive element,D,descriptive_name,,,
ABA-responsive element binding factor,D,descriptive_name,,,
ABA-responsive element binding factors,D,descriptive_name,,,
ABA-responsive element-binding protein 2,D,descriptive_name,,,
ABA-responsive elements,D,descriptive_name,,,
ABA-responsive elements-binding factor 3,D,descriptive_name,,,
ABA-responsive elements-binding factors,D,descriptive_name,,,
ABA-responsive gene,D,descriptive_name,,,
ABA-responsive genes,D,descriptive_name,,,
ABA-responsive kinase substrates,D,descriptive_name,,,
ABA-responsive protein,D,descriptive_name,,,
ABA-responsive protein ABR18-like,D,descriptive_name,,,
ABA-responsive protein orthologs,D,descriptive_name,,,
ABA-responsive proteins,D,descriptive_name,,,
ABA-responsive R2R3-MYB genes,D,descriptive_name,,,
ABA-responsive transcription factors,D,descriptive_name,,,
ABA-signaling-related gene,D,descriptive_name,,,
ABA-signaling-related genes,D,descriptive_name,,,
ABA-stress-and-ripening-inducible-like protein,D,descriptive_name,,,
ABA1,C,bare_gene_symbol,,,
aba1-1,D,descriptive_name,,,
ABA1-4,D,descriptive_name,,,
ABA2,C,bare_gene_symbol,,,
aba2-1,D,descriptive_name,,,
ABA3,C,bare_gene_symbol,,,
ABA4,C,bare_gene_symbol,,,
ABA8'OH genes,D,descriptive_name,,,
ABA8H,C,bare_gene_symbol,,,
ABA8ox,D,descriptive_name,,,
ABA8ox2,C,bare_gene_symbol,,,
ABA8’ox,D,descriptive_name,,,
ABA8′OH,D,descriptive_name,,,
ABA8′OH2,D,descriptive_name,,,
ABAH2,C,bare_gene_symbol,,,
ABAH2/3,D,descriptive_name,,,
ABAH3,C,bare_gene_symbol,,,
ABAH4,C,bare_gene_symbol,,,
ABAR,C,bare_gene_symbol,,,
ABC,C,bare_gene_symbol,,,
ABC family transporters,D,descriptive_name,,,
ABC G3,D,descriptive_name,,,
ABC transport system,D,descriptive_name,,,
ABC transporter,D,descriptive_name,,,
ABC transporter C family member 2,D,descriptive_name,,,
ABC transporter family,D,descriptive_name,,,
ABC transporter genes,D,descriptive_name,,,
ABC transporters,D,descriptive_name,,,
ABC-transporter AtPDR11,D,descriptive_name,,,
ABC-transporters,D,descriptive_name,,,
ABC-type,D,descriptive_name,,,
ABC-type Fe3+-siderophore transport systems,D,descriptive_name,,,
ABC-type multidrug resistance proteins,D,descriptive_name,,,
ABC-type phosphate transporters,D,descriptive_name,,,
ABC-type transport system,D,descriptive_name,,,
ABC-type transporters,D,descriptive_name,,,
ABC1,C,bare_gene_symbol,,,
ABC1 family genes,D,descriptive_name,,,
ABC1 genes,D,descriptive_name,,,
ABC1K8,C,bare_gene_symbol,,,
ABCB,C,bare_gene_symbol,,,
ABCB transporters,D,descriptive_name,,,
ABCB-type transporters,D,descriptive_name,,,
ABCB1,C,bare_gene_symbol,,,
"ABCB1,19",D,descriptive_name,,,
ABCB1-GFP,D,descriptive_name,,,
ABCB10,C,bare_gene_symbol,,,
ABCB19,C,bare_gene_symbol,,,
ABCB4,C,bare_gene_symbol,,,
ABCBs,D,descriptive_name,,,
ABCC subfamily,D,descriptive_name,,,
ABCC transporters,D,descriptive_name,,,
ABCC1,C,bare_gene_symbol,,,
ABCC2,C,bare_gene_symbol,,,
ABCC7,C,bare_gene_symbol,,,
ABCC8,C,bare_gene_symbol,,,
ABCG transporters,D,descriptive_name,,,
ABCG type transporters,D,descriptive_name,,,
ABCG-type transporters,D,descriptive_name,,,
ABCG11,C,bare_gene_symbol,,,
ABCG2,C,bare_gene_symbol,,,
ABCG25,C,bare_gene_symbol,,,
ABCG36,C,bare_gene_symbol,,,
ABCG37,C,bare_gene_symbol,,,
ABCG40,C,bare_gene_symbol,,,
ABCG6,C,bare_gene_symbol,,,
ABF,C,bare_gene_symbol,,,
ABF genes,D,descriptive_name,,,
ABF transcription factors,D,descriptive_name,,,
ABF/AREB,D,descriptive_name,,,
ABF1,C,bare_gene_symbol,,,
ABF1-4,D,descriptive_name,,,
ABF2,C,bare_gene_symbol,,,
ABF3,C,bare_gene_symbol,,,
ABF3 transcription factors,D,descriptive_name,,,
ABF4,C,bare_gene_symbol,,,
ABF5,C,bare_gene_symbol,,,
ABFs,D,descriptive_name,,,
ABHD,C,bare_gene_symbol,,,
abi-1,D,descriptive_name,,,
abi1,D,descriptive_name,,,
ABI1 phosphatase,D,descriptive_name,,,
abi1-1,D,descriptive_name,,,
ABI1/2,D,descriptive_name,,,
abi17,D,descriptive_name,,,
ABI19,C,bare_gene_symbol,,,
abi2,D,descriptive_name,,,
ABI3,C,bare_gene_symbol,,,
ABI3 gene,D,descriptive_name,,,
ABI3 promoter,D,descriptive_name,,,
ABI3 transcription factor,D,descriptive_name,,,
ABI4,C,bare_gene_symbol,,,
ABI5,C,bare_gene_symbol,,,
ABI5-like,D,descriptive_name,,,
ABI5-like proteins,D,descriptive_name,,,
ABI8,C,bare_gene_symbol,,,
abiotic stress-related genes,D,descriptive_name,,,
abiotic stress-related transcription factors,D,descriptive_name,,,
abiotic stress-responsive genes,D,descriptive_name,,,
abiotic-stress-protection genes,D,descriptive_name,,,
abitM,D,descriptive_name,,,
ABL1,C,bare_gene_symbol,,,
ABO5,C,bare_gene_symbol,,,
ABO6,C,bare_gene_symbol,,,
ABORTED MICROSPORES,D,descriptive_name,,,
ABP,C,bare_gene_symbol,,,
ABP1,C,bare_gene_symbol,,,
ABP1 protein,D,descriptive_name,,,
ABP19,C,bare_gene_symbol,,,
ABP19A,C,bare_gene_symbol,,,
ABR1,C,bare_gene_symbol,,,
ABR17,C,bare_gene_symbol,,,
ABR17 protein,D,descriptive_name,,,
ABR17-induced genes,D,descriptive_name,,,
ABR18,C,bare_gene_symbol,,,
ABRC,C,bare_gene_symbol,,,
ABRC promoter,D,descriptive_name,,,
ABRE,C,bare_gene_symbol,,,
ABRE binding factor,D,descriptive_name,,,
ABRE binding factors,D,descriptive_name,,,
ABRE cis-acting element,D,descriptive_name,,,
ABRE cis-acting elements,D,descriptive_name,,,
ABRE cis-element,D,descriptive_name,,,
ABRE cis-elements,D,descriptive_name,,,
ABRE cis-regulatory elements,D,descriptive_name,,,
ABRE element,D,descriptive_name,,,
ABRE elements,D,descriptive_name,,,
ABRE motifs,D,descriptive_name,,,
ABRE-binding factor,D,descriptive_name,,,
ABRE-binding factors,D,descriptive_name,,,
ABRE-binding sites,D,descriptive_name,,,
ABRE-containing genes,D,descriptive_name,,,
ABRE-elements,D,descriptive_name,,,
ABRE-like DNA sequence motif,D,descriptive_name,,,
ABRE4,C,bare_gene_symbol,,,
ABREs,D,descriptive_name,,,
ABS/RC,D,descriptive_name,,,
abscicic acid stress ripening protein 4,D,descriptive_name,,,
Abscisate beta-glucosidase,D,descriptive_name,,,
Abscisate beta-glucosyltransferase,D,descriptive_name,,,
abscisate beta-glucosyltransferases,D,descriptive_name,,,
abscisic acid (ABA) marker genes,D,descriptive_name,,,
Abscisic acid (ABA) metabolism genes,D,descriptive_name,,,
Abscisic acid (ABA) signaling genes,D,descriptive_name,,,
abscisic acid 8'-hydroxylase,D,descriptive_name,,,
abscisic acid 8'-hydroxylase 1,D,descriptive_name,,,
abscisic acid 8’-hydroxylases,D,descriptive_name,,,
abscisic acid and environmental stress-inducible protein TAS14-like,D,descriptive_name,,,
abscisic acid glucosyltransferase,D,descriptive_name,,,
ABSCISIC ACID INSENSITIVE 1,D,descriptive_name,,,
abscisic acid insensitive 8,D,descriptive_name,,,
ABSCISIC ACID INSENSITIVE3,D,descriptive_name,,,
abscisic acid receptor PYL4,D,descriptive_name,,,
Abscisic acid receptors,D,descriptive_name,,,
Abscisic acid regulatory genes,D,descriptive_name,,,
abscisic acid response,D,descriptive_name,,,
abscisic acid response element,D,descriptive_name,,,
abscisic acid response elements,D,descriptive_name,,,
abscisic acid responsive element,D,descriptive_name,,,
abscisic acid responsive elements,D,descriptive_name,,,
Abscisic acid responsive proteins,D,descriptive_name,,,
Abscisic acid stress ripening protein 2,D,descriptive_name,,,
abscisic acid-inducible proteins,D,descriptive_name,,,
abscisic acid-insensitive 5-like protein,D,descriptive_name,,,
ABSCISIC ACID-INSENSITIVE3,D,descriptive_name,,,
abscisic acid-mediated marker genes,D,descriptive_name,,,
abscisic acid-responsive,D,descriptive_name,,,
abscisic acid-responsive element,D,descriptive_name,,,
abscisic acid-responsive elements,D,descriptive_name,,,
abscisic acid-responsive genes,D,descriptive_name,,,
abscisic acid-stress-ripening-inducible 1 protein,D,descriptive_name,,,
abscisic aldehyde oxidase,D,descriptive_name,,,
Abscisic aldehyde oxidase 3,D,descriptive_name,,,
ABSCISIC ALDEHYDE OXIDASE3,D,descriptive_name,,,
Abscisic insensitive 1B,D,descriptive_name,,,
abscisic stress ripening protein 2,D,descriptive_name,,,
abscisic stress-ripening protein 1,D,descriptive_name,,,
Abscisic stress-ripening protein 2,D,descriptive_name,,,
abscisic stress-ripening protein 5,D,descriptive_name,,,
abscisic stress-ripening protein genes,D,descriptive_name,,,
abscisic-aldehyde oxidase,D,descriptive_name,,,
absorption channels,D,descriptive_name,,,
ABTS,C,bare_gene_symbol,,,
AC cis-elements,D,descriptive_name,,,
AC elements,D,descriptive_name,,,
Ac4CL,D,descriptive_name,,,
ACA11,C,bare_gene_symbol,,,
ACA2,C,bare_gene_symbol,,,
ACA8,C,bare_gene_symbol,,,
ACA9,C,bare_gene_symbol,,,
ACAA1,C,bare_gene_symbol,,,
ACAA2,C,bare_gene_symbol,,,
ACAC,C,bare_gene_symbol,,,
ACAD,C,bare_gene_symbol,,,
ACAs,D,descriptive_name,,,
ACAT,C,bare_gene_symbol,,,
AcBHLH42,B,species_prefix_Ac,Ac,BHLH42,
ACBP,C,bare_gene_symbol,,,
ACBPs,D,descriptive_name,,,
ACC,C,bare_gene_symbol,,,
ACC deaminase,D,descriptive_name,,,
ACC oxidase,D,descriptive_name,,,
ACC oxidase 10,D,descriptive_name,,,
ACC oxidase 2,D,descriptive_name,,,
ACC oxidase 4,D,descriptive_name,,,
ACC oxidase enzymes,D,descriptive_name,,,
ACC oxidase gene,D,descriptive_name,,,
ACC oxidases,D,descriptive_name,,,
ACC synthase,D,descriptive_name,,,
ACC synthase 1,D,descriptive_name,,,
ACC SYNTHASE 4,D,descriptive_name,,,
ACC synthase 6,D,descriptive_name,,,
ACC synthase gene,D,descriptive_name,,,
ACC synthase genes,D,descriptive_name,,,
ACC synthases,D,descriptive_name,,,
ACC synthesis,D,descriptive_name,,,
ACC synthetase,D,descriptive_name,,,
ACC-deaminase,D,descriptive_name,,,
ACC-oxidase,D,descriptive_name,,,
ACC-oxidases,D,descriptive_name,,,
ACC-related transcripts,D,descriptive_name,,,
ACC-synthase,D,descriptive_name,,,
ACC1,C,bare_gene_symbol,,,
AcC4H,B,species_prefix_Ac,Ac,C4H,
ACCase,D,descriptive_name,,,
ACCase complex,D,descriptive_name,,,
ACCase subunit,D,descriptive_name,,,
AcCCR,B,species_prefix_Ac,Ac,CCR,
accD,D,descriptive_name,,,
ACCD enzyme,D,descriptive_name,,,
accD gene,D,descriptive_name,,,
Accelerated cell death 1,D,descriptive_name,,,
ACCO,C,bare_gene_symbol,,,
ACCS,C,bare_gene_symbol,,,
Acd gene family,D,descriptive_name,,,
Acd gene promoters,D,descriptive_name,,,
Acd genes,D,descriptive_name,,,
ACD protein,D,descriptive_name,,,
Acd proteins,D,descriptive_name,,,
ACD1,C,bare_gene_symbol,,,
ACD2,C,bare_gene_symbol,,,
ACD32.1,C,bare_gene_symbol,,,
acdS,D,descriptive_name,,,
acdS gene,D,descriptive_name,,,
ACE,C,bare_gene_symbol,,,
aceA,D,descriptive_name,,,
aceB,D,descriptive_name,,,
AceGGP3,B,species_prefix_Ace,Ace,GGP3,
AcePosF21,B,species_prefix_Ace,Ace,PosF21,
Acerbate peroxidase,D,descriptive_name,,,
Acetaldehyde dehydrogenase,D,descriptive_name,,,
acetate kinases,D,descriptive_name,,,
Acetoacetyl-CoA thiolase,D,descriptive_name,,,
acetoin dehydrogenase,D,descriptive_name,,,
acetolactate synthase,D,descriptive_name,,,
acetolactate synthase protein,D,descriptive_name,,,
Acetyl coenzyme A acyltransferase 2,D,descriptive_name,,,
acetyl coenzyme A carboxylase,D,descriptive_name,,,
acetyl coenzyme A complex,D,descriptive_name,,,
acetyl transferase genes,D,descriptive_name,,,
acetyl-CoA acetoacetyl transferase,D,descriptive_name,,,
acetyl-CoA acetyltransferase,D,descriptive_name,,,
acetyl-CoA acyltransferase 1,D,descriptive_name,,,
acetyl-CoA C-acetyltransferase,D,descriptive_name,,,
acetyl-CoA carboxylase,D,descriptive_name,,,
acetyl-CoA carboxylase carboxyl transferase,D,descriptive_name,,,
acetyl-CoA carboxylase enzyme complex,D,descriptive_name,,,
acetyl-CoA carboxylases,D,descriptive_name,,,
acetyl-CoA synthetase,D,descriptive_name,,,
acetyl-CoA–benzyl alcohol acetyltransferase,D,descriptive_name,,,
acetyl-coenzyme A carboxylase,D,descriptive_name,,,
Acetyl-coenzyme A carboxylase carboxyl transferase subunit alpha,D,descriptive_name,,,
acetyl-coenzyme A: amino acid N-acetyltransferases,D,descriptive_name,,,
acetyl-esterases,D,descriptive_name,,,
Acetylated histone H3,D,descriptive_name,,,
Acetylated tubulin,D,descriptive_name,,,
acetylcholinesterase,D,descriptive_name,,,
acetylglutamate kinase,D,descriptive_name,,,
Acetylornithine aminotransferase,D,descriptive_name,,,
acetyltransferase,D,descriptive_name,,,
acetyltransferases,D,descriptive_name,,,
AcF3GT,B,species_prefix_Ac,Ac,F3GT,
acfA,D,descriptive_name,,,
ACGT core sequences,D,descriptive_name,,,
AcH3,C,bare_gene_symbol,,,
AChE,D,descriptive_name,,,
AcHSF promoters,D,descriptive_name,,,
AcHSF-A1a,B,species_prefix_Ac,Ac,HSF-A1a,
AcHSF-A2,B,species_prefix_Ac,Ac,HSF-A2,
AcHSF-A9a,B,species_prefix_Ac,Ac,HSF-A9a,
AcHSF-B1a,B,species_prefix_Ac,Ac,HSF-B1a,
AcHSF-B2a,B,species_prefix_Ac,Ac,HSF-B2a,
AcHSF-C1a,B,species_prefix_Ac,Ac,HSF-C1a,
acid alpha-galactosidase,D,descriptive_name,,,
acid beta-fructofuranosidase,D,descriptive_name,,,
acid invertase,D,descriptive_name,,,
acid invertases,D,descriptive_name,,,
acid phosphatase,D,descriptive_name,,,
acid phosphatases,D,descriptive_name,,,
acidic (alpha)-glutelin,D,descriptive_name,,,
acidic invertase,D,descriptive_name,,,
acidic leucine aminopeptidase,D,descriptive_name,,,
Acireductone dioxygenase,D,descriptive_name,,,
ACL,C,bare_gene_symbol,,,
ACLB-2,D,descriptive_name,,,
AcLDOX,B,species_prefix_Ac,Ac,LDOX,
AcLPP enzymes,D,descriptive_name,,,
AcLPP family,D,descriptive_name,,,
AcLPP family genes,D,descriptive_name,,,
AcLPP family members,D,descriptive_name,,,
AcLPP gene expression,D,descriptive_name,,,
AcLPP gene family,D,descriptive_name,,,
AcLPP gene promoters,D,descriptive_name,,,
AcLPP genes,D,descriptive_name,,,
AcLPP members,D,descriptive_name,,,
AcLPP promoters,D,descriptive_name,,,
AcLPP proteins,D,descriptive_name,,,
AcLPP1A,B,species_prefix_Ac,Ac,LPP1A,
AcLPP1B,B,species_prefix_Ac,Ac,LPP1B,
AcLPP1C,B,species_prefix_Ac,Ac,LPP1C,
AcLPP2A,B,species_prefix_Ac,Ac,LPP2A,
AcLPP2B,B,species_prefix_Ac,Ac,LPP2B,
AcLPP3A,B,species_prefix_Ac,Ac,LPP3A,
AcLPP4A,B,species_prefix_Ac,Ac,LPP4A,
ACLS,C,bare_gene_symbol,,,
aclyglicerol lipase,D,descriptive_name,,,
AcMT,D,descriptive_name,,,
AcMT genes,D,descriptive_name,,,
AcMT promoter regions,D,descriptive_name,,,
AcMT proteins,D,descriptive_name,,,
AcMT2,B,species_prefix_Ac,Ac,MT2,
AcMT2a,B,species_prefix_Ac,Ac,MT2a,
AcMT3a,B,species_prefix_Ac,Ac,MT3a,
AcMT3b,B,species_prefix_Ac,Ac,MT3b,
AcMTs,B,species_prefix_Ac,Ac,MTs,
AcMYB10,B,species_prefix_Ac,Ac,MYB10,
AcMYB102,B,species_prefix_Ac,Ac,MYB102,
AcMYB2,B,species_prefix_Ac,Ac,MYB2,
AcMYB60,B,species_prefix_Ac,Ac,MYB60,
AcMYB61,B,species_prefix_Ac,Ac,MYB61,
AcMYB_transcription_factors,D,descriptive_name,,,
ACO,C,bare_gene_symbol,,,
ACO 1-like,D,descriptive_name,,,
ACO degradation,D,descriptive_name,,,
ACO family,D,descriptive_name,,,
ACO gene,D,descriptive_name,,,
ACO genes,D,descriptive_name,,,
ACO isoforms,D,descriptive_name,,,
ACO proteins,D,descriptive_name,,,
ACO1,C,bare_gene_symbol,,,
ACO1 gene,D,descriptive_name,,,
ACO10,C,bare_gene_symbol,,,
ACO2,C,bare_gene_symbol,,,
ACO3,C,bare_gene_symbol,,,
ACO4,C,bare_gene_symbol,,,
ACO5,C,bare_gene_symbol,,,
ACO6,C,bare_gene_symbol,,,
ACOC,C,bare_gene_symbol,,,
aconitase,D,descriptive_name,,,
aconitase gene,D,descriptive_name,,,
aconitase gene family,D,descriptive_name,,,
aconitase genes,D,descriptive_name,,,
aconitate hydratase,D,descriptive_name,,,
ACOs,D,descriptive_name,,,
ACOS5,C,bare_gene_symbol,,,
ACOX1,C,bare_gene_symbol,,,
ACOX4,C,bare_gene_symbol,,,
ACP,C,bare_gene_symbol,,,
ACP4,C,bare_gene_symbol,,,
ACP5,C,bare_gene_symbol,,,
AcPAL,B,species_prefix_Ac,Ac,PAL,
AcPOD,B,species_prefix_Ac,Ac,POD,
acpPC,D,descriptive_name,,,
acpPC isoforms,D,descriptive_name,,,
acpXL,D,descriptive_name,,,
ACR3,C,bare_gene_symbol,,,
acrA,D,descriptive_name,,,
acrB,D,descriptive_name,,,
acrB5,D,descriptive_name,,,
ACS,C,bare_gene_symbol,,,
ACS enzymes,D,descriptive_name,,,
ACS-1,D,descriptive_name,,,
ACS-7,D,descriptive_name,,,
ACS-CMA101,D,descriptive_name,,,
ACS1,C,bare_gene_symbol,,,
ACS10,C,bare_gene_symbol,,,
ACS11,C,bare_gene_symbol,,,
ACS12,C,bare_gene_symbol,,,
ACS2,C,bare_gene_symbol,,,
ACS3,C,bare_gene_symbol,,,
ACS4,C,bare_gene_symbol,,,
ACS5,C,bare_gene_symbol,,,
ACS6,C,bare_gene_symbol,,,
ACS7,C,bare_gene_symbol,,,
ACS8,C,bare_gene_symbol,,,
acsF,D,descriptive_name,,,
ACSL,C,bare_gene_symbol,,,
ACT,C,bare_gene_symbol,,,
ACT domain-containing protein,D,descriptive_name,,,
ACT1,C,bare_gene_symbol,,,
ACT7,C,bare_gene_symbol,,,
ACTCAT,C,bare_gene_symbol,,,
Actin,D,descriptive_name,,,
actin depolymerizing factors,D,descriptive_name,,,
actin filaments,D,descriptive_name,,,
actin-depolymerizing factor,D,descriptive_name,,,
actin-depolymerizing factors,D,descriptive_name,,,
Actin2,C,bare_gene_symbol,,,
actin8,D,descriptive_name,,,
actins,D,descriptive_name,,,
activase,D,descriptive_name,,,
activase A,D,descriptive_name,,,
activases,D,descriptive_name,,,
activation sequence-1 like,D,descriptive_name,,,
active oxygen scavenger,D,descriptive_name,,,
active oxygen scavengers,D,descriptive_name,,,
active transcription factor,D,descriptive_name,,,
active transporter,D,descriptive_name,,,
ACTs,D,descriptive_name,,,
ACX,C,bare_gene_symbol,,,
ACX enzyme family,D,descriptive_name,,,
ACX gene,D,descriptive_name,,,
ACX isoenzymes,D,descriptive_name,,,
ACX1,C,bare_gene_symbol,,,
ACX2,C,bare_gene_symbol,,,
AcyA,D,descriptive_name,,,
acyA gene,D,descriptive_name,,,
acyl carrier protein,D,descriptive_name,,,
ACYL CARRIER PROTEIN 4,D,descriptive_name,,,
acyl carrier proteins,D,descriptive_name,,,
acyl transferase,D,descriptive_name,,,
acyl-ACP desaturase,D,descriptive_name,,,
acyl-ACP thioesterase,D,descriptive_name,,,
acyl-CoA dehydrogenase,D,descriptive_name,,,
acyl-CoA ligase,D,descriptive_name,,,
acyl-CoA oxidase,D,descriptive_name,,,
acyl-CoA oxidase 1,D,descriptive_name,,,
acyl-CoA synthetase,D,descriptive_name,,,
Acyl-CoA synthetases,D,descriptive_name,,,
Acyl-CoA thioesterase,D,descriptive_name,,,
Acyl-CoA thioesterases,D,descriptive_name,,,
acyl-CoA-binding protein-like,D,descriptive_name,,,
Acyl-CoA-binding proteins,D,descriptive_name,,,
acyl-CoA-dependent,D,descriptive_name,,,
Acyl-CoA-dependent ceramide synthase,D,descriptive_name,,,
acyl-CoA: diacylglycerol acyltransferase 1,D,descriptive_name,,,
Acyl-CoA:diacylglycerol acyltransferase,D,descriptive_name,,,
acyl-CoA:G3P acyltransferase,D,descriptive_name,,,
acyl-CoA:lysophosphatidylcholine acyltransferase,D,descriptive_name,,,
acyl-coenzyme A oxidase 1,D,descriptive_name,,,
acyl-transferase,D,descriptive_name,,,
acyl-transferases,D,descriptive_name,,,
acylated galactolipid associated phospholipase 1,D,descriptive_name,,,
acylating enzymes,D,descriptive_name,,,
acylhydrolases,D,descriptive_name,,,
Acylsugar acyltransferase,D,descriptive_name,,,
acyltransferase,D,descriptive_name,,,
acyltransferase genes,D,descriptive_name,,,
acyltransferases,D,descriptive_name,,,
AD,E,noise_too_short,,,
ADA2A,C,bare_gene_symbol,,,
AdADH,B,species_prefix_Ad,Ad,ADH,
ADC,C,bare_gene_symbol,,,
ADC family genes,D,descriptive_name,,,
ADC gene,D,descriptive_name,,,
ADC1,C,bare_gene_symbol,,,
ADC1/2,D,descriptive_name,,,
ADC2,C,bare_gene_symbol,,,
ADC2 gene,D,descriptive_name,,,
ADE,C,bare_gene_symbol,,,
Adenine isopentenyl transferase,D,descriptive_name,,,
adenine nucleotide alpha hydrolases-like superfamily protein,D,descriptive_name,,,
adenine nucleotide hydrolase-like enzyme,D,descriptive_name,,,
adenine phosphoribosyl transferase,D,descriptive_name,,,
adenine phosphoribosyltransferase,D,descriptive_name,,,
Adenosine diphosphate glucose pyrophosphorylase,D,descriptive_name,,,
adenosine diphosphate-glucose pyrophosphorylase,D,descriptive_name,,,
adenosine kinase,D,descriptive_name,,,
adenosine kinase isoform 1T,D,descriptive_name,,,
adenosine phosphosulfate,D,descriptive_name,,,
adenosine phosphosulfurylase,D,descriptive_name,,,
Adenosine triphosphatase,D,descriptive_name,,,
adenosyl-L-methionine-dependent methyltransferase superfamily,D,descriptive_name,,,
adenosylhomocysteinase,D,descriptive_name,,,
Adenosylmethionine decarboxylase,D,descriptive_name,,,
adenylate cyclase,D,descriptive_name,,,
adenylate cyclases,D,descriptive_name,,,
adenylate isopentenyltransferase,D,descriptive_name,,,
adenylate kinase,D,descriptive_name,,,
adenylate-forming enzyme,D,descriptive_name,,,
adenylyl cyclase,D,descriptive_name,,,
adenylyl sulphate kinases,D,descriptive_name,,,
adenylyl-sulphate reductase,D,descriptive_name,,,
adenylylphosphosulfate reductase,D,descriptive_name,,,
ADF,C,bare_gene_symbol,,,
ADF family,D,descriptive_name,,,
ADF2,C,bare_gene_symbol,,,
ADF2MB4,C,bare_gene_symbol,,,
ADFs,D,descriptive_name,,,
ADH,C,bare_gene_symbol,,,
ADH I,D,descriptive_name,,,
ADH1,C,bare_gene_symbol,,,
ADH2,C,bare_gene_symbol,,,
ADH3,C,bare_gene_symbol,,,
ADHs,D,descriptive_name,,,
adk,D,descriptive_name,,,
ADK1T,C,bare_gene_symbol,,,
AdoHcyase,B,species_prefix_Ado,Ado,Hcyase,
ADOR,C,bare_gene_symbol,,,
ADP,C,bare_gene_symbol,,,
ADP glucose pyrophosphatase,D,descriptive_name,,,
ADP glucose pyrophosphatase/phosphodiesterase,D,descriptive_name,,,
ADP glucose pyrophosphorylase,D,descriptive_name,,,
ADP malate genes,D,descriptive_name,,,
ADP-Glc pyrophosphorylase,D,descriptive_name,,,
ADP-glucopyrophosphorylase,D,descriptive_name,,,
ADP-glucose pyrophosphorylase,D,descriptive_name,,,
ADP-glucose translocator,D,descriptive_name,,,
ADP-glucose transporter,D,descriptive_name,,,
ADP-glucose transporter-encoding gene,D,descriptive_name,,,
ADP-related genes,D,descriptive_name,,,
ADP-ribosylation factor,D,descriptive_name,,,
ADP-ribosylation factors,D,descriptive_name,,,
ADP/ATP translocator,D,descriptive_name,,,
ADP/ATP-IPT,D,descriptive_name,,,
ADP/ATP-isopentenyl transferase,D,descriptive_name,,,
AdPDC,B,species_prefix_Ad,Ad,PDC,
AdPDC1,B,species_prefix_Ad,Ad,PDC1,
AdPDC2,B,species_prefix_Ad,Ad,PDC2,
ADPG-PPase,D,descriptive_name,,,
ADPGase,D,descriptive_name,,,
ADPGlc pyrophosphorylase,D,descriptive_name,,,
ADPGPPase,D,descriptive_name,,,
ADPR-PPase,D,descriptive_name,,,
ADS,C,bare_gene_symbol,,,
ADS1,C,bare_gene_symbol,,,
ADS2,C,bare_gene_symbol,,,
ADS3,C,bare_gene_symbol,,,
ADT,C,bare_gene_symbol,,,
AeEGY3,B,species_prefix_Ae,Ae,EGY3,
AeHSF,B,species_prefix_Ae,Ae,HSF,
AeHSF genes,D,descriptive_name,,,
AeHSFA1b,B,species_prefix_Ae,Ae,HSFA1b,
AeHSFA2-2,B,species_prefix_Ae,Ae,HSFA2-2,
AeHSFA2-2-FLAG,B,species_prefix_Ae,Ae,HSFA2-2-FLAG,
AeHSFA2b,B,species_prefix_Ae,Ae,HSFA2b,
AeHSFA6a,B,species_prefix_Ae,Ae,HSFA6a,
AeHSFB1c,B,species_prefix_Ae,Ae,HSFB1c,
AEQ,C,bare_gene_symbol,,,
aequorin,D,descriptive_name,,,
aequorin sensors,D,descriptive_name,,,
AeRFS4,B,species_prefix_Ae,Ae,RFS4,
aerobactin,D,descriptive_name,,,
AF092524.1,C,bare_gene_symbol,,,
AFB,C,bare_gene_symbol,,,
AFB receptors,D,descriptive_name,,,
AFB2,C,bare_gene_symbol,,,
afb3,D,descriptive_name,,,
AFB5 receptor,D,descriptive_name,,,
aflD,D,descriptive_name,,,
aflO,D,descriptive_name,,,
aflR,D,descriptive_name,,,
Aft,D,descriptive_name,,,
Ag3G00009,C,bare_gene_symbol,,,
Ag3G01239,C,bare_gene_symbol,,,
Ag7G01433,C,bare_gene_symbol,,,
AGAP1,C,bare_gene_symbol,,,
AGB1,C,bare_gene_symbol,,,
AGCBOXNPGLB,D,descriptive_name,,,
AgCHLH,B,species_prefix_Ag,Ag,CHLH,
AGCKs,D,descriptive_name,,,
AGG1,C,bare_gene_symbol,,,
agg1-1c,D,descriptive_name,,,
AGG2,C,bare_gene_symbol,,,
AGG2 subunit,D,descriptive_name,,,
agg2-1,D,descriptive_name,,,
agglutinin,D,descriptive_name,,,
AgHEMA,B,species_prefix_Ag,Ag,HEMA,
AgHSF,B,species_prefix_Ag,Ag,HSF,
AgHSFa6-1,B,species_prefix_Ag,Ag,HSFa6-1,
aging genes,D,descriptive_name,,,
AGL15,C,bare_gene_symbol,,,
agmatine deiminase,D,descriptive_name,,,
agmatine iminohydrolase,D,descriptive_name,,,
agmatine-coumarin-acyltransferase gene,D,descriptive_name,,,
AGO family members,D,descriptive_name,,,
AGO gene family,D,descriptive_name,,,
AGO genes,D,descriptive_name,,,
AGO proteins,D,descriptive_name,,,
AGO18,C,bare_gene_symbol,,,
AGP,C,bare_gene_symbol,,,
AGP genes,D,descriptive_name,,,
AGP12,C,bare_gene_symbol,,,
AGP15,C,bare_gene_symbol,,,
AGP18,C,bare_gene_symbol,,,
AGP4,C,bare_gene_symbol,,,
AGPase,D,descriptive_name,,,
AGPase small subunit gene,D,descriptive_name,,,
AGPase subunits,D,descriptive_name,,,
AGPase-L,D,descriptive_name,,,
AGPase-S,D,descriptive_name,,,
AGPase-S SNPs,D,descriptive_name,,,
AGPL,C,bare_gene_symbol,,,
AGPL1,C,bare_gene_symbol,,,
AGPL1/2,D,descriptive_name,,,
AGPL2,C,bare_gene_symbol,,,
AGPL2a,D,descriptive_name,,,
AGPL4,C,bare_gene_symbol,,,
AGPPase,D,descriptive_name,,,
AGPS,C,bare_gene_symbol,,,
AGPS1,C,bare_gene_symbol,,,
AGPS1-a/b,D,descriptive_name,,,
AGPS2,C,bare_gene_symbol,,,
AGPS2b,D,descriptive_name,,,
Agrobacterium rhizogenes rolD gene,D,descriptive_name,,,
Agrobacterium virulence genes,D,descriptive_name,,,
AGT2,C,bare_gene_symbol,,,
AH,E,noise_too_short,,,
AHA proton pumps,D,descriptive_name,,,
Aha1,C,bare_gene_symbol,,,
AHA10,C,bare_gene_symbol,,,
AHA2,C,bare_gene_symbol,,,
AHA2-Thr947P,D,descriptive_name,,,
AHA4 H+ATPases,D,descriptive_name,,,
AhAOC,B,species_prefix_Ah,Ah,AOC,
AhAPX,B,species_prefix_Ah,Ah,APX,
AHAs,D,descriptive_name,,,
AhBAMY,B,species_prefix_Ah,Ah,BAMY,
AhCaM,B,species_prefix_Ah,Ah,CaM,
AHG1,C,bare_gene_symbol,,,
AHG11,C,bare_gene_symbol,,,
AHK,C,bare_gene_symbol,,,
AHK2,C,bare_gene_symbol,,,
AHK2/3/4,D,descriptive_name,,,
AHK2/3/4 receptors,D,descriptive_name,,,
AHK2_3_4,D,descriptive_name,,,
AHK2_3_4-related gene,D,descriptive_name,,,
AHK3,C,bare_gene_symbol,,,
ahk4,D,descriptive_name,,,
AHKs,D,descriptive_name,,,
AHL,C,bare_gene_symbol,,,
AHL genes,D,descriptive_name,,,
AHL15,C,bare_gene_symbol,,,
ahl15 ahl19 amiRAHL20,D,descriptive_name,,,
AHL19,C,bare_gene_symbol,,,
AHL20,C,bare_gene_symbol,,,
AHP,C,bare_gene_symbol,,,
AHP gene,D,descriptive_name,,,
AHP phosphotransfer proteins,D,descriptive_name,,,
AHP4,C,bare_gene_symbol,,,
AhpC peroxiredoxin proteins,D,descriptive_name,,,
AHPs,D,descriptive_name,,,
AhSOD,B,species_prefix_Ah,Ah,SOD,
AhWSI 227,D,descriptive_name,,,
AhWSI 275,D,descriptive_name,,,
AhWSI 306,D,descriptive_name,,,
AhWSI 36,D,descriptive_name,,,
AhWSI 465,D,descriptive_name,,,
AI,E,noise_too_short,,,
AI5L3,C,bare_gene_symbol,,,
AIA oxidase,D,descriptive_name,,,
AIDA,C,bare_gene_symbol,,,
AIF,C,bare_gene_symbol,,,
AIH,C,bare_gene_symbol,,,
AIH1,C,bare_gene_symbol,,,
aInv,D,descriptive_name,,,
AIP,C,bare_gene_symbol,,,
AIR3,C,bare_gene_symbol,,,
AIT,C,bare_gene_symbol,,,
AITR1,C,bare_gene_symbol,,,
AITR5,C,bare_gene_symbol,,,
AITRL,C,bare_gene_symbol,,,
AK353596.1,C,bare_gene_symbol,,,
AK354495,C,bare_gene_symbol,,,
AKIN gamma1,D,descriptive_name,,,
AKINβγ protein kinase,D,descriptive_name,,,
AKIP1,C,bare_gene_symbol,,,
AKR,C,bare_gene_symbol,,,
AKR1B,C,bare_gene_symbol,,,
AKS2,C,bare_gene_symbol,,,
AKT1,C,bare_gene_symbol,,,
AKT1 K+ channel,D,descriptive_name,,,
Ala AT,D,descriptive_name,,,
ALA dehydratase,D,descriptive_name,,,
ALA family,D,descriptive_name,,,
ALA protein family,D,descriptive_name,,,
ALA synthase,D,descriptive_name,,,
ALA-AT,D,descriptive_name,,,
ALA10,C,bare_gene_symbol,,,
ALA2,C,bare_gene_symbol,,,
ALA3,C,bare_gene_symbol,,,
ala6,D,descriptive_name,,,
ala6 mutant,D,descriptive_name,,,
ala6 mutants,D,descriptive_name,,,
ALAD,C,bare_gene_symbol,,,
ALAD genes,D,descriptive_name,,,
Alanine aminotransferase,D,descriptive_name,,,
alanine aminotransferase 2,D,descriptive_name,,,
alanine biosynthesis genes,D,descriptive_name,,,
alanine decarboxylase,D,descriptive_name,,,
alanine--glyoxylate aminotransferase,D,descriptive_name,,,
Alanine-glyoxylate aminotransferase,D,descriptive_name,,,
alanine-glyoxylate aminotransferase-2,D,descriptive_name,,,
alanine-glyoxylate transaminase,D,descriptive_name,,,
alanine/glyoxylate aminotransferase,D,descriptive_name,,,
ALB1,C,bare_gene_symbol,,,
ALBINO3-like protein 1,D,descriptive_name,,,
Albumin,D,descriptive_name,,,
albumin-globulin,D,descriptive_name,,,
Albumins,D,descriptive_name,,,
Alc regulon expression system,D,descriptive_name,,,
alcohol dehydrogenase,D,descriptive_name,,,
alcohol dehydrogenase gene,D,descriptive_name,,,
alcohol dehydrogenases,D,descriptive_name,,,
alcohol oxidases,D,descriptive_name,,,
alcohol-forming fatty acyl reductase,D,descriptive_name,,,
alcohol-forming fatty acyl reductases,D,descriptive_name,,,
ALD,C,bare_gene_symbol,,,
ALD1,C,bare_gene_symbol,,,
aldehyde decarbonylase,D,descriptive_name,,,
aldehyde dehydrogenase,D,descriptive_name,,,
aldehyde dehydrogenase (NAD+),D,descriptive_name,,,
aldehyde dehydrogenase family 2 member B4,D,descriptive_name,,,
aldehyde dehydrogenase gene,D,descriptive_name,,,
Aldehyde dehydrogenases,D,descriptive_name,,,
aldehyde oxidase,D,descriptive_name,,,
aldehyde oxidase genes,D,descriptive_name,,,
aldehyde oxidase homolog,D,descriptive_name,,,
aldehyde oxidases,D,descriptive_name,,,
Aldehyde reductase,D,descriptive_name,,,
ALDH,C,bare_gene_symbol,,,
ALDH enzymes,D,descriptive_name,,,
ALDH fold,D,descriptive_name,,,
ALDH genes,D,descriptive_name,,,
ALDH superfamily,D,descriptive_name,,,
ALDH10,C,bare_gene_symbol,,,
ALDH10A8,C,bare_gene_symbol,,,
ALDH10A9,C,bare_gene_symbol,,,
ALDH12A1,C,bare_gene_symbol,,,
ALDH2C4,C,bare_gene_symbol,,,
ALDH3F1,C,bare_gene_symbol,,,
ALDH3H1,C,bare_gene_symbol,,,
ALDH3I1,C,bare_gene_symbol,,,
ALDH5F1,C,bare_gene_symbol,,,
ALDH6B2,C,bare_gene_symbol,,,
ALDH7B4,C,bare_gene_symbol,,,
ALDH9,C,bare_gene_symbol,,,
ALDO,C,bare_gene_symbol,,,
aldo-keto reductase,D,descriptive_name,,,
aldo-keto-reductase domain-containing proteins,D,descriptive_name,,,
aldo/keto reductase,D,descriptive_name,,,
aldolase,D,descriptive_name,,,
aldolase-type TIM barrel family,D,descriptive_name,,,
aldolase-type TIM barrel family protein,D,descriptive_name,,,
Aldolase-type TIM barrel proteins,D,descriptive_name,,,
aldolases,D,descriptive_name,,,
aldonolactonase,D,descriptive_name,,,
Aldose 1-epimerase,D,descriptive_name,,,
Alexa 488,D,descriptive_name,,,
Alexa 488 secondary antibodies,D,descriptive_name,,,
algI,D,descriptive_name,,,
alginate biosynthesis protein,D,descriptive_name,,,
alginate lyase,D,descriptive_name,,,
algJ,D,descriptive_name,,,
ali-esterase enzyme,D,descriptive_name,,,
ALI1,C,bare_gene_symbol,,,
ALKALI-THERMAL TOLERANCE 1/2,D,descriptive_name,,,
alkaline phosphatase,D,descriptive_name,,,
alkaline sucrose-specific invertase,D,descriptive_name,,,
alkaline ɑ-galactosidase,D,descriptive_name,,,
alkaline/neutral invertases,D,descriptive_name,,,
alkaline/neutral sucrase,D,descriptive_name,,,
alkaloid-like genes,D,descriptive_name,,,
alkane hydroxylase MAH1,D,descriptive_name,,,
AlkB homolog,D,descriptive_name,,,
AlkB protein,D,descriptive_name,,,
ALKBH,C,bare_gene_symbol,,,
ALKBH demethylases,D,descriptive_name,,,
ALKBH family,D,descriptive_name,,,
ALKBH gene family,D,descriptive_name,,,
ALKBH proteins,D,descriptive_name,,,
ALKBH10B,C,bare_gene_symbol,,,
ALKBH2,C,bare_gene_symbol,,,
ALKBH2 orthologs,D,descriptive_name,,,
ALKBH2 protein,D,descriptive_name,,,
ALKBH5,C,bare_gene_symbol,,,
ALKBH6,C,bare_gene_symbol,,,
ALKBH6-GFP,D,descriptive_name,,,
ALKBH8,C,bare_gene_symbol,,,
ALKBH9B,C,bare_gene_symbol,,,
ALKBH9B2,C,bare_gene_symbol,,,
ALKBHs,D,descriptive_name,,,
alkenal/one oxidoreductase,D,descriptive_name,,,
alkylresorcinol synthases,D,descriptive_name,,,
allene oxidase synthase,D,descriptive_name,,,
Allene oxide cyclas,D,descriptive_name,,,
allene oxide cyclase,D,descriptive_name,,,
allene oxide cyclase 3,D,descriptive_name,,,
ALLENE OXIDE SYNTHASE,D,descriptive_name,,,
allene oxide synthase 3,D,descriptive_name,,,
allenoxide synthase 2,D,descriptive_name,,,
ALMT,C,bare_gene_symbol,,,
ALMT1,C,bare_gene_symbol,,,
ALMT1 gene,D,descriptive_name,,,
ALMT9,C,bare_gene_symbol,,,
ALMTs,D,descriptive_name,,,
alpha,D,descriptive_name,,,
ALPHA AMYLASE,D,descriptive_name,,,
alpha chains,D,descriptive_name,,,
alpha dioxygenase,D,descriptive_name,,,
Alpha trehalose-phosphate synthase,D,descriptive_name,,,
"alpha-1,3-arabinosyltransferase",D,descriptive_name,,,
"alpha-1,4-glucan-protein synthase proteins",D,descriptive_name,,,
alpha-acetolactate decarboxylase,D,descriptive_name,,,
alpha-AMS,D,descriptive_name,,,
alpha-AMS 3,D,descriptive_name,,,
alpha-Amy3E,D,descriptive_name,,,
alpha-amylase,D,descriptive_name,,,
alpha-amylase genes,D,descriptive_name,,,
alpha-amylase inhibitor,D,descriptive_name,,,
alpha-amylase inhibitor 28,D,descriptive_name,,,
Alpha-amylase inhibitors,D,descriptive_name,,,
alpha-amylase isozyme 3E,D,descriptive_name,,,
alpha-amylase-like,D,descriptive_name,,,
alpha-amylase2,D,descriptive_name,,,
alpha-amylases,D,descriptive_name,,,
alpha-amyloglucosidase,D,descriptive_name,,,
Alpha-amylose,D,descriptive_name,,,
alpha-arabinofuranosidase,D,descriptive_name,,,
alpha-crystallin domain 32.1,D,descriptive_name,,,
alpha-crystallin domain-containing protein,D,descriptive_name,,,
alpha-crystalline domain,D,descriptive_name,,,
alpha-crystalline HSP,D,descriptive_name,,,
alpha-crystalline-domain containing chaperones,D,descriptive_name,,,
alpha-dioxygenase,D,descriptive_name,,,
alpha-DIOXYGENASE 1,D,descriptive_name,,,
alpha-DOX1,D,descriptive_name,,,
alpha-expansin,D,descriptive_name,,,
alpha-GAL,D,descriptive_name,,,
alpha-galactosidase,D,descriptive_name,,,
alpha-galactosidase enzyme,D,descriptive_name,,,
alpha-galactosidase gene,D,descriptive_name,,,
alpha-galactosidases,D,descriptive_name,,,
alpha-gliadin,D,descriptive_name,,,
alpha-globulin,D,descriptive_name,,,
alpha-glucan water dikinase,D,descriptive_name,,,
alpha-glucosidase,D,descriptive_name,,,
alpha-humulene synthase,D,descriptive_name,,,
alpha-ketoglutarate dehydrogenase,D,descriptive_name,,,
alpha-ketoglutarate-dependent GABA transaminase,D,descriptive_name,,,
alpha-L-arabinofuranosidase,D,descriptive_name,,,
alpha-pinene synthase,D,descriptive_name,,,
Alpha-terpineol synthase-like,D,descriptive_name,,,
alpha-trehalase,D,descriptive_name,,,
Alpha-trehalose-phosphate synthase,D,descriptive_name,,,
alpha-TUB,D,descriptive_name,,,
alpha-type carbonic anhydrases,D,descriptive_name,,,
alpha-xylosidases,D,descriptive_name,,,
alpha/beta family,D,descriptive_name,,,
ALS,C,bare_gene_symbol,,,
"alternative nicotinamide adenine dinucleotide phosphate, reduced [NAD(P)H]-ubiquinone oxidoreductase B1",D,descriptive_name,,,
alternative oxidase,D,descriptive_name,,,
alternative oxidases,D,descriptive_name,,,
aluminium tolerance gene,D,descriptive_name,,,
aluminium-activated malate transporter,D,descriptive_name,,,
aluminum-activated malate transporter,D,descriptive_name,,,
aluminum-activated malate transporters,D,descriptive_name,,,
AmDREB3,B,species_prefix_Am,Am,DREB3,
AmGSTF1,B,species_prefix_Am,Am,GSTF1,
amidase family protein,D,descriptive_name,,,
Amide I,D,descriptive_name,,,
Amide transport,D,descriptive_name,,,
amido synthetase,D,descriptive_name,,,
amido synthetases,D,descriptive_name,,,
amidohydrolase,D,descriptive_name,,,
amidophosphoribosyltransferase,D,descriptive_name,,,
amine oxidase,D,descriptive_name,,,
amine oxidase enzymes,D,descriptive_name,,,
amine oxidase genes,D,descriptive_name,,,
amine oxidases,D,descriptive_name,,,
amino acid permease,D,descriptive_name,,,
amino acid permease 6,D,descriptive_name,,,
amino acid permeases,D,descriptive_name,,,
amino acid transporter genes,D,descriptive_name,,,
amino acid transporters,D,descriptive_name,,,
amino acid-polyamine-choline,D,descriptive_name,,,
amino acid/choline transporters,D,descriptive_name,,,
amino methyltransferase,D,descriptive_name,,,
amino peptidases,D,descriptive_name,,,
aminoacyl tRNA synthetases,D,descriptive_name,,,
aminoacyl-tRNA synthase,D,descriptive_name,,,
aminoacyl-tRNA synthases,D,descriptive_name,,,
aminoacyl-tRNA synthetase,D,descriptive_name,,,
aminocyclopropane-1-carboxylate deaminase,D,descriptive_name,,,
aminocyclopropane-1-carboxylate oxidase,D,descriptive_name,,,
aminocyclopropanecarboxylate oxidase,D,descriptive_name,,,
aminopeptidase,D,descriptive_name,,,
Aminophospholipid ATPase6,D,descriptive_name,,,
aminotransferase,D,descriptive_name,,,
aminotransferase TAT2,D,descriptive_name,,,
aminotransferases,D,descriptive_name,,,
amiR-J3,D,descriptive_name,,,
amiRNA-D1,D,descriptive_name,,,
ammonia assimilation-related genes,D,descriptive_name,,,
ammonia monooxygenase,D,descriptive_name,,,
Ammonia Transporter,D,descriptive_name,,,
Ammonium transporter,D,descriptive_name,,,
Ammonium transporter 3 member 1-like,D,descriptive_name,,,
ammonium transporter genes,D,descriptive_name,,,
ammonium transporters,D,descriptive_name,,,
AMP,C,bare_gene_symbol,,,
AMP deaminase family protein (spot 11),D,descriptive_name,,,
ampH,D,descriptive_name,,,
AMPs,D,descriptive_name,,,
AMS,C,bare_gene_symbol,,,
AmSOD1,B,species_prefix_Am,Am,SOD1,
AmSOD2,B,species_prefix_Am,Am,SOD2,
AMT,C,bare_gene_symbol,,,
AMT1,C,bare_gene_symbol,,,
AMT1 gene family,D,descriptive_name,,,
AMT1-2,D,descriptive_name,,,
AMT1-3,D,descriptive_name,,,
AMT1;1,D,descriptive_name,,,
AMTs,D,descriptive_name,,,
AMY,C,bare_gene_symbol,,,
AMY1,C,bare_gene_symbol,,,
Amy1A,D,descriptive_name,,,
Amy1C,D,descriptive_name,,,
AMY2,C,bare_gene_symbol,,,
Amy3,C,bare_gene_symbol,,,
Amy32b,D,descriptive_name,,,
Amy32b promoter,D,descriptive_name,,,
Amy3A,D,descriptive_name,,,
AMY3B,C,bare_gene_symbol,,,
Amy3C,D,descriptive_name,,,
Amy3D,D,descriptive_name,,,
AMY3E,C,bare_gene_symbol,,,
AmyI-1,D,descriptive_name,,,
AmyII-3,B,species_prefix_Amy,Amy,II-3,
AmyII-4,B,species_prefix_Amy,Amy,II-4,
amylase,D,descriptive_name,,,
amylase genes,D,descriptive_name,,,
amylases,D,descriptive_name,,,
amyloglucosidase,D,descriptive_name,,,
Amylolytic enzymes,D,descriptive_name,,,
AMYs,D,descriptive_name,,,
AN11,C,bare_gene_symbol,,,
AN3,C,bare_gene_symbol,,,
anabolic enzymes,D,descriptive_name,,,
ANAC genes,D,descriptive_name,,,
ANAC002,C,bare_gene_symbol,,,
ANAC013,C,bare_gene_symbol,,,
ANAC019,C,bare_gene_symbol,,,
ANAC029,C,bare_gene_symbol,,,
ANAC042,C,bare_gene_symbol,,,
ANAC055,C,bare_gene_symbol,,,
ANAC072,C,bare_gene_symbol,,,
ANAC078,C,bare_gene_symbol,,,
ANAC096,C,bare_gene_symbol,,,
anaerobic metabolism genes,D,descriptive_name,,,
ANAH,C,bare_gene_symbol,,,
ANAH gene,D,descriptive_name,,,
angiotensin I-converting enzyme,D,descriptive_name,,,
angiotensin-converting enzyme,D,descriptive_name,,,
animal acetylcholinesterase,D,descriptive_name,,,
animal AChEs,D,descriptive_name,,,
anion channel,D,descriptive_name,,,
anion channels,D,descriptive_name,,,
ANJ1,C,bare_gene_symbol,,,
ANK proteins,D,descriptive_name,,,
ANN,C,bare_gene_symbol,,,
AnnAt1,B,species_prefix_Ann,Ann,At1,
ANNAT8,C,bare_gene_symbol,,,
annexin,D,descriptive_name,,,
Annexin D1-like,D,descriptive_name,,,
annexin proteins,D,descriptive_name,,,
Annexin-like proteins,D,descriptive_name,,,
ANNEXIN1,C,bare_gene_symbol,,,
ANNEXIN2,C,bare_gene_symbol,,,
ANR,C,bare_gene_symbol,,,
AnREM genes,D,descriptive_name,,,
AnREM1.2a,D,descriptive_name,,,
AnREM6.3d,D,descriptive_name,,,
AnREM6.5b,D,descriptive_name,,,
ANS,C,bare_gene_symbol,,,
ANS family,D,descriptive_name,,,
ANS1,C,bare_gene_symbol,,,
ANT17,C,bare_gene_symbol,,,
antenna chlorophyll A/B protein complex,D,descriptive_name,,,
antenna protein,D,descriptive_name,,,
antenna proteins,D,descriptive_name,,,
anther cell wall invertase,D,descriptive_name,,,
anther cell wall invertase gene,D,descriptive_name,,,
anther- and pollen-specific gene,D,descriptive_name,,,
anther- and pollen-specific genes,D,descriptive_name,,,
Anthocyanidin 3-O-glucosyltransferase,D,descriptive_name,,,
Anthocyanidin 3-O-glucosyltransferase 2-like,D,descriptive_name,,,
Anthocyanidin glycosylase,D,descriptive_name,,,
anthocyanidin reductase,D,descriptive_name,,,
anthocyanidin synthase,D,descriptive_name,,,
anthocyanidin-glycosyltransferase,D,descriptive_name,,,
Anthocyanin 3,D,descriptive_name,,,
anthocyanin 3'-O-beta-glucosyltransferase,D,descriptive_name,,,
anthocyanin 5-aromatic acyltransferase,D,descriptive_name,,,
anthocyanin 5-O-glucosyltransferase,D,descriptive_name,,,
anthocyanin acyltransferase,D,descriptive_name,,,
Anthocyanin biosynthesis genes,D,descriptive_name,,,
anthocyanin biosynthesis-related genes,D,descriptive_name,,,
anthocyanin reductase,D,descriptive_name,,,
anthocyanin regulatory C1,D,descriptive_name,,,
anthocyanin synthase,D,descriptive_name,,,
anthocyanin-related genes,D,descriptive_name,,,
anthocyanin5a,D,descriptive_name,,,
anthranilate N-methyltransferase,D,descriptive_name,,,
Anthranilate N-methyltransferase-like,D,descriptive_name,,,
anthranilate synthase,D,descriptive_name,,,
anthranilate synthase alpha subunit 1,D,descriptive_name,,,
Anthranilate synthase component 1,D,descriptive_name,,,
AntHSF16,B,species_prefix_Ant,Ant,HSF16,
AntHSF17,B,species_prefix_Ant,Ant,HSF17,
AntHSF6,B,species_prefix_Ant,Ant,HSF6,
AntHSF8,B,species_prefix_Ant,Ant,HSF8,
anti-BrdU monoclonal antibodies,D,descriptive_name,,,
anti-DNP antibodies,D,descriptive_name,,,
anti-F3H gene,D,descriptive_name,,,
anti-FLAG,D,descriptive_name,,,
anti-GFP antibodies,D,descriptive_name,,,
anti-GST,D,descriptive_name,,,
anti-H3 antibodies,D,descriptive_name,,,
anti-His,D,descriptive_name,,,
anti-oxidant defense systems,D,descriptive_name,,,
anti-oxidant defenses,D,descriptive_name,,,
anti-oxidant systems,D,descriptive_name,,,
anti-oxidative enzymes,D,descriptive_name,,,
anti-RFP antibodies,D,descriptive_name,,,
anti-StrepII-tag,D,descriptive_name,,,
anti-SUMO antibodies,D,descriptive_name,,,
Anti-Ub antibodies,D,descriptive_name,,,
anti-zeatin polyclonal antibodies,D,descriptive_name,,,
antibodies,D,descriptive_name,,,
Antifreeze proteins,D,descriptive_name,,,
antifungal proteins,D,descriptive_name,,,
antimicrobial peptide,D,descriptive_name,,,
antimicrobial peptides,D,descriptive_name,,,
antimicrobial protein,D,descriptive_name,,,
antimicrobial vicilin-like proteins,D,descriptive_name,,,
antioxidant,D,descriptive_name,,,
antioxidant and stress-responsive genes,D,descriptive_name,,,
antioxidant defense,D,descriptive_name,,,
antioxidant defense genes,D,descriptive_name,,,
antioxidant defense mechanisms,D,descriptive_name,,,
antioxidant defense system,D,descriptive_name,,,
antioxidant defense systems,D,descriptive_name,,,
antioxidant defenses,D,descriptive_name,,,
antioxidant detoxification enzymes,D,descriptive_name,,,
antioxidant enzymatic system,D,descriptive_name,,,
antioxidant enzyme,D,descriptive_name,,,
antioxidant enzyme gene,D,descriptive_name,,,
antioxidant enzyme genes,D,descriptive_name,,,
antioxidant enzyme system,D,descriptive_name,,,
antioxidant enzyme systems,D,descriptive_name,,,
antioxidant enzymes,D,descriptive_name,,,
antioxidant gene,D,descriptive_name,,,
antioxidant genes,D,descriptive_name,,,
antioxidant markers,D,descriptive_name,,,
antioxidant proteins,D,descriptive_name,,,
antioxidant scavenger genes,D,descriptive_name,,,
antioxidant scavenging defense systems,D,descriptive_name,,,
antioxidant scavenging enzymes,D,descriptive_name,,,
antioxidant scavenging system,D,descriptive_name,,,
antioxidant scavenging systems,D,descriptive_name,,,
antioxidant system,D,descriptive_name,,,
antioxidant systems,D,descriptive_name,,,
antioxidant-related genes,D,descriptive_name,,,
antioxidant-related proteins,D,descriptive_name,,,
antioxidants,D,descriptive_name,,,
antioxidative enzyme,D,descriptive_name,,,
antioxidative enzymes,D,descriptive_name,,,
antioxidative proteins,D,descriptive_name,,,
antioxidative system,D,descriptive_name,,,
antiporter,D,descriptive_name,,,
antiporters,D,descriptive_name,,,
ANX1,C,bare_gene_symbol,,,
ANX6,C,bare_gene_symbol,,,
AO,E,noise_too_short,,,
AOC,C,bare_gene_symbol,,,
AOC enzymes,D,descriptive_name,,,
AOC1,C,bare_gene_symbol,,,
AOC2,C,bare_gene_symbol,,,
AOC3,C,bare_gene_symbol,,,
AOC4,C,bare_gene_symbol,,,
AOG,C,bare_gene_symbol,,,
AOMT,C,bare_gene_symbol,,,
AOMT1,C,bare_gene_symbol,,,
AOP1,C,bare_gene_symbol,,,
AOP2,C,bare_gene_symbol,,,
AOR,C,bare_gene_symbol,,,
AOR enzyme,D,descriptive_name,,,
AOR genes,D,descriptive_name,,,
AOS,C,bare_gene_symbol,,,
AOS1,C,bare_gene_symbol,,,
AOS2,C,bare_gene_symbol,,,
AOS3,C,bare_gene_symbol,,,
AOX,C,bare_gene_symbol,,,
AOX gene,D,descriptive_name,,,
AOX1,C,bare_gene_symbol,,,
Aox1a,D,descriptive_name,,,
AOX2,C,bare_gene_symbol,,,
AOXs,D,descriptive_name,,,
AP1,C,bare_gene_symbol,,,
AP2,C,bare_gene_symbol,,,
AP2 domain,D,descriptive_name,,,
AP2 transcription factors,D,descriptive_name,,,
AP2-EREBP,D,descriptive_name,,,
AP2-ERF,D,descriptive_name,,,
AP2-ERF transcription factor family,D,descriptive_name,,,
AP2-ERF transcription factors,D,descriptive_name,,,
AP2-like ethylene-responsive transcription factor PLT2,D,descriptive_name,,,
AP2-like ethylene-responsive transcription factors,D,descriptive_name,,,
AP2-type,D,descriptive_name,,,
AP2/EREBP,D,descriptive_name,,,
AP2/EREBP family,D,descriptive_name,,,
AP2/EREBP transcription factors,D,descriptive_name,,,
AP2/ERF,D,descriptive_name,,,
AP2/ERF DNA-binding domain,D,descriptive_name,,,
AP2/ERF domain,D,descriptive_name,,,
AP2/ERF domain-containing proteins,D,descriptive_name,,,
AP2/ERF domain-containing transcription factors,D,descriptive_name,,,
AP2/ERF domains,D,descriptive_name,,,
AP2/ERF family,D,descriptive_name,,,
AP2/ERF family members,D,descriptive_name,,,
AP2/ERF family transcription factor,D,descriptive_name,,,
AP2/ERF transcription factor family,D,descriptive_name,,,
AP2/ERF transcription factor family genes,D,descriptive_name,,,
AP2/ERF transcription factor superfamily,D,descriptive_name,,,
AP2/ERF transcription factors,D,descriptive_name,,,
AP2/ERF-type transcription factors,D,descriptive_name,,,
AP2/ERFs,D,descriptive_name,,,
AP2/ethylene response element binding proteins,D,descriptive_name,,,
AP2/ethylene-responsive element binding protein,D,descriptive_name,,,
APase,D,descriptive_name,,,
APases,D,descriptive_name,,,
APC,C,bare_gene_symbol,,,
APC family,D,descriptive_name,,,
APC/CTE E3 ligase complex,D,descriptive_name,,,
apcPC,D,descriptive_name,,,
APD,C,bare_gene_symbol,,,
APETALA2,C,bare_gene_symbol,,,
APETALA2/ETHYLENE RESPONSIVE FACTOR,D,descriptive_name,,,
APEX2,C,bare_gene_symbol,,,
APF2,C,bare_gene_symbol,,,
APFI,C,bare_gene_symbol,,,
APG8,C,bare_gene_symbol,,,
APGIs,D,descriptive_name,,,
APK1,C,bare_gene_symbol,,,
APK2,C,bare_gene_symbol,,,
APL2,C,bare_gene_symbol,,,
APL3,C,bare_gene_symbol,,,
APL4,C,bare_gene_symbol,,,
apo-calmodulin,D,descriptive_name,,,
apo-CaM,D,descriptive_name,,,
APOAEQUORIN,D,descriptive_name,,,
APOD,C,bare_gene_symbol,,,
apoplastic defense genes,D,descriptive_name,,,
apoplastic genes,D,descriptive_name,,,
apoplastic peroxidases,D,descriptive_name,,,
apoprotein A1,D,descriptive_name,,,
apoproteins,D,descriptive_name,,,
APOX,C,bare_gene_symbol,,,
apple DELLA protein,D,descriptive_name,,,
apple genes,D,descriptive_name,,,
apple HSP70 genes,D,descriptive_name,,,
apple YTP genes,D,descriptive_name,,,
APR,C,bare_gene_symbol,,,
APR1,C,bare_gene_symbol,,,
APR3,C,bare_gene_symbol,,,
APRL1,C,bare_gene_symbol,,,
APRL2,C,bare_gene_symbol,,,
APRR1,C,bare_gene_symbol,,,
APRR2,C,bare_gene_symbol,,,
APS,C,bare_gene_symbol,,,
APS gene,D,descriptive_name,,,
APS kinase,D,descriptive_name,,,
APS kinase enzymes,D,descriptive_name,,,
APS kinase genes,D,descriptive_name,,,
APS kinases,D,descriptive_name,,,
APS reductase,D,descriptive_name,,,
APS reductase-like enzymes,D,descriptive_name,,,
APS1,C,bare_gene_symbol,,,
APS2,C,bare_gene_symbol,,,
APS4,C,bare_gene_symbol,,,
APSG,C,bare_gene_symbol,,,
APSGs,D,descriptive_name,,,
APSK,C,bare_gene_symbol,,,
APT,C,bare_gene_symbol,,,
APUM9,C,bare_gene_symbol,,,
APX,C,bare_gene_symbol,,,
APX 1,D,descriptive_name,,,
APX 2,D,descriptive_name,,,
APX Cyt,D,descriptive_name,,,
APX enzymes,D,descriptive_name,,,
APX gene,D,descriptive_name,,,
APX gene family,D,descriptive_name,,,
APX genes,D,descriptive_name,,,
APX proteins,D,descriptive_name,,,
APX superfamily proteins,D,descriptive_name,,,
APX-2,D,descriptive_name,,,
APX-related genes,D,descriptive_name,,,
APX1,C,bare_gene_symbol,,,
APX1/2,D,descriptive_name,,,
apx1/apx2,D,descriptive_name,,,
APX2,C,bare_gene_symbol,,,
Apx3,C,bare_gene_symbol,,,
APX4,C,bare_gene_symbol,,,
APX4 protein,D,descriptive_name,,,
APX5,C,bare_gene_symbol,,,
APX6,C,bare_gene_symbol,,,
APX8,C,bare_gene_symbol,,,
APXs,D,descriptive_name,,,
APXT,C,bare_gene_symbol,,,
APY,C,bare_gene_symbol,,,
APY gene family,D,descriptive_name,,,
APY genes,D,descriptive_name,,,
APY members,D,descriptive_name,,,
APY proteins,D,descriptive_name,,,
Apyrase,D,descriptive_name,,,
Apyrases,D,descriptive_name,,,
AQP,C,bare_gene_symbol,,,
AQPs,D,descriptive_name,,,
aquaporin,D,descriptive_name,,,
aquaporin AtTIP2;1,D,descriptive_name,,,
aquaporin channel proteins,D,descriptive_name,,,
aquaporin family,D,descriptive_name,,,
aquaporin family members,D,descriptive_name,,,
aquaporin family proteins,D,descriptive_name,,,
aquaporin gene,D,descriptive_name,,,
aquaporin genes,D,descriptive_name,,,
aquaporin PIP1-2,D,descriptive_name,,,
aquaporin promoters,D,descriptive_name,,,
aquaporin protein family,D,descriptive_name,,,
aquaporin proteins,D,descriptive_name,,,
aquaporin transporters,D,descriptive_name,,,
aquaporins,D,descriptive_name,,,
AR,E,noise_too_short,,,
AR852,C,bare_gene_symbol,,,
Ara2 promoter,D,descriptive_name,,,
Ara2-4 multigene cassette,D,descriptive_name,,,
Arabidopsis ABCC10,D,descriptive_name,,,
Arabidopsis AtProT genes,D,descriptive_name,,,
Arabidopsis AVP1,D,descriptive_name,,,
Arabidopsis CAT2,D,descriptive_name,,,
Arabidopsis CAT3,D,descriptive_name,,,
Arabidopsis CAT3 fusion proteins,D,descriptive_name,,,
Arabidopsis catalase 2,D,descriptive_name,,,
Arabidopsis cytochrome P450 proteins,D,descriptive_name,,,
Arabidopsis cytokinin oxidase 5,D,descriptive_name,,,
Arabidopsis DELLAs,D,descriptive_name,,,
Arabidopsis DNA Pol λ,D,descriptive_name,,,
Arabidopsis Elongator,D,descriptive_name,,,
Arabidopsis Elongator complex,D,descriptive_name,,,
Arabidopsis gene,D,descriptive_name,,,
Arabidopsis histidine kinases,D,descriptive_name,,,
Arabidopsis Histidine Phosphotransfer Protein,D,descriptive_name,,,
Arabidopsis JA carboxyl methyltransferase gene,D,descriptive_name,,,
Arabidopsis NPR1 gene,D,descriptive_name,,,
Arabidopsis phosphatases,D,descriptive_name,,,
Arabidopsis proteins,D,descriptive_name,,,
Arabidopsis recombinant CAT2,D,descriptive_name,,,
Arabidopsis response regulator,D,descriptive_name,,,
Arabidopsis response regulators,D,descriptive_name,,,
Arabidopsis thaliana proteome,D,descriptive_name,,,
Arabidopsis transcription factor,D,descriptive_name,,,
Arabino galactan protein,D,descriptive_name,,,
Arabinogalactan proteins,D,descriptive_name,,,
arabinogalactan-protein family gene,D,descriptive_name,,,
Arac10 homologs,D,descriptive_name,,,
Arac7,C,bare_gene_symbol,,,
arachidonate 5-lipoxygenase,D,descriptive_name,,,
arahy.1WBZ5F,D,descriptive_name,,,
arahy.BITW79,D,descriptive_name,,,
arahy.ELH53L,D,descriptive_name,,,
arahy.F4N1WH,D,descriptive_name,,,
arahy.G9F7ZA,D,descriptive_name,,,
arahy.GU2JPA,D,descriptive_name,,,
arahy.HH3FWD,D,descriptive_name,,,
arahy.HNK90J,D,descriptive_name,,,
arahy.I325BF,D,descriptive_name,,,
arahy.I56F9F,D,descriptive_name,,,
arahy.K82E85,D,descriptive_name,,,
arahy.KHTN7F,D,descriptive_name,,,
arahy.KW7RVG,D,descriptive_name,,,
arahy.MKNY28,D,descriptive_name,,,
arahy.MV6CSW,D,descriptive_name,,,
arahy.WH2MYH,D,descriptive_name,,,
ArAT,D,descriptive_name,,,
archaeal phosphoglucose isomerases,D,descriptive_name,,,
Archaeal/vacuolar-type H+-ATPases,D,descriptive_name,,,
ARD,C,bare_gene_symbol,,,
ARE,C,bare_gene_symbol,,,
AreA,D,descriptive_name,,,
AREB,C,bare_gene_symbol,,,
AREB binding proteins,D,descriptive_name,,,
AREB transcription factors,D,descriptive_name,,,
AREB/ABF,D,descriptive_name,,,
AREB/ABF factors,D,descriptive_name,,,
AREB/ABFs,D,descriptive_name,,,
AREB1,C,bare_gene_symbol,,,
AREB2,C,bare_gene_symbol,,,
AREB3,C,bare_gene_symbol,,,
AREBs,D,descriptive_name,,,
ARF,C,bare_gene_symbol,,,
ARF factors,D,descriptive_name,,,
ARF genes,D,descriptive_name,,,
ARF proteins,D,descriptive_name,,,
ARF transcription factors,D,descriptive_name,,,
ARF-like GTPase,D,descriptive_name,,,
ARF-like proteins,D,descriptive_name,,,
ARF1,C,bare_gene_symbol,,,
ARF1-binding protein,D,descriptive_name,,,
ARF10,C,bare_gene_symbol,,,
ARF11,C,bare_gene_symbol,,,
ARF12,C,bare_gene_symbol,,,
ARF16,C,bare_gene_symbol,,,
ARF17,C,bare_gene_symbol,,,
ARF18,C,bare_gene_symbol,,,
ARF19,C,bare_gene_symbol,,,
ARF2,C,bare_gene_symbol,,,
ARF23,C,bare_gene_symbol,,,
ARF25,C,bare_gene_symbol,,,
ARF3,C,bare_gene_symbol,,,
ARF4,C,bare_gene_symbol,,,
ARF5,C,bare_gene_symbol,,,
ARF5-like transcript,D,descriptive_name,,,
ARF6,C,bare_gene_symbol,,,
arf6/arf8,D,descriptive_name,,,
ARF7,C,bare_gene_symbol,,,
ARF8,C,bare_gene_symbol,,,
ARF9,C,bare_gene_symbol,,,
ARFA1F,C,bare_gene_symbol,,,
ARFs,D,descriptive_name,,,
ARG,C,bare_gene_symbol,,,
ARG1,C,bare_gene_symbol,,,
ARG1/2,D,descriptive_name,,,
ARG2,C,bare_gene_symbol,,,
ARG7,C,bare_gene_symbol,,,
arginase,D,descriptive_name,,,
arginase 1,D,descriptive_name,,,
arginine decarboxylase,D,descriptive_name,,,
arginine decarboxylase 2,D,descriptive_name,,,
arginine decarboxylase genes,D,descriptive_name,,,
arginine methyltransferase,D,descriptive_name,,,
Arginine transmembrane transporter,D,descriptive_name,,,
arginine-aspartate receptor-like protein kinase,D,descriptive_name,,,
argininosuccinate lyase,D,descriptive_name,,,
argininosuccinate synthase,D,descriptive_name,,,
Argonaute genes,D,descriptive_name,,,
ARK2,C,bare_gene_symbol,,,
ARKP1,C,bare_gene_symbol,,,
arm repeat protein interacting with ABF2,D,descriptive_name,,,
aroF,D,descriptive_name,,,
Arogenate dehydratase,D,descriptive_name,,,
arogenate dehydrogenase,D,descriptive_name,,,
aromatic-amino-acid transaminase,D,descriptive_name,,,
ARP,C,bare_gene_symbol,,,
ARPN,C,bare_gene_symbol,,,
ARR,C,bare_gene_symbol,,,
arr mutants,D,descriptive_name,,,
ARR transcription factors,D,descriptive_name,,,
arr-1,D,descriptive_name,,,
ARR-A,D,descriptive_name,,,
ARR-A family cytokinin signal regulators,D,descriptive_name,,,
ARR-B,D,descriptive_name,,,
ARR1,C,bare_gene_symbol,,,
ARR10,C,bare_gene_symbol,,,
ARR11,C,bare_gene_symbol,,,
ARR12,C,bare_gene_symbol,,,
ARR14,C,bare_gene_symbol,,,
ARR18,C,bare_gene_symbol,,,
ARR1AT,C,bare_gene_symbol,,,
ARR2,C,bare_gene_symbol,,,
ARR20,C,bare_gene_symbol,,,
"arr3,4,5,6,8,9",D,descriptive_name,,,
ARR3-9,D,descriptive_name,,,
ARR4,C,bare_gene_symbol,,,
"arr5,6,8,9",D,descriptive_name,,,
ARR6,C,bare_gene_symbol,,,
ARR8,C,bare_gene_symbol,,,
ARR9,C,bare_gene_symbol,,,
ARRs,D,descriptive_name,,,
arsC,D,descriptive_name,,,
arsenate reductase,D,descriptive_name,,,
arsenate reductases,D,descriptive_name,,,
arsenic methyl transferases,D,descriptive_name,,,
arsenic resistance proteins,D,descriptive_name,,,
arsenic/arsenate resistance gene cassette,D,descriptive_name,,,
arsenical resistance operon,D,descriptive_name,,,
arsenical-resistance protein,D,descriptive_name,,,
arsenite efflux pump,D,descriptive_name,,,
ARSs,D,descriptive_name,,,
artificial miRNA,D,descriptive_name,,,
artificial miRNA systems,D,descriptive_name,,,
AS DMGs,D,descriptive_name,,,
AS family genes,D,descriptive_name,,,
AS genes,D,descriptive_name,,,
AS-1,D,descriptive_name,,,
as-1 motif,D,descriptive_name,,,
as-1 motifs,D,descriptive_name,,,
As-induced genes,D,descriptive_name,,,
As-related transporters,D,descriptive_name,,,
AS2 gene family,D,descriptive_name,,,
ASA,C,bare_gene_symbol,,,
ASA-related genes,D,descriptive_name,,,
ASA1,C,bare_gene_symbol,,,
AsAFB2,B,species_prefix_As,As,AFB2,
ASAH2,C,bare_gene_symbol,,,
AsAOX genes,D,descriptive_name,,,
AsAOX2,B,species_prefix_As,As,AOX2,
AsAOX4,B,species_prefix_As,As,AOX4,
AsAOX6,B,species_prefix_As,As,AOX6,
AsAOX8,B,species_prefix_As,As,AOX8,
ASAT,C,bare_gene_symbol,,,
ASAT enzymes,D,descriptive_name,,,
ASC-detoxifying enzymes,D,descriptive_name,,,
AsCHLH,B,species_prefix_As,As,CHLH,
AsCOI1,B,species_prefix_As,As,COI1,
ascorbate oxidase,D,descriptive_name,,,
Ascorbate oxidase precursor,D,descriptive_name,,,
ascorbate oxidases,D,descriptive_name,,,
ascorbate peroxidase,D,descriptive_name,,,
ascorbate peroxidase 1,D,descriptive_name,,,
ASCORBATE PEROXIDASE 2,D,descriptive_name,,,
Ascorbate peroxidase 4,D,descriptive_name,,,
Ascorbate peroxidase 6,D,descriptive_name,,,
ascorbate peroxidase gene family,D,descriptive_name,,,
ascorbate peroxidases,D,descriptive_name,,,
Ascorbate peroxide,D,descriptive_name,,,
ASCORBATE PEROXISOME 1,D,descriptive_name,,,
ascorbate POD,D,descriptive_name,,,
ascorbate reductase,D,descriptive_name,,,
ascorbate reductases,D,descriptive_name,,,
ascorbate-dependent APX,D,descriptive_name,,,
ascorbate-dependent oxidoreductase,D,descriptive_name,,,
ascorbate-peroxidase,D,descriptive_name,,,
ascorbic acid oxidase,D,descriptive_name,,,
ascorbic acid peroxidase,D,descriptive_name,,,
ascorbic acid peroxidases,D,descriptive_name,,,
Ascorbic peroxidase,D,descriptive_name,,,
ascorbic peroxidases,D,descriptive_name,,,
ASFT,C,bare_gene_symbol,,,
AsGAD1,B,species_prefix_As,As,GAD1,
AsHSF,B,species_prefix_As,As,HSF,
AsHSFA-6a,B,species_prefix_As,As,HSFA-6a,
AsHSFB1,B,species_prefix_As,As,HSFB1,
AsHSP17,B,species_prefix_As,As,HSP17,
AsHSP20 family,D,descriptive_name,,,
AsHSP20 gene family,D,descriptive_name,,,
AsHSP20 genes,D,descriptive_name,,,
AsHSP20-3,B,species_prefix_As,As,HSP20-3,
AsHSP20-38,B,species_prefix_As,As,HSP20-38,
AsHSP20-64,B,species_prefix_As,As,HSP20-64,
AsHSP20-79,B,species_prefix_As,As,HSP20-79,
AsHSP20-8,B,species_prefix_As,As,HSP20-8,
AsHSP20-81,B,species_prefix_As,As,HSP20-81,
AsHSP20-90,B,species_prefix_As,As,HSP20-90,
AsHSP20-93,B,species_prefix_As,As,HSP20-93,
AsHSP20-94,B,species_prefix_As,As,HSP20-94,
AsHSP26.8,D,descriptive_name,,,
AsHSP26.8a,D,descriptive_name,,,
AsHSP70 genes,D,descriptive_name,,,
AsHSP82,B,species_prefix_As,As,HSP82,
AsHSP90,B,species_prefix_As,As,HSP90,
AsHSP90 gene family,D,descriptive_name,,,
AsHSP90-1,B,species_prefix_As,As,HSP90-1,
AsHSP90-12,B,species_prefix_As,As,HSP90-12,
AsHSP90-13,B,species_prefix_As,As,HSP90-13,
AsHSP90-14,B,species_prefix_As,As,HSP90-14,
AsHSP90-15,B,species_prefix_As,As,HSP90-15,
AsHSP90-16,B,species_prefix_As,As,HSP90-16,
AsHSP90-18,B,species_prefix_As,As,HSP90-18,
AsHSP90-19,B,species_prefix_As,As,HSP90-19,
AsHSP90-2,B,species_prefix_As,As,HSP90-2,
AsHSP90-20,B,species_prefix_As,As,HSP90-20,
AsHSP90-3,B,species_prefix_As,As,HSP90-3,
AsHSP90-4,B,species_prefix_As,As,HSP90-4,
AsHSP90-7,B,species_prefix_As,As,HSP90-7,
ASK,C,bare_gene_symbol,,,
ASK1,C,bare_gene_symbol,,,
ASMT,C,bare_gene_symbol,,,
ASMT gene,D,descriptive_name,,,
ASMT genes,D,descriptive_name,,,
ASN2,C,bare_gene_symbol,,,
Asn73A,D,descriptive_name,,,
ASNase,D,descriptive_name,,,
AsNHX1,B,species_prefix_As,As,NHX1,
AsNRT,B,species_prefix_As,As,NRT,
ASO,C,bare_gene_symbol,,,
ASP,C,bare_gene_symbol,,,
Asp AT,D,descriptive_name,,,
ASP-AT,D,descriptive_name,,,
Asp219B,D,descriptive_name,,,
ASP3,C,bare_gene_symbol,,,
asparaginase,D,descriptive_name,,,
asparagine synthase,D,descriptive_name,,,
asparagine synthase gene,D,descriptive_name,,,
asparagine synthetase,D,descriptive_name,,,
asparagine synthetase 2,D,descriptive_name,,,
asparagine synthetase enzymes,D,descriptive_name,,,
asparagine synthetase gene,D,descriptive_name,,,
asparagine synthetase genes,D,descriptive_name,,,
asparagine-rich protein,D,descriptive_name,,,
Aspartate Amino Transferase,D,descriptive_name,,,
aspartate aminotransferase,D,descriptive_name,,,
aspartate aminotransferases,D,descriptive_name,,,
aspartate kinase,D,descriptive_name,,,
aspartate oxidase,D,descriptive_name,,,
aspartate residues,D,descriptive_name,,,
Aspartate synthesis genes,D,descriptive_name,,,
aspartate transcarbamoylase,D,descriptive_name,,,
Aspartic peptidases,D,descriptive_name,,,
aspartic proteases,D,descriptive_name,,,
aspartyl protease,D,descriptive_name,,,
AsPBGD,B,species_prefix_As,As,PBGD,
AsPCF6,B,species_prefix_As,As,PCF6,
ASPG1,C,bare_gene_symbol,,,
ASPG1 gene,D,descriptive_name,,,
AsPOR,B,species_prefix_As,As,POR,
AsPPH,B,species_prefix_As,As,PPH,
ASR,C,bare_gene_symbol,,,
ASR proteins,D,descriptive_name,,,
ASR1,C,bare_gene_symbol,,,
ASR1 protein,D,descriptive_name,,,
ASR2,C,bare_gene_symbol,,,
Asr4,C,bare_gene_symbol,,,
ASR5,C,bare_gene_symbol,,,
ASS,C,bare_gene_symbol,,,
ASS1,C,bare_gene_symbol,,,
assembly kit,D,descriptive_name,,,
assimilatory proteins,D,descriptive_name,,,
associated proteins,D,descriptive_name,,,
AsSOD genes,D,descriptive_name,,,
AsSOD4,B,species_prefix_As,As,SOD4,
ASSs,D,descriptive_name,,,
AST,C,bare_gene_symbol,,,
AsTIR1,B,species_prefix_As,As,TIR1,
AsVP1,B,species_prefix_As,As,VP1,
AT,E,noise_too_short,,,
AT-HOOK MOTIF CONTAINING NUCLEAR LOCALIZED,D,descriptive_name,,,
AT1G01120,A,arabidopsis_locus,,,
AT1G03090,A,arabidopsis_locus,,,
at1g09890,A,arabidopsis_locus,,,
at1g10640,A,arabidopsis_locus,,,
At1g11137,A,arabidopsis_locus,,,
at1g12110,A,arabidopsis_locus,,,
At1g13640,A,arabidopsis_locus,,,
At1g16700,A,arabidopsis_locus,,,
At1g19180,A,arabidopsis_locus,,,
at1g19300,A,arabidopsis_locus,,,
At1g22640,A,arabidopsis_locus,,,
at1g23310,A,arabidopsis_locus,,,
AT1G23860,A,arabidopsis_locus,,,
AT1G27730,A,arabidopsis_locus,,,
At1g31170,A,arabidopsis_locus,,,
at1g31190,A,arabidopsis_locus,,,
At1g45249,A,arabidopsis_locus,,,
At1g52560,A,arabidopsis_locus,,,
AT1G53440,A,arabidopsis_locus,,,
At1g60490,A,arabidopsis_locus,,,
at1g60590,A,arabidopsis_locus,,,
At1g63840,A,arabidopsis_locus,,,
AT1G69700,A,arabidopsis_locus,,,
at1g70000,A,arabidopsis_locus,,,
at1g72810,A,arabidopsis_locus,,,
AT1G73120,A,arabidopsis_locus,,,
At1g73590,A,arabidopsis_locus,,,
AT1G74430,A,arabidopsis_locus,,,
AT1G74670,A,arabidopsis_locus,,,
At1g74710,A,arabidopsis_locus,,,
At1g74880,A,arabidopsis_locus,,,
AT1G76940,A,arabidopsis_locus,,,
At2g02360,A,arabidopsis_locus,,,
At2g03760,A,arabidopsis_locus,,,
at2g15620,A,arabidopsis_locus,,,
At2g16060,A,arabidopsis_locus,,,
AT2G18890.1,A,arabidopsis_locus,,,
AT2G19940,A,arabidopsis_locus,,,
At2g20900,A,arabidopsis_locus,,,
AT2G21250,A,arabidopsis_locus,,,
AT2G22770,A,arabidopsis_locus,,,
AT2G29440,A,arabidopsis_locus,,,
At2g29500,A,arabidopsis_locus,,,
At2g33380,A,arabidopsis_locus,,,
AT2G33710,A,arabidopsis_locus,,,
AT2G34850,A,arabidopsis_locus,,,
at2g38290,A,arabidopsis_locus,,,
At2g41680,A,arabidopsis_locus,,,
At2g42790,A,arabidopsis_locus,,,
AT2G43090,A,arabidopsis_locus,,,
AT2G44840,A,arabidopsis_locus,,,
At2g46680,A,arabidopsis_locus,,,
At2g46830,A,arabidopsis_locus,,,
At2g47040,A,arabidopsis_locus,,,
AT3,C,bare_gene_symbol,,,
AT3 gene,D,descriptive_name,,,
At3g01520,A,arabidopsis_locus,,,
At3g03270,A,arabidopsis_locus,,,
AT3G07020,A,arabidopsis_locus,,,
At3g09640,A,arabidopsis_locus,,,
At3g11410,A,arabidopsis_locus,,,
At3g11630,A,arabidopsis_locus,,,
At3g14270,A,arabidopsis_locus,,,
At3g15730,A,arabidopsis_locus,,,
AT3G21230,A,arabidopsis_locus,,,
At3g21360,A,arabidopsis_locus,,,
at3g22740,A,arabidopsis_locus,,,
AT3G28220,A,arabidopsis_locus,,,
At3g28910,A,arabidopsis_locus,,,
At3g29680-like,D,descriptive_name,,,
AT3G30460,A,arabidopsis_locus,,,
AT3G44300,A,arabidopsis_locus,,,
At3g47600,A,arabidopsis_locus,,,
AT3G49940,A,arabidopsis_locus,,,
AT3G51240,A,arabidopsis_locus,,,
AT3G52990,A,arabidopsis_locus,,,
At3g54230,A,arabidopsis_locus,,,
AT3G55120,A,arabidopsis_locus,,,
At3g55800,A,arabidopsis_locus,,,
at3g61580,A,arabidopsis_locus,,,
At4CL1,C,bare_gene_symbol,,,
AT4G00040,A,arabidopsis_locus,,,
AT4G01470,A,arabidopsis_locus,,,
AT4G01850,A,arabidopsis_locus,,,
AT4G05090,A,arabidopsis_locus,,,
AT4G08950,A,arabidopsis_locus,,,
At4g09010,A,arabidopsis_locus,,,
At4g15560,A,arabidopsis_locus,,,
AT4G16980,A,arabidopsis_locus,,,
AT4G17500,A,arabidopsis_locus,,,
AT4G18280,A,arabidopsis_locus,,,
At4g21670,A,arabidopsis_locus,,,
AT4G22880,A,arabidopsis_locus,,,
At4g25200,A,arabidopsis_locus,,,
At4g29380,A,arabidopsis_locus,,,
At4g33070,A,arabidopsis_locus,,,
At4g33240,A,arabidopsis_locus,,,
At4g33950,A,arabidopsis_locus,,,
At4g34000,A,arabidopsis_locus,,,
AT5G01410,A,arabidopsis_locus,,,
At5g01990,A,arabidopsis_locus,,,
At5g03860,A,arabidopsis_locus,,,
At5g06290,A,arabidopsis_locus,,,
at5g07440,A,arabidopsis_locus,,,
AT5G07580,A,arabidopsis_locus,,,
At5g07920,A,arabidopsis_locus,,,
AT5G10770,A,arabidopsis_locus,,,
AT5G12010,A,arabidopsis_locus,,,
AT5G13930,A,arabidopsis_locus,,,
At5g14760,A,arabidopsis_locus,,,
AT5G15950,A,arabidopsis_locus,,,
at5g16390,A,arabidopsis_locus,,,
at5g19220,A,arabidopsis_locus,,,
at5g20260,A,arabidopsis_locus,,,
AT5G20280,A,arabidopsis_locus,,,
AT5G24150,A,arabidopsis_locus,,,
At5g36700,A,arabidopsis_locus,,,
At5g37770,A,arabidopsis_locus,,,
At5g40390,A,arabidopsis_locus,,,
AT5G47220,A,arabidopsis_locus,,,
At5g51440,A,arabidopsis_locus,,,
AT5G51820,A,arabidopsis_locus,,,
At5g52310,A,arabidopsis_locus,,,
At5g55590,A,arabidopsis_locus,,,
At5g57050,A,arabidopsis_locus,,,
At5g58260,A,arabidopsis_locus,,,
AT5G59080,A,arabidopsis_locus,,,
AT5G61510,A,arabidopsis_locus,,,
AT5G63680,A,arabidopsis_locus,,,
AT5G63990,A,arabidopsis_locus,,,
AT5G65110,A,arabidopsis_locus,,,
At5g65940,A,arabidopsis_locus,,,
AT5G67420,A,arabidopsis_locus,,,
ata-miR164c-3p,D,descriptive_name,,,
AtA/NINV2,D,descriptive_name,,,
AtAAP1-8,B,species_prefix_At,At,AAP1-8,
AtAAP2,B,species_prefix_At,At,AAP2,
AtABA1,B,species_prefix_At,At,ABA1,
AtABCB1,B,species_prefix_At,At,ABCB1,
AtABCB19,B,species_prefix_At,At,ABCB19,
AtABER2,B,species_prefix_At,At,ABER2,
AtABF3,B,species_prefix_At,At,ABF3,
AtABF4,B,species_prefix_At,At,ABF4,
AtABI,B,species_prefix_At,At,ABI,
AtABI1,B,species_prefix_At,At,ABI1,
AtABI2,B,species_prefix_At,At,ABI2,
AtABI4,B,species_prefix_At,At,ABI4,
AtABI5,B,species_prefix_At,At,ABI5,
AtACS4,B,species_prefix_At,At,ACS4,
AtADC1,B,species_prefix_At,At,ADC1,
AtADC2,B,species_prefix_At,At,ADC2,
AtADF1,B,species_prefix_At,At,ADF1,
AtADF5,B,species_prefix_At,At,ADF5,
AtADH1,B,species_prefix_At,At,ADH1,
AtADH2,B,species_prefix_At,At,ADH2,
ATAF,C,bare_gene_symbol,,,
ATAF1,C,bare_gene_symbol,,,
AtAGAL1,B,species_prefix_At,At,AGAL1,
AtAGO1,B,species_prefix_At,At,AGO1,
AtAHK1,B,species_prefix_At,At,AHK1,
AtAHK2,B,species_prefix_At,At,AHK2,
AtAHK3,B,species_prefix_At,At,AHK3,
AtAHK4,B,species_prefix_At,At,AHK4,
AtAHK5,B,species_prefix_At,At,AHK5,
AtAIB,B,species_prefix_At,At,AIB,
AtALKBH10B,B,species_prefix_At,At,ALKBH10B,
AtALMT9,B,species_prefix_At,At,ALMT9,
AtAPL2,B,species_prefix_At,At,APL2,
AtAPX,B,species_prefix_At,At,APX,
AtAPX1,B,species_prefix_At,At,APX1,
AtAPX1-8,B,species_prefix_At,At,APX1-8,
AtAPX2,B,species_prefix_At,At,APX2,
AtAPX3,B,species_prefix_At,At,APX3,
AtAPX6,B,species_prefix_At,At,APX6,
AtAPX7,B,species_prefix_At,At,APX7,
AtARF1,B,species_prefix_At,At,ARF1,
AtARF2,B,species_prefix_At,At,ARF2,
AtARF6,B,species_prefix_At,At,ARF6,
AtARF8,B,species_prefix_At,At,ARF8,
AtASAT1 ortholog,D,descriptive_name,,,
AtATX1,B,species_prefix_At,At,ATX1,
AtAUX1,B,species_prefix_At,At,AUX1,
AtBAG genes,D,descriptive_name,,,
AtBAG1,B,species_prefix_At,At,BAG1,
AtBAG2,B,species_prefix_At,At,BAG2,
AtBAG2 and AtBAG6 promoters,D,descriptive_name,,,
AtBAG3,B,species_prefix_At,At,BAG3,
AtBAG4,B,species_prefix_At,At,BAG4,
AtBAG5,B,species_prefix_At,At,BAG5,
AtBAG5-long,B,species_prefix_At,At,BAG5-long,
AtBAG6,B,species_prefix_At,At,BAG6,
AtBAG7,B,species_prefix_At,At,BAG7,
AtBASS6,B,species_prefix_At,At,BASS6,
AtBBX21,B,species_prefix_At,At,BBX21,
AtBBX22,B,species_prefix_At,At,BBX22,
AtBBX31,B,species_prefix_At,At,BBX31,
ATbetaFruct4,D,descriptive_name,,,
AtBG1,B,species_prefix_At,At,BG1,
AtBGAL17,B,species_prefix_At,At,BGAL17,
AtbHLH,B,species_prefix_Atb,Atb,HLH,
AtbHLH17,B,species_prefix_Atb,Atb,HLH17,
AtBI-1,B,species_prefix_At,At,BI-1,
AtBnMicEmUP,B,species_prefix_At,At,BnMicEmUP,
atbri,D,descriptive_name,,,
AtBSK1,B,species_prefix_At,At,BSK1,
AtBSKs,B,species_prefix_At,At,BSKs,
AtbZIP11,B,species_prefix_Atb,Atb,ZIP11,
AtbZIP17,B,species_prefix_Atb,Atb,ZIP17,
AtbZIP28,B,species_prefix_Atb,Atb,ZIP28,
AtbZIP44,B,species_prefix_Atb,Atb,ZIP44,
AtbZIP53,B,species_prefix_Atb,Atb,ZIP53,
AtbZIP60,B,species_prefix_Atb,Atb,ZIP60,
AtbZIP63,B,species_prefix_Atb,Atb,ZIP63,
ATC4H,C,bare_gene_symbol,,,
AtCaM1,B,species_prefix_At,At,CaM1,
AtCaM3,B,species_prefix_At,At,CaM3,
AtCaM4,B,species_prefix_At,At,CaM4,
AtCAND1,B,species_prefix_At,At,CAND1,
AtCAT,B,species_prefix_At,At,CAT,
AtCAT2,B,species_prefix_At,At,CAT2,
AtCathB2,B,species_prefix_At,At,CathB2,
AtCBL4,B,species_prefix_At,At,CBL4,
AtCBL5,B,species_prefix_At,At,CBL5,
AtCCR2,B,species_prefix_At,At,CCR2,
AtCDPK24,B,species_prefix_At,At,CDPK24,
AtCesA8,B,species_prefix_At,At,CesA8,
AtCGS,B,species_prefix_At,At,CGS,
AtCHS,B,species_prefix_At,At,CHS,
AtCIN7,B,species_prefix_At,At,CIN7,
AtCIPK14,B,species_prefix_At,At,CIPK14,
AtCIPK24,B,species_prefix_At,At,CIPK24,
AtCIPK6,B,species_prefix_At,At,CIPK6,
AtCLB,B,species_prefix_At,At,CLB,
AtCLH,B,species_prefix_At,At,CLH,
AtCLH1,B,species_prefix_At,At,CLH1,
AtCLH2,B,species_prefix_At,At,CLH2,
AtCML37,B,species_prefix_At,At,CML37,
AtCML39,B,species_prefix_At,At,CML39,
AtCML43,B,species_prefix_At,At,CML43,
AtCNGC2,B,species_prefix_At,At,CNGC2,
AtCNGC4,B,species_prefix_At,At,CNGC4,
AtCol4,B,species_prefix_At,At,Col4,
ATCOPIA78,C,bare_gene_symbol,,,
AtCOR15,B,species_prefix_At,At,COR15,
AtCPK1,B,species_prefix_At,At,CPK1,
AtCPK1 gene,D,descriptive_name,,,
AtCPK1-KJM23,B,species_prefix_At,At,CPK1-KJM23,
AtCPK1-KJM23 kinase,D,descriptive_name,,,
AtCRK19,B,species_prefix_At,At,CRK19,
AtCRK20,B,species_prefix_At,At,CRK20,
AtCRK28,B,species_prefix_At,At,CRK28,
AtCRK29,B,species_prefix_At,At,CRK29,
AtCRK4,B,species_prefix_At,At,CRK4,
AtCRK45,B,species_prefix_At,At,CRK45,
AtCRK5,B,species_prefix_At,At,CRK5,
AtCRK6,B,species_prefix_At,At,CRK6,
AtCRK7,B,species_prefix_At,At,CRK7,
ATCs,D,descriptive_name,,,
AtCSD1,B,species_prefix_At,At,CSD1,
AtCSD2,B,species_prefix_At,At,CSD2,
ATCSLB03,C,bare_gene_symbol,,,
ATCSLG2,C,bare_gene_symbol,,,
AtCu/ZnSOD,D,descriptive_name,,,
AtCuAO1,B,species_prefix_At,At,CuAO1,
AtCXE12,B,species_prefix_At,At,CXE12,
AtCYP707A,B,species_prefix_At,At,CYP707A,
AtCYP709B3,B,species_prefix_At,At,CYP709B3,
AtCYP710A1,B,species_prefix_At,At,CYP710A1,
AtCYP710A1 enzyme,D,descriptive_name,,,
AtCYP78A7,B,species_prefix_At,At,CYP78A7,
AtCYS5,B,species_prefix_At,At,CYS5,
AtCYS5 promoter,D,descriptive_name,,,
AtD14,B,species_prefix_At,At,D14,
AtDAD1,B,species_prefix_At,At,DAD1,
AtDFR,B,species_prefix_At,At,DFR,
AtDGAT1,B,species_prefix_At,At,DGAT1,
AtDGK2,B,species_prefix_At,At,DGK2,
AtDGL,B,species_prefix_At,At,DGL,
AtDIR5,B,species_prefix_At,At,DIR5,
AtDIR6,B,species_prefix_At,At,DIR6,
AtDjA3,B,species_prefix_At,At,DjA3,
Atdja3-null,D,descriptive_name,,,
AtDjB1,B,species_prefix_At,At,DjB1,
AtDjC5,B,species_prefix_At,At,DjC5,
AtDnaJ,B,species_prefix_At,At,DnaJ,
AtDREB1B,B,species_prefix_At,At,DREB1B,
AtDREB2A,B,species_prefix_At,At,DREB2A,
AtDREBD2A,B,species_prefix_At,At,DREBD2A,
AtDTX1,B,species_prefix_At,At,DTX1,
AtDTX29,B,species_prefix_At,At,DTX29,
AtDWF4,B,species_prefix_At,At,DWF4,
AtDXS,B,species_prefix_At,At,DXS,
AtECS1,B,species_prefix_At,At,ECS1,
ATEGY3,C,bare_gene_symbol,,,
AteIF2α,D,descriptive_name,,,
AtELP3,B,species_prefix_At,At,ELP3,
AtERF05,B,species_prefix_At,At,ERF05,
AtERF1,B,species_prefix_At,At,ERF1,
AtERF14,B,species_prefix_At,At,ERF14,
AtERF15,B,species_prefix_At,At,ERF15,
AtERF18,B,species_prefix_At,At,ERF18,
AtERF6,B,species_prefix_At,At,ERF6,
ATF1,C,bare_gene_symbol,,,
AtF3H,B,species_prefix_At,At,F3H,
AtFAD8,B,species_prefix_At,At,FAD8,
AtFBS1,B,species_prefix_At,At,FBS1,
AtFER,B,species_prefix_At,At,FER,
AtFer1-4,B,species_prefix_At,At,Fer1-4,
AtFes1A,B,species_prefix_At,At,Fes1A,
AtFKBP12,B,species_prefix_At,At,FKBP12,
AtFKBP42,B,species_prefix_At,At,FKBP42,
AtFKBP62,B,species_prefix_At,At,FKBP62,
AtFtsH11 gene,D,descriptive_name,,,
AtFtsH11 protease,D,descriptive_name,,,
AtFtsH11 protease gene,D,descriptive_name,,,
AtFtsH2,B,species_prefix_At,At,FtsH2,
AtFtsH6,B,species_prefix_At,At,FtsH6,
ATG,C,bare_gene_symbol,,,
ATG1,C,bare_gene_symbol,,,
ATG12,C,bare_gene_symbol,,,
ATG16,C,bare_gene_symbol,,,
ATG18h,D,descriptive_name,,,
ATG1c-like,D,descriptive_name,,,
ATG2,C,bare_gene_symbol,,,
atg2-1,D,descriptive_name,,,
ATG3,C,bare_gene_symbol,,,
ATG4,C,bare_gene_symbol,,,
ATG4 protease,D,descriptive_name,,,
ATG4 protein,D,descriptive_name,,,
ATG4a/4b,D,descriptive_name,,,
atg5,D,descriptive_name,,,
ATG6,C,bare_gene_symbol,,,
atg7,D,descriptive_name,,,
ATG8,C,bare_gene_symbol,,,
ATG8 protein,D,descriptive_name,,,
ATG8-OE,D,descriptive_name,,,
ATG8a,D,descriptive_name,,,
ATG8c,D,descriptive_name,,,
AtGA20ox1,B,species_prefix_At,At,GA20ox1,
AtGAD4,B,species_prefix_At,At,GAD4,
AtGASA14,B,species_prefix_At,At,GASA14,
AtGASA2,B,species_prefix_At,At,GASA2,
AtGASA3,B,species_prefix_At,At,GASA3,
AtGASA5,B,species_prefix_At,At,GASA5,
AtGAT1,B,species_prefix_At,At,GAT1,
AtGCN2,B,species_prefix_At,At,GCN2,
AtGCN2 kinase,D,descriptive_name,,,
AtGELP60,B,species_prefix_At,At,GELP60,
AtGGPPS,B,species_prefix_At,At,GGPPS,
AtGL3,B,species_prefix_At,At,GL3,
AtGL3+,D,descriptive_name,,,
AtGLIP2,B,species_prefix_At,At,GLIP2,
ATGLYI2,C,bare_gene_symbol,,,
AtGolS1,B,species_prefix_At,At,GolS1,
AtGolS1/2,D,descriptive_name,,,
AtGolS2,B,species_prefix_At,At,GolS2,
AtGolS3,B,species_prefix_At,At,GolS3,
AtGPAT3,B,species_prefix_At,At,GPAT3,
AtGPX,B,species_prefix_At,At,GPX,
AtGPX1-8,B,species_prefix_At,At,GPX1-8,
AtGPX1–8,D,descriptive_name,,,
AtGPX3,B,species_prefix_At,At,GPX3,
AtGPX8,B,species_prefix_At,At,GPX8,
AtGPXL3,B,species_prefix_At,At,GPXL3,
ATGRP7,C,bare_gene_symbol,,,
AtGRXS17,B,species_prefix_At,At,GRXS17,
ATGs,D,descriptive_name,,,
ATGSTF8,C,bare_gene_symbol,,,
ATGSTU1,C,bare_gene_symbol,,,
AtGSTU17,B,species_prefix_At,At,GSTU17,
ATGSTU24,C,bare_gene_symbol,,,
ATGSTU25,C,bare_gene_symbol,,,
ATGSTU3,C,bare_gene_symbol,,,
AtGSTU5,B,species_prefix_At,At,GSTU5,
AtGT2L,B,species_prefix_At,At,GT2L,
AtGT2L gene,D,descriptive_name,,,
AtGyrA,B,species_prefix_At,At,GyrA,
ath-miRf10317-akr,D,descriptive_name,,,
AtHAG3,B,species_prefix_At,At,HAG3,
ATHB transcription factors,D,descriptive_name,,,
ATHB-12,D,descriptive_name,,,
AtHB12,B,species_prefix_At,At,HB12,
AtHB13,B,species_prefix_At,At,HB13,
ATHB2,C,bare_gene_symbol,,,
AtHB5,B,species_prefix_At,At,HB5,
AtHB6,B,species_prefix_At,At,HB6,
ATHB7,C,bare_gene_symbol,,,
ATHB8,C,bare_gene_symbol,,,
AtHDR,B,species_prefix_At,At,HDR,
AtHELs,B,species_prefix_At,At,HELs,
AthFAD2A,B,species_prefix_Ath,Ath,FAD2A,
AthFAD3A,B,species_prefix_Ath,Ath,FAD3A,
AthFAD4,B,species_prefix_Ath,Ath,FAD4,
AthFAD6,B,species_prefix_Ath,Ath,FAD6,
AtHIPP22,B,species_prefix_At,At,HIPP22,
AtHIPP26,B,species_prefix_At,At,HIPP26,
ATHK1,C,bare_gene_symbol,,,
AtHMA4,B,species_prefix_At,At,HMA4,
AtHMA5,B,species_prefix_At,At,HMA5,
AtHMA7,B,species_prefix_At,At,HMA7,
AtHMG1,B,species_prefix_At,At,HMG1,
AtHsfA1b,B,species_prefix_At,At,HsfA1b,
AtHsfA1b-gusA,B,species_prefix_At,At,HsfA1b-gusA,
AtHSFA2,B,species_prefix_At,At,HSFA2,
AtHsfA3,B,species_prefix_At,At,HsfA3,
AtHSFA4A,B,species_prefix_At,At,HSFA4A,
AtHSFA5,B,species_prefix_At,At,HSFA5,
AtHsfA6a,B,species_prefix_At,At,HsfA6a,
AtHSFA6b,B,species_prefix_At,At,HSFA6b,
AtHSFA7a,B,species_prefix_At,At,HSFA7a,
AtHSFA7b,B,species_prefix_At,At,HSFA7b,
AtHsfA8,B,species_prefix_At,At,HsfA8,
AtHSFA9,B,species_prefix_At,At,HSFA9,
AtHSFB2a,B,species_prefix_At,At,HSFB2a,
AtHSP17.4,D,descriptive_name,,,
AtHSP17.4C1,D,descriptive_name,,,
AtHSP17.7,D,descriptive_name,,,
AtHSP17.8,D,descriptive_name,,,
AtHSP20,B,species_prefix_At,At,HSP20,
AtHSP21,B,species_prefix_At,At,HSP21,
ATHSP22.0,C,bare_gene_symbol,,,
AtHSP23-5,B,species_prefix_At,At,HSP23-5,
AtHSP90,B,species_prefix_At,At,HSP90,
AtHsp90-1,B,species_prefix_At,At,Hsp90-1,
AtHsp90-2,B,species_prefix_At,At,Hsp90-2,
AtHSP90-4,B,species_prefix_At,At,HSP90-4,
AtHSP90.1,D,descriptive_name,,,
AtHSP90.5,D,descriptive_name,,,
AtHSPR,B,species_prefix_At,At,HSPR,
AtIAA12,B,species_prefix_At,At,IAA12,
AtIAA14,B,species_prefix_At,At,IAA14,
AtIAA16,B,species_prefix_At,At,IAA16,
AtIAA19,B,species_prefix_At,At,IAA19,
AtIAA5,B,species_prefix_At,At,IAA5,
AtIAA8,B,species_prefix_At,At,IAA8,
AtIPK2,B,species_prefix_At,At,IPK2,
AtIPK2α,D,descriptive_name,,,
AtIPK2α/β,D,descriptive_name,,,
AtIPK2β,D,descriptive_name,,,
AtJAT3,B,species_prefix_At,At,JAT3,
AtJAT4,B,species_prefix_At,At,JAT4,
AtJAZ10,B,species_prefix_At,At,JAZ10,
AtJAZ5,B,species_prefix_At,At,JAZ5,
AtJAZ7,B,species_prefix_At,At,JAZ7,
AtJMJ18,B,species_prefix_At,At,JMJ18,
AtJMT gene,D,descriptive_name,,,
AtKCS05,B,species_prefix_At,At,KCS05,
AtKCS06,B,species_prefix_At,At,KCS06,
AtKIN1,B,species_prefix_At,At,KIN1,
AtKLU,B,species_prefix_At,At,KLU,
AtKTI1,B,species_prefix_At,At,KTI1,
ATL31,C,bare_gene_symbol,,,
ATL6,C,bare_gene_symbol,,,
AtLBD37,B,species_prefix_At,At,LBD37,
AtLBD38,B,species_prefix_At,At,LBD38,
AtLBD39,B,species_prefix_At,At,LBD39,
AtLBD40,B,species_prefix_At,At,LBD40,
AtLDOX,B,species_prefix_At,At,LDOX,
AtLEP,B,species_prefix_At,At,LEP,
AtLHT1,B,species_prefix_At,At,LHT1,
AtLHT2,B,species_prefix_At,At,LHT2,
AtLHT4,B,species_prefix_At,At,LHT4,
AtLHT5,B,species_prefix_At,At,LHT5,
AtLHT6,B,species_prefix_At,At,LHT6,
AtLOX1,B,species_prefix_At,At,LOX1,
AtLOX2,B,species_prefix_At,At,LOX2,
AtLOX3,B,species_prefix_At,At,LOX3,
AtLOX4,B,species_prefix_At,At,LOX4,
AtLOX5,B,species_prefix_At,At,LOX5,
AtLOX6,B,species_prefix_At,At,LOX6,
AtLPAT4,B,species_prefix_At,At,LPAT4,
AtLPAT5,B,species_prefix_At,At,LPAT5,
AtLPP2,B,species_prefix_At,At,LPP2,
AtLTI65,B,species_prefix_At,At,LTI65,
AtLTL1,B,species_prefix_At,At,LTL1,
ATLTP44,C,bare_gene_symbol,,,
AtLURP1,B,species_prefix_At,At,LURP1,
AtMAPKKK18,B,species_prefix_At,At,MAPKKK18,
AtMAX2,B,species_prefix_At,At,MAX2,
AtMBF1 genes,D,descriptive_name,,,
AtMBF1c,B,species_prefix_At,At,MBF1c,
AtMGL,B,species_prefix_At,At,MGL,
AtMGL gene,D,descriptive_name,,,
AtMIOX4,B,species_prefix_At,At,MIOX4,
AtMIPS1,B,species_prefix_At,At,MIPS1,
AtMIPS2,B,species_prefix_At,At,MIPS2,
AtMPK8,B,species_prefix_At,At,MPK8,
AtMYB,B,species_prefix_At,At,MYB,
AtMYB1,B,species_prefix_At,At,MYB1,
AtMYB101,B,species_prefix_At,At,MYB101,
AtMYB111,B,species_prefix_At,At,MYB111,
AtMYB113,B,species_prefix_At,At,MYB113,
AtMYB12,B,species_prefix_At,At,MYB12,
AtMYB15,B,species_prefix_At,At,MYB15,
AtMYB2,B,species_prefix_At,At,MYB2,
AtMYB33,B,species_prefix_At,At,MYB33,
AtMYB4,B,species_prefix_At,At,MYB4,
AtMYB44,B,species_prefix_At,At,MYB44,
AtMYB5,B,species_prefix_At,At,MYB5,
AtMYB52,B,species_prefix_At,At,MYB52,
AtMYB68,B,species_prefix_At,At,MYB68,
AtMYB75,B,species_prefix_At,At,MYB75,
AtMYB90,B,species_prefix_At,At,MYB90,
AtMYBS1,B,species_prefix_At,At,MYBS1,
AtNAC2,B,species_prefix_At,At,NAC2,
AtNAP,B,species_prefix_At,At,NAP,
AtNCED,B,species_prefix_At,At,NCED,
AtNCED3,B,species_prefix_At,At,NCED3,
AtNF-YA1,B,species_prefix_At,At,NF-YA1,
AtNF-YA5,B,species_prefix_At,At,NF-YA5,
AtNHX1,B,species_prefix_At,At,NHX1,
AtNOL,B,species_prefix_At,At,NOL,
AtNOS1,B,species_prefix_At,At,NOS1,
AtNPC1,B,species_prefix_At,At,NPC1,
AtNPF4.4,D,descriptive_name,,,
AtNPR1,B,species_prefix_At,At,NPR1,
AtNPR1 gene,D,descriptive_name,,,
AtNRT1.1,D,descriptive_name,,,
atnrt1.5,D,descriptive_name,,,
AtNRT1.8,D,descriptive_name,,,
AtNYC,B,species_prefix_At,At,NYC,
AtOPR3,B,species_prefix_At,At,OPR3,
AtOZF2,B,species_prefix_At,At,OZF2,
ATP,C,bare_gene_symbol,,,
ATP binding proteins,D,descriptive_name,,,
ATP citrate lyase,D,descriptive_name,,,
ATP sulfurylase,D,descriptive_name,,,
ATP sulfurylase 2,D,descriptive_name,,,
ATP sulphurylase,D,descriptive_name,,,
ATP synthase,D,descriptive_name,,,
ATP synthase alpha,D,descriptive_name,,,
ATP synthase alpha subunit,D,descriptive_name,,,
ATP synthase beta,D,descriptive_name,,,
ATP synthase beta subunit,D,descriptive_name,,,
ATP synthase CF1 alpha,D,descriptive_name,,,
ATP synthase CF1 alpha subunit,D,descriptive_name,,,
ATP synthase CF1 alpha subunits,D,descriptive_name,,,
ATP synthase CF1 beta subunit,D,descriptive_name,,,
ATP synthase complex,E,noise_generic_term,,,
ATP synthase complex assembly factor,D,descriptive_name,,,
ATP synthase complex subunits,D,descriptive_name,,,
ATP synthase F1 complex assembly factor,D,descriptive_name,,,
ATP synthase family,D,descriptive_name,,,
ATP synthase protein I,D,descriptive_name,,,
ATP synthase subunit alpha,D,descriptive_name,,,
ATP synthase subunit beta,D,descriptive_name,,,
ATP synthase subunit beta protein,D,descriptive_name,,,
ATP synthase subunit d,D,descriptive_name,,,
ATP synthase subunit F1,D,descriptive_name,,,
ATP synthase subunit proteins,D,descriptive_name,,,
ATP synthase subunits,D,descriptive_name,,,
ATP synthase subunits alpha,D,descriptive_name,,,
ATP synthase subunits beta,D,descriptive_name,,,
ATP synthase subunits α,D,descriptive_name,,,
ATP synthase subunits β,D,descriptive_name,,,
ATP synthase β-subunit,D,descriptive_name,,,
ATP synthases,D,descriptive_name,,,
ATP synthesis proteins,D,descriptive_name,,,
ATP-binding cassette,D,descriptive_name,,,
ATP-binding cassette (ABC) transporter gene family,D,descriptive_name,,,
ATP-binding cassette (ABC) transporters,D,descriptive_name,,,
ATP-binding cassette transporters,D,descriptive_name,,,
ATP-binding protein,D,descriptive_name,,,
ATP-binding proteins,D,descriptive_name,,,
ATP-binding region ATPase-like protein,D,descriptive_name,,,
ATP-citrate lyase,D,descriptive_name,,,
ATP-D6P7,D,descriptive_name,,,
ATP-dependent 6-phosphofructokinase 5,D,descriptive_name,,,
ATP-dependent 6-phosphofructokinase 7,D,descriptive_name,,,
ATP-dependent citrate lyase,D,descriptive_name,,,
ATP-dependent Clp protease,D,descriptive_name,,,
ATP-dependent enzymes,D,descriptive_name,,,
ATP-dependent H+ pumps,D,descriptive_name,,,
ATP-dependent metalloproteases,D,descriptive_name,,,
ATP-dependent molecular chaperones,D,descriptive_name,,,
ATP-dependent RNA helicase,D,descriptive_name,,,
ATP-dependent thiosulfate transporters,D,descriptive_name,,,
ATP-dependent zinc metalloprotease FTSH 12,D,descriptive_name,,,
ATP-dependent zinc metalloprotease FtsH 2,D,descriptive_name,,,
ATP-dependent zinc metalloproteases,D,descriptive_name,,,
ATP-fueled polypeptide unfolding enzyme,D,descriptive_name,,,
ATP-fueled polypeptide unfolding enzymes,D,descriptive_name,,,
ATP-independent chaperones,D,descriptive_name,,,
ATP-related enzymes,D,descriptive_name,,,
ATP-related genes,D,descriptive_name,,,
ATP-related proteins,D,descriptive_name,,,
ATP-S,D,descriptive_name,,,
ATP-sulfurylase,D,descriptive_name,,,
ATP-synthase,D,descriptive_name,,,
ATP-synthase pump,D,descriptive_name,,,
ATP/ADP translocase,D,descriptive_name,,,
ATP/ADP transporter genes,D,descriptive_name,,,
atp1,D,descriptive_name,,,
ATP10A,C,bare_gene_symbol,,,
AtP3B,B,species_prefix_At,At,P3B,
atp4,D,descriptive_name,,,
AtP5CDH,B,species_prefix_At,At,P5CDH,
AtP5CS1,B,species_prefix_At,At,P5CS1,
AtP5CS2,B,species_prefix_At,At,P5CS2,
ATP5F1B,C,bare_gene_symbol,,,
ATP5PD,C,bare_gene_symbol,,,
atp6,D,descriptive_name,,,
atp8,D,descriptive_name,,,
ATP8A1,C,bare_gene_symbol,,,
ATP8B2,C,bare_gene_symbol,,,
atp9,D,descriptive_name,,,
ATP:ADP antiporters,D,descriptive_name,,,
atpA,D,descriptive_name,,,
AtPAL,B,species_prefix_At,At,PAL,
AtPAL1,B,species_prefix_At,At,PAL1,
AtPAL1-AtPAL4,B,species_prefix_At,At,PAL1-AtPAL4,
AtPAL2,B,species_prefix_At,At,PAL2,
AtPAO,B,species_prefix_At,At,PAO,
AtPAO1,B,species_prefix_At,At,PAO1,
AtPAO2,B,species_prefix_At,At,PAO2,
AtPAO3,B,species_prefix_At,At,PAO3,
AtPAO4,B,species_prefix_At,At,PAO4,
AtPAO5,B,species_prefix_At,At,PAO5,
AtPAP10,B,species_prefix_At,At,PAP10,
AtPAP17,B,species_prefix_At,At,PAP17,
ATPase,D,descriptive_name,,,
ATPase alpha subunit,D,descriptive_name,,,
ATPase ASNA1,D,descriptive_name,,,
ATPase domain,D,descriptive_name,,,
ATPase regulator,D,descriptive_name,,,
ATPase regulators,D,descriptive_name,,,
ATPase subunit 9,D,descriptive_name,,,
ATPase subunits III,D,descriptive_name,,,
ATPase-coupled intramembrane lipid transporter,D,descriptive_name,,,
ATPases,D,descriptive_name,,,
ATPb,D,descriptive_name,,,
atpB gene,D,descriptive_name,,,
ATPC,C,bare_gene_symbol,,,
ATPC1,C,bare_gene_symbol,,,
AtPCR1,B,species_prefix_At,At,PCR1,
AtPcr10,B,species_prefix_At,At,Pcr10,
AtPcr2,B,species_prefix_At,At,Pcr2,
AtPcr9,B,species_prefix_At,At,Pcr9,
ATPD,C,bare_gene_symbol,,,
AtPDAT1,B,species_prefix_At,At,PDAT1,
AtPDC1,B,species_prefix_At,At,PDC1,
AtPDFs,B,species_prefix_At,At,PDFs,
AtPDI1,B,species_prefix_At,At,PDI1,
ATPe,D,descriptive_name,,,
Atperoxidase 1,D,descriptive_name,,,
Atperoxidase 12,D,descriptive_name,,,
Atperoxidase 17,D,descriptive_name,,,
Atperoxidase 52,D,descriptive_name,,,
Atperoxidase 67,D,descriptive_name,,,
ATPF,C,bare_gene_symbol,,,
AtPGLP,B,species_prefix_At,At,PGLP,
AtPGN,B,species_prefix_At,At,PGN,
AtPI-PLC3,B,species_prefix_At,At,PI-PLC3,
AtPI-PLC9,B,species_prefix_At,At,PI-PLC9,
AtPI4K-alpha,B,species_prefix_At,At,PI4K-alpha,
AtPIP1;3,D,descriptive_name,,,
AtPIP1;4,D,descriptive_name,,,
AtPIP2;1,D,descriptive_name,,,
AtPIP2;5,D,descriptive_name,,,
AtPIP5K,B,species_prefix_At,At,PIP5K,
AtPIP5K1,B,species_prefix_At,At,PIP5K1,
AtPIP5K2,B,species_prefix_At,At,PIP5K2,
AtPIP5K7,B,species_prefix_At,At,PIP5K7,
AtPIP5K9,B,species_prefix_At,At,PIP5K9,
atpL,D,descriptive_name,,,
AtPLC2,B,species_prefix_At,At,PLC2,
AtPLC3,B,species_prefix_At,At,PLC3,
AtPLC5,B,species_prefix_At,At,PLC5,
AtPLC9,B,species_prefix_At,At,PLC9,
AtPLD-delta,B,species_prefix_At,At,PLD-delta,
AtPLGG1,B,species_prefix_At,At,PLGG1,
AtPOD,B,species_prefix_At,At,POD,
AtPP2CG1,B,species_prefix_At,At,PP2CG1,
AtPPRT1,B,species_prefix_At,At,PPRT1,
AtproDH1,C,bare_gene_symbol,,,
AtproDH1/2,D,descriptive_name,,,
AtproDH2,C,bare_gene_symbol,,,
AtProT,B,species_prefix_At,At,ProT,
AtProT1,B,species_prefix_At,At,ProT1,
AtProT1-3,B,species_prefix_At,At,ProT1-3,
AtProT2,B,species_prefix_At,At,ProT2,
AtProT3,B,species_prefix_At,At,ProT3,
AtPRX-2,B,species_prefix_At,At,PRX-2,
AtPRX-25,B,species_prefix_At,At,PRX-25,
AtPRX-71,B,species_prefix_At,At,PRX-71,
ATPS,C,bare_gene_symbol,,,
ATPS1,C,bare_gene_symbol,,,
ATPS3,C,bare_gene_symbol,,,
AtPT1,B,species_prefix_At,At,PT1,
AtPT2,B,species_prefix_At,At,PT2,
ATPX,C,bare_gene_symbol,,,
ATPXG2,C,bare_gene_symbol,,,
AtPYL12,B,species_prefix_At,At,PYL12,
AtPYL2,B,species_prefix_At,At,PYL2,
AtPYR1,B,species_prefix_At,At,PYR1,
ATPγ,D,descriptive_name,,,
ATPδ,D,descriptive_name,,,
ATR1,C,bare_gene_symbol,,,
AtRAP2.1,D,descriptive_name,,,
AtRbohA,B,species_prefix_At,At,RbohA,
AtRbohB,B,species_prefix_At,At,RbohB,
AtrbohD,D,descriptive_name,,,
AtrbohF,D,descriptive_name,,,
AtRbohG,B,species_prefix_At,At,RbohG,
AtRCI2A,B,species_prefix_At,At,RCI2A,
AtRD22,B,species_prefix_At,At,RD22,
AtRD29A,B,species_prefix_At,At,RD29A,
AtRd29A promoter,D,descriptive_name,,,
AtRd29A::OsSRDP,D,descriptive_name,,,
AtRD29b,B,species_prefix_At,At,RD29b,
ATRDUF2,C,bare_gene_symbol,,,
AtRFS1,B,species_prefix_At,At,RFS1,
AtRFS2,B,species_prefix_At,At,RFS2,
AtRGL2,B,species_prefix_At,At,RGL2,
AtRH3,B,species_prefix_At,At,RH3,
AtRS2,B,species_prefix_At,At,RS2,
AtRS5,B,species_prefix_At,At,RS5,
AtRS6,B,species_prefix_At,At,RS6,
ATS1,C,bare_gene_symbol,,,
AtSAP10,B,species_prefix_At,At,SAP10,
AtSAP9,B,species_prefix_At,At,SAP9,
AtSAT1,B,species_prefix_At,At,SAT1,
AtSDT,B,species_prefix_At,At,SDT,
AtSGT,B,species_prefix_At,At,SGT,
AtSGT1,B,species_prefix_At,At,SGT1,
AtSHI,B,species_prefix_At,At,SHI,
AtSHM1,B,species_prefix_At,At,SHM1,
AtSHN1,B,species_prefix_At,At,SHN1,
AtsHSP17.6,D,descriptive_name,,,
AtSIP1-4,B,species_prefix_At,At,SIP1-4,
AtSIP11,B,species_prefix_At,At,SIP11,
AtSIP6,B,species_prefix_At,At,SIP6,
AtSIZ1,B,species_prefix_At,At,SIZ1,
AtSIZ1 gene,D,descriptive_name,,,
AtSKIP,B,species_prefix_At,At,SKIP,
AtSLY1,B,species_prefix_At,At,SLY1,
AtSNF4,B,species_prefix_At,At,SNF4,
AtSnRK2.2/2.3,D,descriptive_name,,,
AtSOD,B,species_prefix_At,At,SOD,
AtSPDS,B,species_prefix_At,At,SPDS,
AtSPMS,B,species_prefix_At,At,SPMS,
AtSR1,B,species_prefix_At,At,SR1,
AtSR45,B,species_prefix_At,At,SR45,
AtSTE14A,B,species_prefix_At,At,STE14A,
AtSTE14B,B,species_prefix_At,At,STE14B,
AtSTP14,B,species_prefix_At,At,STP14,
AtSTP9,B,species_prefix_At,At,STP9,
AtSTZ1,B,species_prefix_At,At,STZ1,
AtSULTR1;1,D,descriptive_name,,,
AtSULTR1;2,D,descriptive_name,,,
AtSULTR2;1,D,descriptive_name,,,
AtSULTR3,B,species_prefix_At,At,SULTR3,
AtSULTR3.4,D,descriptive_name,,,
ATT1,C,bare_gene_symbol,,,
ATT1/2,D,descriptive_name,,,
AtTCTP,B,species_prefix_At,At,TCTP,
AtTHAS1,B,species_prefix_At,At,THAS1,
attms18,D,descriptive_name,,,
AtTMT1,B,species_prefix_At,At,TMT1,
AtTMT2,B,species_prefix_At,At,TMT2,
AtTMT3,B,species_prefix_At,At,TMT3,
AtTPS1,B,species_prefix_At,At,TPS1,
ATTPS11,C,bare_gene_symbol,,,
ATTPS3,C,bare_gene_symbol,,,
ATTS1,C,bare_gene_symbol,,,
AtTT2,B,species_prefix_At,At,TT2,
AtTTG1,B,species_prefix_At,At,TTG1,
aTUB,D,descriptive_name,,,
AtUF3GT,B,species_prefix_At,At,UF3GT,
AtUGT73B5,B,species_prefix_At,At,UGT73B5,
AtUGT73C6,B,species_prefix_At,At,UGT73C6,
AtUGT78D2,B,species_prefix_At,At,UGT78D2,
AtUGT85A7,B,species_prefix_At,At,UGT85A7,
AtUNC-93,B,species_prefix_At,At,UNC-93,
AtUSP17,B,species_prefix_At,At,USP17,
atv,D,descriptive_name,,,
AtVPS15,B,species_prefix_At,At,VPS15,
AtVPS29,B,species_prefix_At,At,VPS29,
AtVQ15,B,species_prefix_At,At,VQ15,
AtVQ16,B,species_prefix_At,At,VQ16,
AtVQ18,B,species_prefix_At,At,VQ18,
AtVQ26,B,species_prefix_At,At,VQ26,
AtVQ4,B,species_prefix_At,At,VQ4,
AtVSPs,B,species_prefix_At,At,VSPs,
AtWAKL4,B,species_prefix_At,At,WAKL4,
Atwhy1,C,bare_gene_symbol,,,
Atwhy1why3,C,bare_gene_symbol,,,
AtWNK8,B,species_prefix_At,At,WNK8,
AtWNK9,B,species_prefix_At,At,WNK9,
AtWRKY,B,species_prefix_At,At,WRKY,
AtWRKY genes,D,descriptive_name,,,
AtWRKY11,B,species_prefix_At,At,WRKY11,
AtWRKY17,B,species_prefix_At,At,WRKY17,
AtWRKY18,B,species_prefix_At,At,WRKY18,
AtWRKY22,B,species_prefix_At,At,WRKY22,
AtWRKY25,B,species_prefix_At,At,WRKY25,
AtWRKY25/33,D,descriptive_name,,,
AtWRKY26,B,species_prefix_At,At,WRKY26,
AtWRKY30,B,species_prefix_At,At,WRKY30,
AtWRKY30 gene,D,descriptive_name,,,
AtWRKY33,B,species_prefix_At,At,WRKY33,
AtWRKY39,B,species_prefix_At,At,WRKY39,
ATWRKY4,C,bare_gene_symbol,,,
AtWRKY40,B,species_prefix_At,At,WRKY40,
AtWRKY46,B,species_prefix_At,At,WRKY46,
ATWRKY54,C,bare_gene_symbol,,,
AtWRKY60,B,species_prefix_At,At,WRKY60,
AtWRKY7,B,species_prefix_At,At,WRKY7,
AtWRKY70,B,species_prefix_At,At,WRKY70,
AtWRKY75,B,species_prefix_At,At,WRKY75,
ATX gene,D,descriptive_name,,,
ATX-like copper chaperones,D,descriptive_name,,,
ATX1,C,bare_gene_symbol,,,
AtXyn1,B,species_prefix_At,At,Xyn1,
atypical myrosinases,D,descriptive_name,,,
AtZAT10,B,species_prefix_At,At,ZAT10,
AtZAT12,B,species_prefix_At,At,ZAT12,
AtZDS,B,species_prefix_At,At,ZDS,
AUR1-C,D,descriptive_name,,,
AUR1-C gene,D,descriptive_name,,,
aureusidin synthase,D,descriptive_name,,,
aureusidin synthase 1,D,descriptive_name,,,
auto-inhibited calcium ATPases,D,descriptive_name,,,
autocatalytic enzyme system,D,descriptive_name,,,
autophagy proteins,D,descriptive_name,,,
autophagy-related genes,D,descriptive_name,,,
AUX,C,bare_gene_symbol,,,
AUX efflux transporters,D,descriptive_name,,,
AUX genes,D,descriptive_name,,,
Aux/IAA,D,descriptive_name,,,
Aux/IAA domain,D,descriptive_name,,,
Aux/IAA family,D,descriptive_name,,,
Aux/IAA family genes,D,descriptive_name,,,
AUX/IAA family members,D,descriptive_name,,,
AUX/IAA family transcriptional repressor,D,descriptive_name,,,
Aux/IAA gene family,D,descriptive_name,,,
Aux/IAA genes,D,descriptive_name,,,
Aux/IAA inhibitors,D,descriptive_name,,,
Aux/IAA protein,D,descriptive_name,,,
Aux/IAA protein dimers,D,descriptive_name,,,
Aux/IAA proteins,D,descriptive_name,,,
Aux/IAA regulators,D,descriptive_name,,,
AUX/IAA repressor,D,descriptive_name,,,
Aux/IAA repressors,D,descriptive_name,,,
AUX/IAA-like repressors,D,descriptive_name,,,
Aux/IAA16,D,descriptive_name,,,
Aux/IAA18,D,descriptive_name,,,
Aux/IAA26,D,descriptive_name,,,
Aux/IAA7,D,descriptive_name,,,
Aux/IAAs,D,descriptive_name,,,
AUX/LAX,D,descriptive_name,,,
AUX/LAX influx carriers,D,descriptive_name,,,
AUX/LAX1-5,D,descriptive_name,,,
AUX/LAX2,D,descriptive_name,,,
AUX1,C,bare_gene_symbol,,,
AUX1-like,D,descriptive_name,,,
AUX1/LAX,D,descriptive_name,,,
AUX1/LAX influx carriers,D,descriptive_name,,,
aux16,D,descriptive_name,,,
AUX22B,C,bare_gene_symbol,,,
AUX22D,C,bare_gene_symbol,,,
AUX28,C,bare_gene_symbol,,,
AUX_IAA,D,descriptive_name,,,
auxiliary activities,D,descriptive_name,,,
auxiliary enzymes,D,descriptive_name,,,
auxin binding protein 1,D,descriptive_name,,,
auxin biosynthesis and signal transduction genes,D,descriptive_name,,,
auxin biosynthesis genes,D,descriptive_name,,,
auxin biosynthetic genes,D,descriptive_name,,,
auxin carrier,D,descriptive_name,,,
auxin co-receptor,D,descriptive_name,,,
auxin co-receptors,D,descriptive_name,,,
auxin conjugate hydrolases,D,descriptive_name,,,
auxin efflux carrier,D,descriptive_name,,,
auxin efflux carrier component,D,descriptive_name,,,
auxin efflux carrier family protein,D,descriptive_name,,,
auxin efflux carrier family proteins,D,descriptive_name,,,
auxin efflux carrier gene,D,descriptive_name,,,
auxin efflux carrier PIN1,D,descriptive_name,,,
auxin efflux carrier proteins,D,descriptive_name,,,
auxin efflux carriers,D,descriptive_name,,,
auxin genes,D,descriptive_name,,,
auxin induced-like protein,D,descriptive_name,,,
auxin influx carriers,D,descriptive_name,,,
auxin influx facilitator,D,descriptive_name,,,
auxin influx transport proteins,D,descriptive_name,,,
auxin marker gene,D,descriptive_name,,,
auxin marker genes,D,descriptive_name,,,
Auxin metabolism and signaling genes,D,descriptive_name,,,
auxin metabolism genes,D,descriptive_name,,,
auxin oxidase,D,descriptive_name,,,
Auxin permease,D,descriptive_name,,,
auxin receptor,D,descriptive_name,,,
auxin receptors,D,descriptive_name,,,
Auxin regulatory genes,D,descriptive_name,,,
auxin repressors,D,descriptive_name,,,
auxin response element,D,descriptive_name,,,
auxin response elements,D,descriptive_name,,,
auxin response factor,D,descriptive_name,,,
auxin response factor 18-like,D,descriptive_name,,,
Auxin response factor 2,D,descriptive_name,,,
Auxin response factor 5,D,descriptive_name,,,
auxin response factor 6,D,descriptive_name,,,
Auxin Response Factor 7,D,descriptive_name,,,
AUXIN RESPONSE FACTOR8,D,descriptive_name,,,
AUXIN RESPONSE FACTORs,D,descriptive_name,,,
auxin response genes,D,descriptive_name,,,
auxin response marker gene,D,descriptive_name,,,
auxin response proteins,D,descriptive_name,,,
Auxin responsive elements,D,descriptive_name,,,
auxin signaling F-box 2,D,descriptive_name,,,
auxin signaling genes,D,descriptive_name,,,
auxin stimulus genes,D,descriptive_name,,,
auxin synthesis,D,descriptive_name,,,
auxin synthesis genes,D,descriptive_name,,,
auxin transport protein BIG,D,descriptive_name,,,
auxin transport proteins,D,descriptive_name,,,
auxin transporter,D,descriptive_name,,,
auxin transporter 1,D,descriptive_name,,,
Auxin Transporter Protein 1,D,descriptive_name,,,
auxin transporter-like protein,D,descriptive_name,,,
auxin transporters,D,descriptive_name,,,
auxin-activating enzyme,D,descriptive_name,,,
auxin-amino acid conjugate hydrolases,D,descriptive_name,,,
auxin-binding enzymes,D,descriptive_name,,,
Auxin-binding protein 1,D,descriptive_name,,,
auxin-binding protein ABP19a,D,descriptive_name,,,
auxin-binding proteins,D,descriptive_name,,,
auxin-biosynthesis and transportation genes,D,descriptive_name,,,
auxin-efflux ABC transporters,D,descriptive_name,,,
auxin-induced 15 A,D,descriptive_name,,,
auxin-induced and auxin-responsive protein,D,descriptive_name,,,
auxin-induced genes,D,descriptive_name,,,
auxin-induced glutathione S-transferases,D,descriptive_name,,,
auxin-induced in root cultures protein 12,D,descriptive_name,,,
auxin-induced protein,D,descriptive_name,,,
auxin-induced protein 10A5-like,D,descriptive_name,,,
auxin-induced protein 6B,D,descriptive_name,,,
auxin-induced proteins,D,descriptive_name,,,
auxin-induced SAUR-like protein,D,descriptive_name,,,
auxin-inducible (Aux/IAA) family genes,D,descriptive_name,,,
auxin-regulated gene,D,descriptive_name,,,
Auxin-regulated genes,D,descriptive_name,,,
auxin-related DEGs,D,descriptive_name,,,
auxin-related gene,D,descriptive_name,,,
auxin-related genes,D,descriptive_name,,,
auxin-related proteins,D,descriptive_name,,,
auxin-reporter lines,D,descriptive_name,,,
Auxin-repressed 12.5 kDa protein,D,descriptive_name,,,
auxin-repressed 12.5-kDa proteins,D,descriptive_name,,,
auxin-repressed genes,D,descriptive_name,,,
auxin-repressed proteins,D,descriptive_name,,,
auxin-response elements,D,descriptive_name,,,
auxin-response genes,D,descriptive_name,,,
auxin-response markers,D,descriptive_name,,,
auxin-responsive,D,descriptive_name,,,
auxin-responsive cis-element,D,descriptive_name,,,
auxin-responsive cis-elements,D,descriptive_name,,,
auxin-responsive D22,D,descriptive_name,,,
auxin-responsive elements,D,descriptive_name,,,
auxin-responsive genes,D,descriptive_name,,,
auxin-responsive GH3-like protein 5,D,descriptive_name,,,
auxin-responsive protein,D,descriptive_name,,,
auxin-responsive protein gene,D,descriptive_name,,,
auxin-responsive protein IAA1-like,D,descriptive_name,,,
auxin-responsive protein IAA26-like,D,descriptive_name,,,
auxin-responsive protein IAA9,D,descriptive_name,,,
auxin-responsive proteins,D,descriptive_name,,,
auxin-responsive TGA-element,D,descriptive_name,,,
auxin/indole-3-acetic acid,D,descriptive_name,,,
Auxine response factors,D,descriptive_name,,,
AuxRE,D,descriptive_name,,,
AuxRE cis-elements,D,descriptive_name,,,
AuxRE elements,D,descriptive_name,,,
AuxREs,B,species_prefix_Aux,Aux,REs,
AuxRP,D,descriptive_name,,,
AuxRR,D,descriptive_name,,,
AuxRR core,D,descriptive_name,,,
AuxRR-core,B,species_prefix_Aux,Aux,RR-core,
AuxRR-core elements,D,descriptive_name,,,
AuxRR-core motifs,D,descriptive_name,,,
AUXs,D,descriptive_name,,,
AvF3GT,B,species_prefix_Av,Av,F3GT,
AvF3H,B,species_prefix_Av,Av,F3H,
AvF3′H,D,descriptive_name,,,
AvFLS,B,species_prefix_Av,Av,FLS,
AVP1,C,bare_gene_symbol,,,
Avr-Rpm1,D,descriptive_name,,,
Avr3a,D,descriptive_name,,,
AvrB,D,descriptive_name,,,
AvrPto,B,species_prefix_Avr,Avr,Pto,
AvrPtoB,B,species_prefix_Avr,Avr,PtoB,
AvrRpt2 effectors,D,descriptive_name,,,
AWPM-19,D,descriptive_name,,,
AWPM-19-like proteins,D,descriptive_name,,,
AX-94461119,D,descriptive_name,,,
AX-94463626,D,descriptive_name,,,
AX-95220192,D,descriptive_name,,,
AX22D,C,bare_gene_symbol,,,
AX6B,C,bare_gene_symbol,,,
axr1,D,descriptive_name,,,
axr1-12,D,descriptive_name,,,
axr1-3,D,descriptive_name,,,
axr2,D,descriptive_name,,,
axr2-1,D,descriptive_name,,,
AXR3,C,bare_gene_symbol,,,
axr4-4,D,descriptive_name,,,
axr5-1,D,descriptive_name,,,
AXS1,C,bare_gene_symbol,,,
AZI1,C,bare_gene_symbol,,,
b,E,noise_too_short,,,
B and small isoforms,D,descriptive_name,,,
b chain,D,descriptive_name,,,
B subunit,D,descriptive_name,,,
B-AAR,D,descriptive_name,,,
B-ARR,D,descriptive_name,,,
B-box proteins,D,descriptive_name,,,
B-box zinc finger protein 21-like,D,descriptive_name,,,
B-glucosidase,D,descriptive_name,,,
B-type ARRs,D,descriptive_name,,,
B1,E,noise_too_short,,,
B12-dependent isoform,D,descriptive_name,,,
B12-dependent methionine synthase,D,descriptive_name,,,
B12-independent enzyme,D,descriptive_name,,,
B12-independent isoform,D,descriptive_name,,,
B2,E,noise_too_short,,,
B2 protein,D,descriptive_name,,,
B2 protein-coding gene,D,descriptive_name,,,
B2H,C,bare_gene_symbol,,,
B3 DNA-binding motif,D,descriptive_name,,,
B3 family genes,D,descriptive_name,,,
B3 transcription factors,D,descriptive_name,,,
B3-domain proteins,D,descriptive_name,,,
B3-domain transcription factors,D,descriptive_name,,,
B3a,D,descriptive_name,,,
B4,E,noise_too_short,,,
B4F7T9,A,uniprot_accession,,,
B4FHM6,A,uniprot_accession,,,
B4FV03,A,uniprot_accession,,,
B4FWU6,A,uniprot_accession,,,
B4FZN7,A,uniprot_accession,,,
B4Hb,D,descriptive_name,,,
B5,E,noise_too_short,,,
B5-like,D,descriptive_name,,,
B6SV61,A,uniprot_accession,,,
B6T3Q3,A,uniprot_accession,,,
B6TC25,A,uniprot_accession,,,
B6TLM5,A,uniprot_accession,,,
B8BMH5,A,uniprot_accession,,,
BA 2-hydroxylase,D,descriptive_name,,,
BA dehydrogenase,D,descriptive_name,,,
BA2H,C,bare_gene_symbol,,,
BA3::GUS,D,descriptive_name,,,
BABY BOOM,D,descriptive_name,,,
bacA,D,descriptive_name,,,
bacD,D,descriptive_name,,,
bacillomycin D,D,descriptive_name,,,
bacilysin,D,descriptive_name,,,
Bacterial AhpC peroxiredoxin proteins,D,descriptive_name,,,
bacterial effector,D,descriptive_name,,,
bacterial exoenzymes,D,descriptive_name,,,
bacterial flagellin peptide,D,descriptive_name,,,
bacterial proteases,D,descriptive_name,,,
bacterial RNA polymerase,D,descriptive_name,,,
bacterial transferases,D,descriptive_name,,,
BADH,C,bare_gene_symbol,,,
BADH gene,D,descriptive_name,,,
Badh2,C,bare_gene_symbol,,,
Badh2-E7,D,descriptive_name,,,
BAG family,D,descriptive_name,,,
BAG family cochaperones,D,descriptive_name,,,
BAG family genes,D,descriptive_name,,,
BAG family members,D,descriptive_name,,,
BAG family proteins,D,descriptive_name,,,
BAG gene,D,descriptive_name,,,
BAG gene family,D,descriptive_name,,,
BAG genes,D,descriptive_name,,,
BAG protein family,D,descriptive_name,,,
BAG proteins,D,descriptive_name,,,
BAG2,C,bare_gene_symbol,,,
BAG3,C,bare_gene_symbol,,,
BAG5,C,bare_gene_symbol,,,
BAG5-7,D,descriptive_name,,,
BAG6,C,bare_gene_symbol,,,
BAG7,C,bare_gene_symbol,,,
BAG9,C,bare_gene_symbol,,,
BAG9 chaperone protein,D,descriptive_name,,,
BAHD acyltransferase BIA1-like,D,descriptive_name,,,
BAHD acyltransferase family,D,descriptive_name,,,
BAHD family,D,descriptive_name,,,
BAK1,C,bare_gene_symbol,,,
BAK1 gene,D,descriptive_name,,,
BAK1-GFP,D,descriptive_name,,,
Balsamin,D,descriptive_name,,,
BAM,C,bare_gene_symbol,,,
BAM enzymes,D,descriptive_name,,,
BAM1,C,bare_gene_symbol,,,
BAM3,C,bare_gene_symbol,,,
BAM5,C,bare_gene_symbol,,,
BAM9,C,bare_gene_symbol,,,
BAMs,D,descriptive_name,,,
BAMT,C,bare_gene_symbol,,,
BAMTs,D,descriptive_name,,,
BAMY2,C,bare_gene_symbol,,,
BAMY3,C,bare_gene_symbol,,,
banana LOX genes,D,descriptive_name,,,
BAP1,C,bare_gene_symbol,,,
bar,D,descriptive_name,,,
bar gene,D,descriptive_name,,,
Bar resistance gene,D,descriptive_name,,,
BAS,C,bare_gene_symbol,,,
BAS1,C,bare_gene_symbol,,,
basic (beta)-glutelin,D,descriptive_name,,,
basic 7S globulin,D,descriptive_name,,,
basic chitinase,D,descriptive_name,,,
basic helix-loop-helix,D,descriptive_name,,,
basic helix-loop-helix transcription factor,D,descriptive_name,,,
basic leucine zipper (bZIP) gene family,D,descriptive_name,,,
basic leucine zipper (bZIP) transcription factor family,D,descriptive_name,,,
basic-type PR genes,D,descriptive_name,,,
basS,D,descriptive_name,,,
BASS5,C,bare_gene_symbol,,,
BaWRKY22,B,species_prefix_Ba,Ba,WRKY22,
Bax,D,descriptive_name,,,
BAX inhibitor 1,D,descriptive_name,,,
bax inhibitor gene,D,descriptive_name,,,
Bax inhibitor proteins,D,descriptive_name,,,
BBE,C,bare_gene_symbol,,,
BBE-like,D,descriptive_name,,,
BBI,C,bare_gene_symbol,,,
BBM,C,bare_gene_symbol,,,
BBR-BPC,D,descriptive_name,,,
BBWV2 movement protein VP37,D,descriptive_name,,,
BBX family,D,descriptive_name,,,
BBX protein,D,descriptive_name,,,
BBX proteins,D,descriptive_name,,,
BBX20,C,bare_gene_symbol,,,
BBX22,C,bare_gene_symbol,,,
BC,E,noise_too_short,,,
BCAA aminotransferase,D,descriptive_name,,,
BCAT,C,bare_gene_symbol,,,
BCAT1,C,bare_gene_symbol,,,
BCAT2,C,bare_gene_symbol,,,
BCAT4,C,bare_gene_symbol,,,
BcBGAL17,B,species_prefix_Bc,Bc,BGAL17,
BcCAT2,B,species_prefix_Bc,Bc,CAT2,
BCCP,C,bare_gene_symbol,,,
BCCP-5,D,descriptive_name,,,
BCCP-6,D,descriptive_name,,,
BccrGLU1,C,bare_gene_symbol,,,
BCH,C,bare_gene_symbol,,,
BCH genes,D,descriptive_name,,,
BCH2,C,bare_gene_symbol,,,
BcHHP5,B,species_prefix_Bc,Bc,HHP5,
BcHHP5 mRNA,D,descriptive_name,,,
BcHHP5 protein,D,descriptive_name,,,
BchProT gene family,D,descriptive_name,,,
BchProT genes,D,descriptive_name,,,
BchProT1,B,species_prefix_Bch,Bch,ProT1,
BchProT1 gene,D,descriptive_name,,,
BchProT1-6,B,species_prefix_Bch,Bch,ProT1-6,
BcHsfA1,B,species_prefix_Bc,Bc,HsfA1,
BCKDH,C,bare_gene_symbol,,,
BcMYB,B,species_prefix_Bc,Bc,MYB,
BcMYB genes,D,descriptive_name,,,
BcMYB transcription factors,D,descriptive_name,,,
BcMYB79,B,species_prefix_Bc,Bc,MYB79,
BcTOR,B,species_prefix_Bc,Bc,TOR,
BcVAST1,B,species_prefix_Bc,Bc,VAST1,
BcWRKY22,B,species_prefix_Bc,Bc,WRKY22,
BD-TaHsfA2h,D,descriptive_name,,,
BdARF4,B,species_prefix_Bd,Bd,ARF4,
BdASR2,B,species_prefix_Bd,Bd,ASR2,
BdCIPK31,B,species_prefix_Bd,Bd,CIPK31,
BdCSLF6,B,species_prefix_Bd,Bd,CSLF6,
BdDMAS,B,species_prefix_Bd,Bd,DMAS,
BDG,C,bare_gene_symbol,,,
BDG3,C,bare_gene_symbol,,,
BdGF14 genes,D,descriptive_name,,,
BdGF14b,B,species_prefix_Bd,Bd,GF14b,
BdGF14d,B,species_prefix_Bd,Bd,GF14d,
BdGF14g,B,species_prefix_Bd,Bd,GF14g,
BdGT,D,descriptive_name,,,
BdGT genes,D,descriptive_name,,,
bdi-miR394,D,descriptive_name,,,
BdIDS3,B,species_prefix_Bd,Bd,IDS3,
BdIRO2.1,D,descriptive_name,,,
BdJAZ,B,species_prefix_Bd,Bd,JAZ,
BDL,C,bare_gene_symbol,,,
BdLOX,B,species_prefix_Bd,Bd,LOX,
BdMYC2,B,species_prefix_Bd,Bd,MYC2,
BdNAAT1,B,species_prefix_Bd,Bd,NAAT1,
BdNCED1,B,species_prefix_Bd,Bd,NCED1,
BdOPR3,B,species_prefix_Bd,Bd,OPR3,
BdRFS,B,species_prefix_Bd,Bd,RFS,
BdRFS gene,D,descriptive_name,,,
BdSBP family,D,descriptive_name,,,
BdSBP gene family,D,descriptive_name,,,
BdSBP genes,D,descriptive_name,,,
BdTHX1,B,species_prefix_Bd,Bd,THX1,
BdTOM1,B,species_prefix_Bd,Bd,TOM1,
BdTOM1 transporter,D,descriptive_name,,,
BdWRKY38,B,species_prefix_Bd,Bd,WRKY38,
BdXTH8,B,species_prefix_Bd,Bd,XTH8,
BE,E,noise_too_short,,,
BE1AMT1.1,C,bare_gene_symbol,,,
BE1AMT1.3,C,bare_gene_symbol,,,
BE1AMT1.4,C,bare_gene_symbol,,,
BE1DUR3.1,C,bare_gene_symbol,,,
BE1DUR3.2,C,bare_gene_symbol,,,
BE1NRT2,C,bare_gene_symbol,,,
BEAT,C,bare_gene_symbol,,,
BEAT genes,D,descriptive_name,,,
BEE2,C,bare_gene_symbol,,,
BEH2,C,bare_gene_symbol,,,
BEH4,C,bare_gene_symbol,,,
BEI,C,bare_gene_symbol,,,
BEI-S620,D,descriptive_name,,,
BEIIa,D,descriptive_name,,,
BEIIb,D,descriptive_name,,,
BEIII,C,bare_gene_symbol,,,
BELL,C,bare_gene_symbol,,,
benzodiazepine receptor-related,D,descriptive_name,,,
benzodiazepine receptor-related genes,D,descriptive_name,,,
benzoic acid methyltransferase,D,descriptive_name,,,
benzoic acid methyltransferases,D,descriptive_name,,,
benzoic acid-2-hydroxylase,D,descriptive_name,,,
benzoic acid/salicylic acid carboxyl methyltransferase,D,descriptive_name,,,
Benzoxazinoid glucosidases,D,descriptive_name,,,
benzoxazinone synthesis 2,D,descriptive_name,,,
benzoyl-CoA:benzyl alcohol/2-phenylethanol benzoyltransferase,D,descriptive_name,,,
benzyl alcohol acetyltransferase,D,descriptive_name,,,
benzyl alcohol O-benzoyltransferases,D,descriptive_name,,,
Benzyladenine (BA) metabolism and signal transduction genes,D,descriptive_name,,,
berberine bridge enzyme,D,descriptive_name,,,
berberine bridge enzyme-like protein,D,descriptive_name,,,
BES,C,bare_gene_symbol,,,
BES1,C,bare_gene_symbol,,,
BES1 protein,D,descriptive_name,,,
BES1/BZR1 protein,D,descriptive_name,,,
BES1/BZR1 transcription factors,D,descriptive_name,,,
Bet v1 family,D,descriptive_name,,,
Bet v1 protein,D,descriptive_name,,,
beta,D,descriptive_name,,,
Beta carotene hydroxylase genes,D,descriptive_name,,,
beta chains,D,descriptive_name,,,
beta conglycinin,D,descriptive_name,,,
beta cyclases,D,descriptive_name,,,
beta glucosidase 5,D,descriptive_name,,,
beta glucosidases,D,descriptive_name,,,
beta subunits,D,descriptive_name,,,
"beta-1, 3-glucanase",D,descriptive_name,,,
"Beta-1,3-glucanase",D,descriptive_name,,,
"beta-1,3-glucanase enzymes",D,descriptive_name,,,
"beta-1,3-glucanases",D,descriptive_name,,,
"beta-1,4-glucosidases",D,descriptive_name,,,
beta-4,D,descriptive_name,,,
beta-alanine metabolism proteins,D,descriptive_name,,,
beta-amylase,D,descriptive_name,,,
beta-amylase 1,D,descriptive_name,,,
beta-amylase 3,D,descriptive_name,,,
beta-amylase gene,D,descriptive_name,,,
beta-amylase genes,D,descriptive_name,,,
beta-amylase6,D,descriptive_name,,,
beta-amylase8,D,descriptive_name,,,
beta-amylases,D,descriptive_name,,,
Beta-amyrin synthase,D,descriptive_name,,,
BETA-CARBONIC ANHYDRASE,D,descriptive_name,,,
beta-carboxyl transferase subunit of ACCase,D,descriptive_name,,,
beta-carotene 3-hydroxylase,D,descriptive_name,,,
beta-carotene hydroxylase,D,descriptive_name,,,
beta-carotene hydroxylase 2,D,descriptive_name,,,
beta-carotene ketolase,D,descriptive_name,,,
beta-carotene synthases,D,descriptive_name,,,
beta-caryophyllene synthase,D,descriptive_name,,,
beta-CHX,D,descriptive_name,,,
Beta-cyanoalanine synthase (spot 22),D,descriptive_name,,,
beta-cyanoalanine synthase C1,D,descriptive_name,,,
beta-D-glucopyranosyl abscisate beta-glucosidase,D,descriptive_name,,,
beta-D-gluranosyl abscisate beta-glucosidase,D,descriptive_name,,,
beta-D-xylosidase,D,descriptive_name,,,
beta-D-xylosidase 1,D,descriptive_name,,,
beta-D-xylosidase 4-like protein,D,descriptive_name,,,
beta-fructofuranosidase,D,descriptive_name,,,
beta-fructosidase4,D,descriptive_name,,,
beta-GAL,D,descriptive_name,,,
beta-galactosidase,D,descriptive_name,,,
beta-galactosidase 17-like,D,descriptive_name,,,
beta-galactosidase 5,D,descriptive_name,,,
Beta-galactosidases,D,descriptive_name,,,
beta-Glu,D,descriptive_name,,,
Beta-glucanase,D,descriptive_name,,,
beta-glucosidase,D,descriptive_name,,,
beta-glucosidase 13,D,descriptive_name,,,
beta-glucosidase 7,D,descriptive_name,,,
beta-glucosidase BoGH3B-like,D,descriptive_name,,,
beta-glucosidases,D,descriptive_name,,,
beta-glucuronidase,D,descriptive_name,,,
beta-glycosidase,D,descriptive_name,,,
beta-glycosidase enzymes,D,descriptive_name,,,
beta-hydroxyisobutyryl CoA hydrolase,D,descriptive_name,,,
beta-lactamase resistance cassette,D,descriptive_name,,,
beta-lactamases,D,descriptive_name,,,
beta-LCY2,D,descriptive_name,,,
Beta-ocimene synthase,D,descriptive_name,,,
beta-phellandrene synthase gene,D,descriptive_name,,,
beta-pinene synthase,D,descriptive_name,,,
beta-polygalacturonase,D,descriptive_name,,,
beta-subunit,D,descriptive_name,,,
beta-thioglucoside glucohydrolases,D,descriptive_name,,,
beta-xylosidase,D,descriptive_name,,,
beta2-tubulin,D,descriptive_name,,,
betAB,D,descriptive_name,,,
betaG,D,descriptive_name,,,
betaine aldehyde dehydrogenase,D,descriptive_name,,,
betaine aldehyde dehydrogenase 1 (chloroplastic),D,descriptive_name,,,
betaine aldehyde dehydrogenase gene,D,descriptive_name,,,
betaine aldehyde dehydrogenases,D,descriptive_name,,,
betaine-aldehyde dehydrogenase,D,descriptive_name,,,
BetB,D,descriptive_name,,,
betC gene,D,descriptive_name,,,
Betula platyphylla LTP,D,descriptive_name,,,
BFA3,C,bare_gene_symbol,,,
BFF,C,bare_gene_symbol,,,
BFRUCT,C,bare_gene_symbol,,,
BG1,C,bare_gene_symbol,,,
BG18,C,bare_gene_symbol,,,
BGAL genes,D,descriptive_name,,,
BGALs,D,descriptive_name,,,
BGC0000095,C,bare_gene_symbol,,,
BGC0000611,C,bare_gene_symbol,,,
BGC0000941,C,bare_gene_symbol,,,
BGCs,D,descriptive_name,,,
BGI_novel_G007427,D,descriptive_name,,,
BGI_novel_G012235,D,descriptive_name,,,
BGIOSGA034397,D,descriptive_name,,,
BGL,C,bare_gene_symbol,,,
BGL2,C,bare_gene_symbol,,,
BGLU,C,bare_gene_symbol,,,
BGLU11,C,bare_gene_symbol,,,
BGLU13,C,bare_gene_symbol,,,
BGLU17,C,bare_gene_symbol,,,
BGLU18,C,bare_gene_symbol,,,
BGLU34,C,bare_gene_symbol,,,
BGLU4,C,bare_gene_symbol,,,
BGLU42,C,bare_gene_symbol,,,
BGLU5,C,bare_gene_symbol,,,
BGLUs,D,descriptive_name,,,
BGs,D,descriptive_name,,,
BhbZIP gene family,D,descriptive_name,,,
BhbZIP gene promoters,D,descriptive_name,,,
BhbZIP genes,D,descriptive_name,,,
BhbZIP58,B,species_prefix_Bhb,Bhb,ZIP58,
BhC2DP1,B,species_prefix_Bh,Bh,C2DP1,
BhDNAJC2,B,species_prefix_Bh,Bh,DNAJC2,
bHLH,D,descriptive_name,,,
bHLH family genes,D,descriptive_name,,,
bHLH family protein ZCW32,D,descriptive_name,,,
bHLH gene family,D,descriptive_name,,,
bHLH genes,D,descriptive_name,,,
bHLH members,D,descriptive_name,,,
bHLH proteins,D,descriptive_name,,,
bHLH transcription factor,D,descriptive_name,,,
bHLH transcription factors,D,descriptive_name,,,
bHLH-type factors,D,descriptive_name,,,
bHLH110,D,descriptive_name,,,
BHLH114,C,bare_gene_symbol,,,
bHLH122,D,descriptive_name,,,
bHLH13,D,descriptive_name,,,
bHLH130,D,descriptive_name,,,
bHLH145,D,descriptive_name,,,
BHLH62,C,bare_gene_symbol,,,
BHLH63,C,bare_gene_symbol,,,
bHLH75,D,descriptive_name,,,
BHY,C,bare_gene_symbol,,,
BI-1,D,descriptive_name,,,
bi-level regulated proteins,D,descriptive_name,,,
bicarbonate transporter,D,descriptive_name,,,
bicarbonate transporters,D,descriptive_name,,,
bid-miR5054_L+2,D,descriptive_name,,,
bidentate affinity polypeptide,D,descriptive_name,,,
bidirectional sugar transporter,D,descriptive_name,,,
bifunctional enzyme,D,descriptive_name,,,
bifunctional peroxidases,D,descriptive_name,,,
BIIDXI,C,bare_gene_symbol,,,
BIL2,C,bare_gene_symbol,,,
biliverdin reductase,D,descriptive_name,,,
BIM2,C,bare_gene_symbol,,,
bin 1.1.1.1,D,descriptive_name,,,
bin 17.2.3,D,descriptive_name,,,
bin 17.5.1,D,descriptive_name,,,
bin 17.5.2,D,descriptive_name,,,
bin 21.4,D,descriptive_name,,,
BIN2,C,bare_gene_symbol,,,
BIN2 kinase,D,descriptive_name,,,
binding protein,D,descriptive_name,,,
binding protein genes,D,descriptive_name,,,
binding proteins,D,descriptive_name,,,
biocatalysts,D,descriptive_name,,,
biogenesis gene ABA2,D,descriptive_name,,,
biosynthesis enzymes,D,descriptive_name,,,
biosynthesis gene,D,descriptive_name,,,
biosynthesis genes,D,descriptive_name,,,
biosynthesis proteins,D,descriptive_name,,,
biosynthesis-related genes,D,descriptive_name,,,
biosynthetic desaturases,D,descriptive_name,,,
biosynthetic enzyme,D,descriptive_name,,,
biosynthetic enzymes,D,descriptive_name,,,
biosynthetic gene,D,descriptive_name,,,
biosynthetic gene cluster,D,descriptive_name,,,
biosynthetic gene clusters,D,descriptive_name,,,
biosynthetic genes,D,descriptive_name,,,
biosynthetic proteins,D,descriptive_name,,,
biotic defensive protein,D,descriptive_name,,,
biotic defensive proteins,D,descriptive_name,,,
Biotin carboxylase,D,descriptive_name,,,
biotin carboxylase subunit,D,descriptive_name,,,
biotin ligase,D,descriptive_name,,,
biotin-dependent carboxylases,D,descriptive_name,,,
BIP,C,bare_gene_symbol,,,
BiP gene,D,descriptive_name,,,
BiP genes,D,descriptive_name,,,
BiP1,C,bare_gene_symbol,,,
BiP2,C,bare_gene_symbol,,,
BIP3,C,bare_gene_symbol,,,
BIPG gene,D,descriptive_name,,,
biphenyl 4-hydroxylase,D,descriptive_name,,,
biphenyl synthase 3,D,descriptive_name,,,
BirA*,D,descriptive_name,,,
BIS3,C,bare_gene_symbol,,,
BjDREB2,B,species_prefix_Bj,Bj,DREB2,
BjMTP1,B,species_prefix_Bj,Bj,MTP1,
BjMTP1 gene,D,descriptive_name,,,
BjMTP1 promoter,D,descriptive_name,,,
BjMTP1 promoter fragments,D,descriptive_name,,,
BjSNAT 1,D,descriptive_name,,,
BjTDC 1,D,descriptive_name,,,
BjTDC 2,D,descriptive_name,,,
BKI1,C,bare_gene_symbol,,,
BKK1,C,bare_gene_symbol,,,
BKT,C,bare_gene_symbol,,,
ble,D,descriptive_name,,,
bleomycin resistance gene,D,descriptive_name,,,
BLH1-KNAT3 heterodimer,D,descriptive_name,,,
BLI,C,bare_gene_symbol,,,
bls1,D,descriptive_name,,,
bls1 gene,D,descriptive_name,,,
bls2 gene,D,descriptive_name,,,
bls2 resistance gene,D,descriptive_name,,,
blue copper oxidase,D,descriptive_name,,,
blue copper oxidase enzymes,D,descriptive_name,,,
blue copper protein,D,descriptive_name,,,
blue copper proteins,D,descriptive_name,,,
blue copper-containing plastocyanin-like proteins,D,descriptive_name,,,
Blue light receptors,D,descriptive_name,,,
blue module,D,descriptive_name,,,
blue WGCNA modules,D,descriptive_name,,,
blue-light receptor,D,descriptive_name,,,
BLZ8,C,bare_gene_symbol,,,
BMY1,C,bare_gene_symbol,,,
BMY3,C,bare_gene_symbol,,,
bmyA,D,descriptive_name,,,
bmyB,D,descriptive_name,,,
bmyC,D,descriptive_name,,,
BnaA01g19680D,B,species_prefix_Bna,Bna,A01g19680D,
BnaA03g40190D,B,species_prefix_Bna,Bna,A03g40190D,
BnaA09g34300D,B,species_prefix_Bna,Bna,A09g34300D,
BnaA09g43210D,B,species_prefix_Bna,Bna,A09g43210D,
BnaABA1,B,species_prefix_Bna,Bna,ABA1,
BnaAPX,B,species_prefix_Bna,Bna,APX,
BnaAPX18,B,species_prefix_Bna,Bna,APX18,
BnaAPX19,B,species_prefix_Bna,Bna,APX19,
BnaAPX22,B,species_prefix_Bna,Bna,APX22,
BnaAPX25,B,species_prefix_Bna,Bna,APX25,
BnaC04g26320D,B,species_prefix_Bna,Bna,C04g26320D,
BnaC09g44400D,B,species_prefix_Bna,Bna,C09g44400D,
BnaC2.MYB28,D,descriptive_name,,,
BnaC9-Tic40,B,species_prefix_Bna,Bna,C9-Tic40,
BnaDAO,B,species_prefix_Bna,Bna,DAO,
BnaDAO genes,D,descriptive_name,,,
BnaDAOs,B,species_prefix_Bna,Bna,DAOs,
BnaGH3,B,species_prefix_Bna,Bna,GH3,
BnaGH3 genes,D,descriptive_name,,,
BnaGH3.5,D,descriptive_name,,,
BnaMYB34,B,species_prefix_Bna,Bna,MYB34,
BnaMYB69,B,species_prefix_Bna,Bna,MYB69,
BnaNCED9,B,species_prefix_Bna,Bna,NCED9,
BnANS,B,species_prefix_Bn,Bn,ANS,
BnAPX,B,species_prefix_Bn,Bn,APX,
BnCAT1,B,species_prefix_Bn,Bn,CAT1,
BnChimera,B,species_prefix_Bn,Bn,Chimera,
BnCIPK6,B,species_prefix_Bn,Bn,CIPK6,
BnDFR,B,species_prefix_Bn,Bn,DFR,
BnGLYI,B,species_prefix_Bn,Bn,GLYI,
BnGLYI-3,B,species_prefix_Bn,Bn,GLYI-3,
BnGST,B,species_prefix_Bn,Bn,GST,
BnLOR gene family,D,descriptive_name,,,
BnLOR genes,D,descriptive_name,,,
BnLOR39,B,species_prefix_Bn,Bn,LOR39,
BnLOR4,B,species_prefix_Bn,Bn,LOR4,
BnLOR51,B,species_prefix_Bn,Bn,LOR51,
BnMicEmUP protein,D,descriptive_name,,,
BnMicEmUP proteins,D,descriptive_name,,,
"BnMicEmUP2,3",D,descriptive_name,,,
BnMicEmUP3,B,species_prefix_Bn,Bn,MicEmUP3,
BnMicEmUP3 gene,D,descriptive_name,,,
BnMicEmUP3 protein,D,descriptive_name,,,
BnNrt2,B,species_prefix_Bn,Bn,Nrt2,
BnPIP1,B,species_prefix_Bn,Bn,PIP1,
BnSHI/STY,D,descriptive_name,,,
BnSIP1-1,B,species_prefix_Bn,Bn,SIP1-1,
BnSOD,B,species_prefix_Bn,Bn,SOD,
BnTIP2,B,species_prefix_Bn,Bn,TIP2,
BnWRI1,B,species_prefix_Bn,Bn,WRI1,
BnWRKY41,B,species_prefix_Bn,Bn,WRKY41,
BOB1,C,bare_gene_symbol,,,
BocGTR1,B,species_prefix_Boc,Boc,GTR1,
BocGTR1 proteins,D,descriptive_name,,,
BocGTR1 transporters,D,descriptive_name,,,
BocGTR1a,B,species_prefix_Boc,Boc,GTR1a,
BocGTR1a/c,D,descriptive_name,,,
BocGTR1b,B,species_prefix_Boc,Boc,GTR1b,
BocGTR1c,B,species_prefix_Boc,Boc,GTR1c,
BoCNGC genes,D,descriptive_name,,,
BoCNGC1 gene,D,descriptive_name,,,
BoCNGC18,B,species_prefix_Bo,Bo,CNGC18,
BoCNGC19,B,species_prefix_Bo,Bo,CNGC19,
BoFLC1,B,species_prefix_Bo,Bo,FLC1,
BoGH3B,B,species_prefix_Bo,Bo,GH3B,
BoHSP70,B,species_prefix_Bo,Bo,HSP70,
Bol005916,C,bare_gene_symbol,,,
Bol007667,C,bare_gene_symbol,,,
Bol009568,C,bare_gene_symbol,,,
Bol009860,C,bare_gene_symbol,,,
Bol016003,C,bare_gene_symbol,,,
Bol027348,C,bare_gene_symbol,,,
Bol036512,C,bare_gene_symbol,,,
Bol039362,C,bare_gene_symbol,,,
BolFAD4.1,D,descriptive_name,,,
BolFAD6.2,D,descriptive_name,,,
BolKCS01,B,species_prefix_Bol,Bol,KCS01,
BolKCS04,B,species_prefix_Bol,Bol,KCS04,
BolPAL,B,species_prefix_Bol,Bol,PAL,
BolPAL1-1,B,species_prefix_Bol,Bol,PAL1-1,
BolPAL1-2,B,species_prefix_Bol,Bol,PAL1-2,
BolPAL2-1,B,species_prefix_Bol,Bol,PAL2-1,
BolPAL2-3,B,species_prefix_Bol,Bol,PAL2-3,
BolPAL3-2,B,species_prefix_Bol,Bol,PAL3-2,
BolPAL4,B,species_prefix_Bol,Bol,PAL4,
BON1,C,bare_gene_symbol,,,
bon1-1,D,descriptive_name,,,
BOR1,C,bare_gene_symbol,,,
BOS1,C,bare_gene_symbol,,,
BoSCL13,B,species_prefix_Bo,Bo,SCL13,
Botrytis cinerea TOR,D,descriptive_name,,,
bovine liver catalase,D,descriptive_name,,,
bovine serum albumin,D,descriptive_name,,,
bovine trypsin,D,descriptive_name,,,
Bowman-Birk type proteinase inhibitors,D,descriptive_name,,,
Bowman-Birk type trypsin inhibitors,D,descriptive_name,,,
Bowman–Birk,D,descriptive_name,,,
bp1,D,descriptive_name,,,
Bp10,C,bare_gene_symbol,,,
Bp4CL10,C,bare_gene_symbol,,,
BPBT,C,bare_gene_symbol,,,
BpbZIP37,B,species_prefix_Bpb,Bpb,ZIP37,
BpERF2,B,species_prefix_Bp,Bp,ERF2,
BPLTP,C,bare_gene_symbol,,,
BpMYB102,B,species_prefix_Bp,Bp,MYB102,
BpRPD1,B,species_prefix_Bp,Bp,RPD1,
BPS,C,bare_gene_symbol,,,
BpTCP20,B,species_prefix_Bp,Bp,TCP20,
BR (brassinosteroid) genes,D,descriptive_name,,,
BR biosynthesis genes,D,descriptive_name,,,
BR kinase inhibitor 1,D,descriptive_name,,,
BR receptor,D,descriptive_name,,,
BR receptors,D,descriptive_name,,,
BR responsive genes,D,descriptive_name,,,
BR signaling kinases,D,descriptive_name,,,
BR-related DEGs,D,descriptive_name,,,
BR-related genes,D,descriptive_name,,,
BR-responsive factors,D,descriptive_name,,,
BR-responsive proteins,D,descriptive_name,,,
BR-signaling kinases,D,descriptive_name,,,
BR/BRI1 complex,D,descriptive_name,,,
BR1-EMS-suppressor,D,descriptive_name,,,
BR6ox1,C,bare_gene_symbol,,,
BR6OX2,C,bare_gene_symbol,,,
Bra001676,C,bare_gene_symbol,,,
Bra003881,C,bare_gene_symbol,,,
Bra003918,C,bare_gene_symbol,,,
Bra004787,C,bare_gene_symbol,,,
Bra005168,C,bare_gene_symbol,,,
Bra010713,C,bare_gene_symbol,,,
Bra012570,C,bare_gene_symbol,,,
Bra017120,C,bare_gene_symbol,,,
Bra021965,C,bare_gene_symbol,,,
Bra022853,C,bare_gene_symbol,,,
Bra025083,C,bare_gene_symbol,,,
Bra031598,C,bare_gene_symbol,,,
Bra031934,C,bare_gene_symbol,,,
Bra033040,C,bare_gene_symbol,,,
Bra035235,C,bare_gene_symbol,,,
Bra040122,C,bare_gene_symbol,,,
Bra4CL2,C,bare_gene_symbol,,,
BraA03g029090,B,species_prefix_Bra,Bra,A03g029090,
BraA03g030100.3.1C,D,descriptive_name,,,
BraA03g039480,B,species_prefix_Bra,Bra,A03g039480,
BraA03g055570,B,species_prefix_Bra,Bra,A03g055570,
BraA04g031900,B,species_prefix_Bra,Bra,A04g031900,
BraA05g032350.3C,D,descriptive_name,,,
BraA07g024750.3C,D,descriptive_name,,,
BraA08g019950,B,species_prefix_Bra,Bra,A08g019950,
BraA09g024400,B,species_prefix_Bra,Bra,A09g024400,
BraA10g001200.3C,D,descriptive_name,,,
BraA10g026190,B,species_prefix_Bra,Bra,A10g026190,
BraC03g032850,B,species_prefix_Bra,Bra,C03g032850,
BraC04g019520,B,species_prefix_Bra,Bra,C04g019520,
BraC04g024920,B,species_prefix_Bra,Bra,C04g024920,
BraC05g028980,B,species_prefix_Bra,Bra,C05g028980,
BraCCT,B,species_prefix_Bra,Bra,CCT,
BraCCT gene family,D,descriptive_name,,,
BraCCT genes,D,descriptive_name,,,
BraCCT39,B,species_prefix_Bra,Bra,CCT39,
BraCCT41,B,species_prefix_Bra,Bra,CCT41,
BraCCT48,B,species_prefix_Bra,Bra,CCT48,
BraCCT6,B,species_prefix_Bra,Bra,CCT6,
BRADI1G13416,A,brachypodium_locus,,,
BRADI1G75270,A,brachypodium_locus,,,
Bradi3g48197,A,brachypodium_locus,,,
BRADI3G53860,A,brachypodium_locus,,,
BRADI4G37520,A,brachypodium_locus,,,
BRADO0045,C,bare_gene_symbol,,,
BRADO4679,C,bare_gene_symbol,,,
BRADO5483–BRADO5487,D,descriptive_name,,,
BraHsfA2,B,species_prefix_Bra,Bra,HsfA2,
BraHsp101,B,species_prefix_Bra,Bra,Hsp101,
BraHsp70,B,species_prefix_Bra,Bra,Hsp70,
BraKAT2,B,species_prefix_Bra,Bra,KAT2,
BramMDH1,C,bare_gene_symbol,,,
branched-chain aminotransferases,D,descriptive_name,,,
branched-chain-amino-acid aminotransferase,D,descriptive_name,,,
branching enzyme,D,descriptive_name,,,
branching enzyme genes,D,descriptive_name,,,
branching enzymes,D,descriptive_name,,,
BrAS2 family,D,descriptive_name,,,
BrAS2 gene family,D,descriptive_name,,,
BrAS2 genes,D,descriptive_name,,,
BrAS2-10,B,species_prefix_Br,Br,AS2-10,
BrAS2-47,B,species_prefix_Br,Br,AS2-47,
BrAS2-58,B,species_prefix_Br,Br,AS2-58,
BraSHM4,B,species_prefix_Bra,Bra,SHM4,
BRASSINAZOLE RESISTANT 1,D,descriptive_name,,,
Brassinazole-resistant,D,descriptive_name,,,
brassinazole-resistant1,D,descriptive_name,,,
Brassinolide biosynthetic genes,D,descriptive_name,,,
brassinolide-responsive genes,D,descriptive_name,,,
brassinosteriod metabolism genes,D,descriptive_name,,,
Brassinosteroid (BR)-associated genes,D,descriptive_name,,,
brassinosteroid C6-oxidase,D,descriptive_name,,,
Brassinosteroid hormone metabolism genes,D,descriptive_name,,,
brassinosteroid hydroxylase,D,descriptive_name,,,
Brassinosteroid Insensitive 1,D,descriptive_name,,,
Brassinosteroid insensitive 1-associated receptor kinase 1,D,descriptive_name,,,
BRASSINOSTEROID INSENSITIVE 1–associated kinase,D,descriptive_name,,,
Brassinosteroid insensitive 2,D,descriptive_name,,,
BRASSINOSTEROID INTENSIVE 1,D,descriptive_name,,,
brassinosteroid LRR receptor kinase,D,descriptive_name,,,
Brassinosteroid metabolism genes,D,descriptive_name,,,
brassinosteroid receptor 1,D,descriptive_name,,,
brassinosteroid receptor gene,D,descriptive_name,,,
brassinosteroid receptors,D,descriptive_name,,,
brassinosteroid sulfotransferase,D,descriptive_name,,,
brassinosteroid sulfotransferase 12,D,descriptive_name,,,
brassinosteroid transferase,D,descriptive_name,,,
Brassinosteroid-related genes,D,descriptive_name,,,
brassinosteroid-related proteins,D,descriptive_name,,,
brassinosteroid-responsive gene,D,descriptive_name,,,
brassinosteroid-responsive genes,D,descriptive_name,,,
Brassinosteroid-signaling kinase,D,descriptive_name,,,
BrbZIP-S,B,species_prefix_Brb,Brb,ZIP-S,
BRC1,C,bare_gene_symbol,,,
BrCAX,B,species_prefix_Br,Br,CAX,
BrCAX family,D,descriptive_name,,,
BrCAX family genes,D,descriptive_name,,,
BrCAX gene,D,descriptive_name,,,
BrCAX genes,D,descriptive_name,,,
BrCAX1-1,B,species_prefix_Br,Br,CAX1-1,
BrCAX1-1-N,B,species_prefix_Br,Br,CAX1-1-N,
BrCAX1-2,B,species_prefix_Br,Br,CAX1-2,
BrCAX1-2-N,B,species_prefix_Br,Br,CAX1-2-N,
BrCAX3,B,species_prefix_Br,Br,CAX3,
BrCAXs,B,species_prefix_Br,Br,CAXs,
BrcCER1,B,species_prefix_Brc,Brc,CER1,
BrCCX,B,species_prefix_Br,Br,CCX,
BrChi1,B,species_prefix_Br,Br,Chi1,
BrCYP71B2,B,species_prefix_Br,Br,CYP71B2,
BrDREB family genes,D,descriptive_name,,,
BrDREB genes,D,descriptive_name,,,
BrDREB transcription factors,D,descriptive_name,,,
BrDREB2B,B,species_prefix_Br,Br,DREB2B,
BrFLC3,B,species_prefix_Br,Br,FLC3,
BrGASA gene family,D,descriptive_name,,,
BrGASA gene promoters,D,descriptive_name,,,
BrGASA genes,D,descriptive_name,,,
BrGASA13,B,species_prefix_Br,Br,GASA13,
BrGASA14,B,species_prefix_Br,Br,GASA14,
BrGASA15,B,species_prefix_Br,Br,GASA15,
BrGASA3,B,species_prefix_Br,Br,GASA3,
BrGASA4,B,species_prefix_Br,Br,GASA4,
BrGASA5,B,species_prefix_Br,Br,GASA5,
BrGASA6,B,species_prefix_Br,Br,GASA6,
BrGASA7,B,species_prefix_Br,Br,GASA7,
BrGASA8,B,species_prefix_Br,Br,GASA8,
BrGolS7,B,species_prefix_Br,Br,GolS7,
BrGPX2,B,species_prefix_Br,Br,GPX2,
BrGST1,B,species_prefix_Br,Br,GST1,
BRH1,C,bare_gene_symbol,,,
BrHSBP1,B,species_prefix_Br,Br,HSBP1,
BrHSBP1-GFP fusion proteins,D,descriptive_name,,,
BrHSBP1-like,B,species_prefix_Br,Br,HSBP1-like,
BRI1,C,bare_gene_symbol,,,
BRI1 genes,D,descriptive_name,,,
BRI1 receptor,D,descriptive_name,,,
BRI1 suppressor 1-like 3,D,descriptive_name,,,
bri1-1,D,descriptive_name,,,
BRI1-associated receptor kinase1,D,descriptive_name,,,
BRI1-BAK1,D,descriptive_name,,,
bri1-EMS suppressor 1,D,descriptive_name,,,
BRI1-GFP,D,descriptive_name,,,
BRI1/BAK1 complex,D,descriptive_name,,,
BRI1/BAK1 receptor complex,D,descriptive_name,,,
brittle-1,D,descriptive_name,,,
BrJMJ,B,species_prefix_Br,Br,JMJ,
BrJMJ gene family,D,descriptive_name,,,
BrJMJ genes,D,descriptive_name,,,
BrJMJ17,B,species_prefix_Br,Br,JMJ17,
BrJMJ18,B,species_prefix_Br,Br,JMJ18,
BrJMJ18-GFP,B,species_prefix_Br,Br,JMJ18-GFP,
BrJMJ18Par,B,species_prefix_Br,Br,JMJ18Par,
BrJMJ18PC,B,species_prefix_Br,Br,JMJ18PC,
BrJMJ19,B,species_prefix_Br,Br,JMJ19,
BrJMJ27,B,species_prefix_Br,Br,JMJ27,
BrJMJ28,B,species_prefix_Br,Br,JMJ28,
BrJMJ4,B,species_prefix_Br,Br,JMJ4,
brk1,D,descriptive_name,,,
BRL receptors,D,descriptive_name,,,
BRL-likes,D,descriptive_name,,,
BRL1,C,bare_gene_symbol,,,
BRL2,C,bare_gene_symbol,,,
BRL3,C,bare_gene_symbol,,,
BRL3 receptor,D,descriptive_name,,,
BrMDHAR,B,species_prefix_Br,Br,MDHAR,
Broad bean wilt virus 2 movement protein VP37,D,descriptive_name,,,
brown module,D,descriptive_name,,,
BrPIF4,B,species_prefix_Br,Br,PIF4,
BrPP5.2,D,descriptive_name,,,
BrrLOX gene family,D,descriptive_name,,,
BrrLOX genes,D,descriptive_name,,,
BrrLOX1,B,species_prefix_Brr,Brr,LOX1,
BrrLOX1-6,B,species_prefix_Brr,Brr,LOX1-6,
BrrLOX10,B,species_prefix_Brr,Brr,LOX10,
BrrLOX11,B,species_prefix_Brr,Brr,LOX11,
BrrLOX14,B,species_prefix_Brr,Brr,LOX14,
BrrLOX15,B,species_prefix_Brr,Brr,LOX15,
BrrLOX2,B,species_prefix_Brr,Brr,LOX2,
BrrLOX3-5,B,species_prefix_Brr,Brr,LOX3-5,
BrrLOX4,B,species_prefix_Brr,Brr,LOX4,
BrrLOX6,B,species_prefix_Brr,Brr,LOX6,
BrrLOX7,B,species_prefix_Brr,Brr,LOX7,
BrrLOX7-12,B,species_prefix_Brr,Brr,LOX7-12,
BrrLOX7-15,B,species_prefix_Brr,Brr,LOX7-15,
BrrLOX8,B,species_prefix_Brr,Brr,LOX8,
BrrLOX9,B,species_prefix_Brr,Brr,LOX9,
BrROT3,B,species_prefix_Br,Br,ROT3,
BrSAMS,B,species_prefix_Br,Br,SAMS,
BrSR45a,B,species_prefix_Br,Br,SR45a,
bru1,D,descriptive_name,,,
BRUTUS,C,bare_gene_symbol,,,
BSA,C,bare_gene_symbol,,,
BSK,C,bare_gene_symbol,,,
BSK family genes,D,descriptive_name,,,
BSK gene family,D,descriptive_name,,,
BSK genes,D,descriptive_name,,,
BSK kinases,D,descriptive_name,,,
BSK3,C,bare_gene_symbol,,,
BSK5,C,bare_gene_symbol,,,
BSKs,D,descriptive_name,,,
BSL3,C,bare_gene_symbol,,,
BSMT,C,bare_gene_symbol,,,
BSMT1,C,bare_gene_symbol,,,
BSP family genes,D,descriptive_name,,,
BSU1,C,bare_gene_symbol,,,
Bt toxin,D,descriptive_name,,,
Bt transgenes,D,descriptive_name,,,
Bt-toxin,D,descriptive_name,,,
BT1,C,bare_gene_symbol,,,
BT1 transporter,D,descriptive_name,,,
BT1-2,D,descriptive_name,,,
BT2,C,bare_gene_symbol,,,
BT2 transcription factors,D,descriptive_name,,,
BTA1,C,bare_gene_symbol,,,
BTB proteins,D,descriptive_name,,,
BTS,C,bare_gene_symbol,,,
BtuB,D,descriptive_name,,,
btuBCDF,D,descriptive_name,,,
btuBCDF ABC transport system,D,descriptive_name,,,
BtuC,D,descriptive_name,,,
BtuD,D,descriptive_name,,,
BtuF,D,descriptive_name,,,
budA,D,descriptive_name,,,
budC,D,descriptive_name,,,
bulk proteins,D,descriptive_name,,,
BURP domain protein,D,descriptive_name,,,
butanediol dehydrogenase,D,descriptive_name,,,
bx1,D,descriptive_name,,,
BX8,C,bare_gene_symbol,,,
BXL,C,bare_gene_symbol,,,
bZIP,D,descriptive_name,,,
bZIP factor,D,descriptive_name,,,
bZIP factors,D,descriptive_name,,,
bZIP families,D,descriptive_name,,,
bZIP gene family,D,descriptive_name,,,
bZIP protein,D,descriptive_name,,,
bZIP protein EmBP-1,D,descriptive_name,,,
bZIP proteins,D,descriptive_name,,,
bZIP TF,D,descriptive_name,,,
bZIP TFs,D,descriptive_name,,,
bZIP TGA family,D,descriptive_name,,,
bZIP transcription factor,D,descriptive_name,,,
bZIP transcription factor 23,D,descriptive_name,,,
bZIP transcription factor family,D,descriptive_name,,,
bZIP transcription factor genes,D,descriptive_name,,,
bZIP transcription factors,D,descriptive_name,,,
bZIP/ABF,D,descriptive_name,,,
BZIP10,C,bare_gene_symbol,,,
bZIP17,D,descriptive_name,,,
BZIP2,C,bare_gene_symbol,,,
bZIP21,D,descriptive_name,,,
bZIP23,D,descriptive_name,,,
bZIP24,D,descriptive_name,,,
bZIP28,D,descriptive_name,,,
bZIP3,D,descriptive_name,,,
bZIP37,D,descriptive_name,,,
bZIP46-like,D,descriptive_name,,,
bZIP53,D,descriptive_name,,,
bZIP60,D,descriptive_name,,,
bZIP60/61,D,descriptive_name,,,
bZIP60s,D,descriptive_name,,,
bZIP63,D,descriptive_name,,,
bZIP67,D,descriptive_name,,,
BZIP69,C,bare_gene_symbol,,,
bZIP72,D,descriptive_name,,,
bZIP9,D,descriptive_name,,,
bZIPs,D,descriptive_name,,,
bZIPTFs,D,descriptive_name,,,
BZR,C,bare_gene_symbol,,,
BZR genes,D,descriptive_name,,,
BZR-related genes,D,descriptive_name,,,
BZR1,C,bare_gene_symbol,,,
BZR1-CFP,D,descriptive_name,,,
BZR1/2,D,descriptive_name,,,
BZR2,C,bare_gene_symbol,,,
BZR2/BES1,D,descriptive_name,,,
BZS1,C,bare_gene_symbol,,,
c,E,noise_too_short,,,
C-23α-hydroxylase,D,descriptive_name,,,
C-4 sterol methyl oxidase,D,descriptive_name,,,
C-5 sterol desaturase,D,descriptive_name,,,
C-CBH,D,descriptive_name,,,
C-repeat binding factor,D,descriptive_name,,,
C-repeat binding factor 1,D,descriptive_name,,,
C-repeat binding factors,D,descriptive_name,,,
C-S-A gene system,D,descriptive_name,,,
C-terminal STAS domain,D,descriptive_name,,,
C-type LecRLKs,D,descriptive_name,,,
C-type lectins,D,descriptive_name,,,
C/VIF1,D,descriptive_name,,,
C/VIF2,D,descriptive_name,,,
C0P6F8,A,uniprot_accession,,,
C0P9V2,A,uniprot_accession,,,
C0PKS1,A,uniprot_accession,,,
C1,E,noise_too_short,,,
C10,C,bare_gene_symbol,,,
C12RT1,C,bare_gene_symbol,,,
c187075_g1,D,descriptive_name,,,
c188817_g1,D,descriptive_name,,,
c194962_g2,D,descriptive_name,,,
c195983_g1,D,descriptive_name,,,
C2,E,noise_too_short,,,
C2 domain phospholipid-binding protein,D,descriptive_name,,,
C2 domains,D,descriptive_name,,,
C2-domain ABA-related 7-like gene,D,descriptive_name,,,
C2-PLD subfamily,D,descriptive_name,,,
C2-PLDs,D,descriptive_name,,,
c200317_g1,D,descriptive_name,,,
c200811_g3,D,descriptive_name,,,
c210145_g2,D,descriptive_name,,,
C2H2,C,bare_gene_symbol,,,
C2H2 proteins,D,descriptive_name,,,
C2H2 transcription factor,D,descriptive_name,,,
C2H2 zinc finger protein,D,descriptive_name,,,
C2H2 zinc finger proteins,D,descriptive_name,,,
C2H2 zinc finger transcription factor,D,descriptive_name,,,
C2H2 zinc-finger protein,D,descriptive_name,,,
C2H2 ZNF,D,descriptive_name,,,
C2H2-EAR zinc finger protein,D,descriptive_name,,,
C2H2-type zinc finger proteins,D,descriptive_name,,,
C3'H,D,descriptive_name,,,
C3H,C,bare_gene_symbol,,,
C3H1,C,bare_gene_symbol,,,
C3H2,C,bare_gene_symbol,,,
C3HC4,C,bare_gene_symbol,,,
C3HC4 type,D,descriptive_name,,,
C3’H,D,descriptive_name,,,
C4 carbonic anhydrase,D,descriptive_name,,,
C4 enzymes,D,descriptive_name,,,
C4 protein,D,descriptive_name,,,
C4-pathway enzymes,D,descriptive_name,,,
C417S,C,bare_gene_symbol,,,
C4H,C,bare_gene_symbol,,,
C4HC3-type zinc finger,D,descriptive_name,,,
C4L,C,bare_gene_symbol,,,
C5,E,noise_too_short,,,
c55523.graph_c0,D,descriptive_name,,,
C65939,C,bare_gene_symbol,,,
c68309.graph_c0,D,descriptive_name,,,
c74970.graph_c1,D,descriptive_name,,,
C8C5C3H,C,bare_gene_symbol,,,
CA,E,noise_too_short,,,
Ca channels,D,descriptive_name,,,
Ca++ and K+ channels,D,descriptive_name,,,
CA1,C,bare_gene_symbol,,,
Ca1:270126601,D,descriptive_name,,,
ca1ca4,D,descriptive_name,,,
Ca2+ ATPase,D,descriptive_name,,,
Ca2+ binding domain,D,descriptive_name,,,
Ca2+ binding protein,D,descriptive_name,,,
Ca2+ channels,D,descriptive_name,,,
Ca2+ sensor protein,D,descriptive_name,,,
Ca2+ sensors,D,descriptive_name,,,
Ca2+-ATPase,D,descriptive_name,,,
Ca2+-ATPase pumps,D,descriptive_name,,,
Ca2+-ATPases,D,descriptive_name,,,
Ca2+-binding C2 domain,D,descriptive_name,,,
Ca2+-binding protein,D,descriptive_name,,,
Ca2+-binding proteins,D,descriptive_name,,,
Ca2+-CaM complex,D,descriptive_name,,,
Ca2+-dependent protein kinases,D,descriptive_name,,,
Ca2+-permeable glutamate receptor,D,descriptive_name,,,
Ca2+/calmodulin,D,descriptive_name,,,
Ca2+/calmodulin complex,D,descriptive_name,,,
Ca2+/calmodulin-dependent meEF2-kinase,D,descriptive_name,,,
Ca2+/cation antiporters,D,descriptive_name,,,
Ca2+/H+ exchangers,D,descriptive_name,,,
Ca2/CaM,D,descriptive_name,,,
Ca2:18671666,D,descriptive_name,,,
CA4,C,bare_gene_symbol,,,
Ca_00326,D,descriptive_name,,,
Ca_01683,D,descriptive_name,,,
Ca_02987,D,descriptive_name,,,
Ca_15022,D,descriptive_name,,,
CaABR1,B,species_prefix_Ca,Ca,ABR1,
CaActin,B,species_prefix_Ca,Ca,Actin,
CaAPX,B,species_prefix_Ca,Ca,APX,
CaAPX gene,D,descriptive_name,,,
CaAPX gene family,D,descriptive_name,,,
CaAPX genes,D,descriptive_name,,,
CaAPX1,B,species_prefix_Ca,Ca,APX1,
CaAPX2,B,species_prefix_Ca,Ca,APX2,
CaAPX4,B,species_prefix_Ca,Ca,APX4,
CaAPX5,B,species_prefix_Ca,Ca,APX5,
CaAPX7,B,species_prefix_Ca,Ca,APX7,
CAB,C,bare_gene_symbol,,,
CAB 2,D,descriptive_name,,,
CAB-151,D,descriptive_name,,,
CAB-4,D,descriptive_name,,,
CAB1,C,bare_gene_symbol,,,
Cab12,C,bare_gene_symbol,,,
Cab1R,D,descriptive_name,,,
CAB2,C,bare_gene_symbol,,,
CAB3,C,bare_gene_symbol,,,
CAB40,C,bare_gene_symbol,,,
CAB6,C,bare_gene_symbol,,,
CABP,C,bare_gene_symbol,,,
CABs,D,descriptive_name,,,
CabZIP23,B,species_prefix_Cab,Cab,ZIP23,
CabZIP63,B,species_prefix_Cab,Cab,ZIP63,
CAC,C,bare_gene_symbol,,,
CaCA superfamily,D,descriptive_name,,,
CaCAT,B,species_prefix_Ca,Ca,CAT,
CaCAT1,B,species_prefix_Ca,Ca,CAT1,
CaCAT2,B,species_prefix_Ca,Ca,CAT2,
CaCBL,B,species_prefix_Ca,Ca,CBL,
CaCBL3,B,species_prefix_Ca,Ca,CBL3,
CaCBL4,B,species_prefix_Ca,Ca,CBL4,
CaCBL6,B,species_prefix_Ca,Ca,CBL6,
CaCBLs,B,species_prefix_Ca,Ca,CBLs,
CaChi2,B,species_prefix_Ca,Ca,Chi2,
CaChiVI2,B,species_prefix_Ca,Ca,ChiVI2,
CaChiVI2 gene,D,descriptive_name,,,
CaCIPK,B,species_prefix_Ca,Ca,CIPK,
CaCIPK1,B,species_prefix_Ca,Ca,CIPK1,
CaCIPK12,B,species_prefix_Ca,Ca,CIPK12,
CaCIPK13,B,species_prefix_Ca,Ca,CIPK13,
CaCIPK18,B,species_prefix_Ca,Ca,CIPK18,
CaCIPK20,B,species_prefix_Ca,Ca,CIPK20,
CaCIPK22,B,species_prefix_Ca,Ca,CIPK22,
CaCIPK3,B,species_prefix_Ca,Ca,CIPK3,
CaCIPK9,B,species_prefix_Ca,Ca,CIPK9,
CaCIPKs,B,species_prefix_Ca,Ca,CIPKs,
CaCRK5,B,species_prefix_Ca,Ca,CRK5,
CaCSD2,B,species_prefix_Ca,Ca,CSD2,
CAD,C,bare_gene_symbol,,,
CAD genes,D,descriptive_name,,,
CAD-B2,D,descriptive_name,,,
CAD2,C,bare_gene_symbol,,,
CAD4,C,bare_gene_symbol,,,
CAD5,C,bare_gene_symbol,,,
CAD6,C,bare_gene_symbol,,,
CAD9,C,bare_gene_symbol,,,
CaDEF1,B,species_prefix_Ca,Ca,DEF1,
cadherin,D,descriptive_name,,,
CaDhn,B,species_prefix_Ca,Ca,Dhn,
CaDIMK1,B,species_prefix_Ca,Ca,DIMK1,
CaDnaJ gene,D,descriptive_name,,,
CaDnaJ genes,D,descriptive_name,,,
CaDnaJ02,B,species_prefix_Ca,Ca,DnaJ02,
CaDnaJ04,B,species_prefix_Ca,Ca,DnaJ04,
CaDnaJ10,B,species_prefix_Ca,Ca,DnaJ10,
CaDnaJ25,B,species_prefix_Ca,Ca,DnaJ25,
CaDnaJ40,B,species_prefix_Ca,Ca,DnaJ40,
CaDnaJ46,B,species_prefix_Ca,Ca,DnaJ46,
CaDnaJ47,B,species_prefix_Ca,Ca,DnaJ47,
CaDnaJ56,B,species_prefix_Ca,Ca,DnaJ56,
CaDnaJ70,B,species_prefix_Ca,Ca,DnaJ70,
CaDnaJ74,B,species_prefix_Ca,Ca,DnaJ74,
CADs,D,descriptive_name,,,
CaERN3,B,species_prefix_Ca,Ca,ERN3,
CaETR1,B,species_prefix_Ca,Ca,ETR1,
Caffeate O-methyltransferase,D,descriptive_name,,,
caffeic acid 3-0-methyltransferase,D,descriptive_name,,,
Caffeic acid 3-O-methyltransferase,D,descriptive_name,,,
CAFFEIC ACID 3-O-METHYLTRANSFERASE 1,D,descriptive_name,,,
Caffeic acid 3-O-methyltransferase 5,D,descriptive_name,,,
Caffeic acid 3-O-methyltransferase 6,D,descriptive_name,,,
Caffeic acid 3-O-methyltransferase genes,D,descriptive_name,,,
caffeic acid 3-O-methyltransferases,D,descriptive_name,,,
caffeic acid O-methyl transferase gene,D,descriptive_name,,,
caffeic acid O-methyltransferase,D,descriptive_name,,,
CAFFEIC ACID O-METHYLTRANSFERASE 1,D,descriptive_name,,,
caffeic acid O-methyltransferases,D,descriptive_name,,,
Caffeic Acid O–Methyltransferase,D,descriptive_name,,,
caffeic/5-hydroxyferulic acid O-methyltransferase,D,descriptive_name,,,
Caffeic_acid_O-methyltransferase,D,descriptive_name,,,
caffeoyl CoA 3-O-methyltransferase,D,descriptive_name,,,
Caffeoyl CoA O-methyltransferase,D,descriptive_name,,,
caffeoyl CoA O-methyltransferases,D,descriptive_name,,,
caffeoyl coenzyme a OMT,D,descriptive_name,,,
Caffeoyl Shikimate Esterase,D,descriptive_name,,,
caffeoyl-CoA 3-O-methyltransferase,D,descriptive_name,,,
Caffeoyl-CoA O-methyltransferase,D,descriptive_name,,,
caffeoyl-CoA O-methyltransferase 1,D,descriptive_name,,,
caffeoyl-CoA O-methyltransferase 5,D,descriptive_name,,,
caffeoyl-CoA O-methyltransferase 6,D,descriptive_name,,,
"caffeoyl-CoA:pelargonidin-3,5-diglucoside 5-O-glucoside-6-O-hydroxycinnamoyltransferase",D,descriptive_name,,,
Caffeoyl-CoA_O-methyltransferase,D,descriptive_name,,,
CaFPF1,B,species_prefix_Ca,Ca,FPF1,
CaFtsH,B,species_prefix_Ca,Ca,FtsH,
CaFtsH06,B,species_prefix_Ca,Ca,FtsH06,
CaGH3-1,B,species_prefix_Ca,Ca,GH3-1,
CaGH3-7,B,species_prefix_Ca,Ca,GH3-7,
CaGrx,B,species_prefix_Ca,Ca,Grx,
CaGrx gene,D,descriptive_name,,,
cah1,D,descriptive_name,,,
CaHsf,B,species_prefix_Ca,Ca,Hsf,
CaHsfA1b,B,species_prefix_Ca,Ca,HsfA1b,
CaHsfA1d,B,species_prefix_Ca,Ca,HsfA1d,
CaHsfA2,B,species_prefix_Ca,Ca,HsfA2,
CaHsfA2 protein,D,descriptive_name,,,
CaHsfA6a,B,species_prefix_Ca,Ca,HsfA6a,
CaHsfA9a,B,species_prefix_Ca,Ca,HsfA9a,
CaHsfA9d,B,species_prefix_Ca,Ca,HsfA9d,
CaHsfB1,B,species_prefix_Ca,Ca,HsfB1,
CaHsfB3b,B,species_prefix_Ca,Ca,HsfB3b,
CaHsfs,B,species_prefix_Ca,Ca,Hsfs,
CaHSL1,B,species_prefix_Ca,Ca,HSL1,
CaHSP16.4,D,descriptive_name,,,
CaHSP17.6,D,descriptive_name,,,
CaHSP20.7,D,descriptive_name,,,
CaHsp22.5,D,descriptive_name,,,
CaHSP24,B,species_prefix_Ca,Ca,HSP24,
CaHSP25.9,D,descriptive_name,,,
CaHsp70-1,B,species_prefix_Ca,Ca,Hsp70-1,
CaHSP70-2,B,species_prefix_Ca,Ca,HSP70-2,
CaIPT5,B,species_prefix_Ca,Ca,IPT5,
caiX,D,descriptive_name,,,
CaJAZ1-03,B,species_prefix_Ca,Ca,JAZ1-03,
CALB,C,bare_gene_symbol,,,
CALB genes,D,descriptive_name,,,
CALB2,C,bare_gene_symbol,,,
CALB4,C,bare_gene_symbol,,,
calcineurin,D,descriptive_name,,,
calcineurin B-like,D,descriptive_name,,,
calcineurin B-like proteins,D,descriptive_name,,,
calcitonin,D,descriptive_name,,,
calcitonin homologue,D,descriptive_name,,,
calcium channel,D,descriptive_name,,,
calcium channels,D,descriptive_name,,,
calcium exchanger 3,D,descriptive_name,,,
calcium ion binding loci,D,descriptive_name,,,
calcium ion binding proteins,D,descriptive_name,,,
calcium ion-binding proteins,D,descriptive_name,,,
calcium kinases,D,descriptive_name,,,
calcium pump genes,D,descriptive_name,,,
calcium pumps,D,descriptive_name,,,
calcium sensing receptor,D,descriptive_name,,,
calcium sensor,D,descriptive_name,,,
calcium sensor genes,D,descriptive_name,,,
calcium sensor proteins,D,descriptive_name,,,
calcium sensors,D,descriptive_name,,,
Calcium signaling genes,D,descriptive_name,,,
calcium signaling proteins,D,descriptive_name,,,
calcium signaling-associated genes,D,descriptive_name,,,
calcium transport,D,descriptive_name,,,
calcium transporters,D,descriptive_name,,,
calcium-activated cation channel,D,descriptive_name,,,
calcium-activated potassium channels,D,descriptive_name,,,
calcium-associated proteins,D,descriptive_name,,,
calcium-binding EF hand family proteins,D,descriptive_name,,,
calcium-binding EF hand proteins,D,descriptive_name,,,
calcium-binding EF-hand protein,D,descriptive_name,,,
calcium-binding EF-hand proteins,D,descriptive_name,,,
calcium-binding phospholipase D,D,descriptive_name,,,
calcium-binding protein,D,descriptive_name,,,
Calcium-binding protein KIC,D,descriptive_name,,,
calcium-binding proteins,D,descriptive_name,,,
calcium-calmodulin,D,descriptive_name,,,
calcium-calmodulin complex,D,descriptive_name,,,
calcium-CaM complex,D,descriptive_name,,,
Calcium-dependent kinases,D,descriptive_name,,,
Calcium-dependent lipid-binding,D,descriptive_name,,,
calcium-dependent lipid-binding protein,D,descriptive_name,,,
calcium-dependent peroxidases,D,descriptive_name,,,
calcium-dependent phospholipid-binding proteins,D,descriptive_name,,,
Calcium-dependent protein genes,D,descriptive_name,,,
calcium-dependent protein kinase,D,descriptive_name,,,
Calcium-dependent protein kinase 13,D,descriptive_name,,,
Calcium-dependent protein kinase 2,D,descriptive_name,,,
calcium-dependent protein kinase 3,D,descriptive_name,,,
calcium-dependent protein kinases,D,descriptive_name,,,
calcium-dependent proteins,D,descriptive_name,,,
calcium-dependent transcription factors,D,descriptive_name,,,
calcium-permeable channels,D,descriptive_name,,,
calcium-related proteins,D,descriptive_name,,,
calcium-responsive protein kinases,D,descriptive_name,,,
calcium-sensing regulators,D,descriptive_name,,,
calcium-transporting ATPase,D,descriptive_name,,,
Calcium-transporting ATPase 8,D,descriptive_name,,,
calcium-transporting ATPases,D,descriptive_name,,,
calcium/calmodulin-binding proteins,D,descriptive_name,,,
CALDH,C,bare_gene_symbol,,,
caleosin,D,descriptive_name,,,
CALEOSIN 3,D,descriptive_name,,,
caleosins,D,descriptive_name,,,
callase,D,descriptive_name,,,
CALLOSE SYNTHASE 8,D,descriptive_name,,,
callose synthases,D,descriptive_name,,,
CALM,C,bare_gene_symbol,,,
CaLMF transcription factors,D,descriptive_name,,,
calmodulin,D,descriptive_name,,,
calmodulin 3,D,descriptive_name,,,
Calmodulin B-like,D,descriptive_name,,,
calmodulin genes,D,descriptive_name,,,
Calmodulin protein kinase,D,descriptive_name,,,
calmodulin-binding domain,D,descriptive_name,,,
calmodulin-binding family proteins,D,descriptive_name,,,
Calmodulin-binding proteins,D,descriptive_name,,,
calmodulin-binding receptor kinase,D,descriptive_name,,,
calmodulin-dependent protein kinases,D,descriptive_name,,,
calmodulin-like,D,descriptive_name,,,
calmodulin-like genes,D,descriptive_name,,,
calmodulin-like mRNA transcripts,D,descriptive_name,,,
calmodulin-like proteins,D,descriptive_name,,,
calmodulin-regulated glutamate decarboxylase,D,descriptive_name,,,
calmodulin-sensing transcription factor,D,descriptive_name,,,
calmodulin3,D,descriptive_name,,,
calmodulins,D,descriptive_name,,,
calnexin,D,descriptive_name,,,
CaLOX1,B,species_prefix_Ca,Ca,LOX1,
calpain-type cysteine protease DEK1,D,descriptive_name,,,
calreticulin,D,descriptive_name,,,
calreticulin-3-like,D,descriptive_name,,,
calreticulin-3-like protein,D,descriptive_name,,,
CaLRR-RLK1,B,species_prefix_Ca,Ca,LRR-RLK1,
CalS,D,descriptive_name,,,
CalS8,B,species_prefix_Cal,Cal,S8,
CalSs,D,descriptive_name,,,
Calvin cycle enzymes,D,descriptive_name,,,
CaM,D,descriptive_name,,,
CaM gene,D,descriptive_name,,,
CaM-activated proteins,D,descriptive_name,,,
CaM-binding domain,D,descriptive_name,,,
CaM-binding proteins,D,descriptive_name,,,
CAM-dependent kinases,D,descriptive_name,,,
CaM-like proteins,D,descriptive_name,,,
CAM/CMLs,D,descriptive_name,,,
CaM3,C,bare_gene_symbol,,,
CaM4,C,bare_gene_symbol,,,
CAM5,C,bare_gene_symbol,,,
CaM6,C,bare_gene_symbol,,,
CaM7,C,bare_gene_symbol,,,
CaMAPK1,B,species_prefix_Ca,Ca,MAPK1,
CaMBD,B,species_prefix_Ca,Ca,MBD,
CaMBF1,B,species_prefix_Ca,Ca,MBF1,
CaMBP,B,species_prefix_Ca,Ca,MBP,
CaMK inhibitor,D,descriptive_name,,,
CaML3,B,species_prefix_Ca,Ca,ML3,
cAMP binding protein,D,descriptive_name,,,
cAMP-dependent protein kinase phosphorylation sites,D,descriptive_name,,,
CAMRLK,C,bare_gene_symbol,,,
CaMs,D,descriptive_name,,,
CAMTA families,D,descriptive_name,,,
CAMTA2,C,bare_gene_symbol,,,
CAMTA3,C,bare_gene_symbol,,,
CAMTAs,D,descriptive_name,,,
CaMV 35S promoter,D,descriptive_name,,,
CaMV35S,B,species_prefix_Ca,Ca,MV35S,
CaMV35S promoter,D,descriptive_name,,,
CaMYB,B,species_prefix_Ca,Ca,MYB,
CaMYB31,B,species_prefix_Ca,Ca,MYB31,
CaNAC1,B,species_prefix_Ca,Ca,NAC1,
CaNAC102,B,species_prefix_Ca,Ca,NAC102,
CaNAC13,B,species_prefix_Ca,Ca,NAC13,
CaNAC2,B,species_prefix_Ca,Ca,NAC2,
CaNAC20,B,species_prefix_Ca,Ca,NAC20,
CaNAC23,B,species_prefix_Ca,Ca,NAC23,
CaNAC27,B,species_prefix_Ca,Ca,NAC27,
CaNAC29,B,species_prefix_Ca,Ca,NAC29,
CaNAC2c,B,species_prefix_Ca,Ca,NAC2c,
CaNAC33,B,species_prefix_Ca,Ca,NAC33,
CaNAC35,B,species_prefix_Ca,Ca,NAC35,
CaNAC36,B,species_prefix_Ca,Ca,NAC36,
CaNAC37,B,species_prefix_Ca,Ca,NAC37,
CaNAC55,B,species_prefix_Ca,Ca,NAC55,
CaNAC60,B,species_prefix_Ca,Ca,NAC60,
CaNAC61,B,species_prefix_Ca,Ca,NAC61,
CaNAC72,B,species_prefix_Ca,Ca,NAC72,
CaNAC79,B,species_prefix_Ca,Ca,NAC79,
CaNAC86,B,species_prefix_Ca,Ca,NAC86,
CaNAC92,B,species_prefix_Ca,Ca,NAC92,
CAND2,C,bare_gene_symbol,,,
candidate gene,D,descriptive_name,,,
candidate LD proteins,D,descriptive_name,,,
CaNFYB01,B,species_prefix_Ca,Ca,NFYB01,
CaNFYB18,B,species_prefix_Ca,Ca,NFYB18,
CaNFYB19,B,species_prefix_Ca,Ca,NFYB19,
CaNPR1,B,species_prefix_Ca,Ca,NPR1,
CAO,C,bare_gene_symbol,,,
CAO1,C,bare_gene_symbol,,,
Cap Family Effector Domain,D,descriptive_name,,,
CAP1,C,bare_gene_symbol,,,
CAP_ED,D,descriptive_name,,,
Capana00g001461,D,descriptive_name,,,
Capana03g003700,D,descriptive_name,,,
Capana08g001327,D,descriptive_name,,,
CAPD,C,bare_gene_symbol,,,
CaPO1,B,species_prefix_Ca,Ca,PO1,
CaPOD,B,species_prefix_Ca,Ca,POD,
CaPR1,B,species_prefix_Ca,Ca,PR1,
CaPR10,B,species_prefix_Ca,Ca,PR10,
CAPRICE,C,bare_gene_symbol,,,
capsaicin synthase,D,descriptive_name,,,
capsaicinoid structural genes,D,descriptive_name,,,
capsaicinoid-biosynthetic genes,D,descriptive_name,,,
Capsanthin/capsorubin synthase,D,descriptive_name,,,
cAPX,D,descriptive_name,,,
cAPX2,D,descriptive_name,,,
CAR,C,bare_gene_symbol,,,
CarB,D,descriptive_name,,,
carbamoyl phosphate synthase II,D,descriptive_name,,,
carbamoyl-phosphate synthase II,D,descriptive_name,,,
carbohydrate binding proteins,D,descriptive_name,,,
carbohydrate metabolic enzyme,D,descriptive_name,,,
carbohydrate metabolic genes,D,descriptive_name,,,
carbohydrate metabolism enzymes,D,descriptive_name,,,
carbohydrate metabolism genes,D,descriptive_name,,,
carbohydrate oxidase,D,descriptive_name,,,
carbohydrate synthesis enzyme,D,descriptive_name,,,
carbohydrate synthesis enzymes,D,descriptive_name,,,
carbohydrate transmembrane transport,D,descriptive_name,,,
carbohydrate transport genes,D,descriptive_name,,,
carbohydrate-active enzyme,D,descriptive_name,,,
Carbohydrate-active enzymes,D,descriptive_name,,,
carbohydrate-binding domains,D,descriptive_name,,,
carbohydrate-degrading enzymes,D,descriptive_name,,,
carbohydrate-metabolizing enzymes,D,descriptive_name,,,
carbohydrate-related genes,D,descriptive_name,,,
carbon assimilation proteins,D,descriptive_name,,,
carbon assimilation-related enzymes,D,descriptive_name,,,
carbon fixation enzymes,D,descriptive_name,,,
carbon fixation-related genes,D,descriptive_name,,,
carbon metabolism enzymes,D,descriptive_name,,,
carbon-catabolizing enzymes,D,descriptive_name,,,
carbonic anhydrase,D,descriptive_name,,,
Carbonic anhydrase 1,D,descriptive_name,,,
carbonic anhydrase enzymes,D,descriptive_name,,,
carbonic anhydrases,D,descriptive_name,,,
carbonylated proteins,D,descriptive_name,,,
carboxy-lyase,D,descriptive_name,,,
carboxykinase,D,descriptive_name,,,
carboxylase,D,descriptive_name,,,
carboxylase enzymes,D,descriptive_name,,,
carboxylase/oxygenase,D,descriptive_name,,,
carboxylase/oxygenase large subunit,D,descriptive_name,,,
carboxylation enzymes,D,descriptive_name,,,
carboxylesterase,D,descriptive_name,,,
carboxylesterases,D,descriptive_name,,,
carboxymethyl cellulase,D,descriptive_name,,,
carboxypeptidase,D,descriptive_name,,,
carboxypeptidases,D,descriptive_name,,,
cargo receptor NBR1,D,descriptive_name,,,
Carotene beta-Hydroxylase,D,descriptive_name,,,
carotene desaturase,D,descriptive_name,,,
carotene-related genes,D,descriptive_name,,,
caroteno-chlorophyll a–c,D,descriptive_name,,,
caroteno-chlorophyll a–c binding protein,D,descriptive_name,,,
caroteno-chlorophyll a–c complexes,D,descriptive_name,,,
carotenogenesis-related genes,D,descriptive_name,,,
"carotenoid 9, 10-cleavage dioxygenase-like",D,descriptive_name,,,
"carotenoid 9,10(9',10')-cleavage dioxygenase 1",D,descriptive_name,,,
carotenoid biosynthesis genes,D,descriptive_name,,,
carotenoid cleavage dioxygenase,D,descriptive_name,,,
carotenoid cleavage dioxygenase 4,D,descriptive_name,,,
carotenoid cleavage dioxygenases,D,descriptive_name,,,
carotenoid epsilon-ring hydroxylase,D,descriptive_name,,,
carotenoid genes,D,descriptive_name,,,
carotenoid isomerase,D,descriptive_name,,,
carotenoid-related genes,D,descriptive_name,,,
carotenoid/chlorophyll-binding proteins,D,descriptive_name,,,
carriers,D,descriptive_name,,,
CaRUVBL2,B,species_prefix_Ca,Ca,RUVBL2,
caryophyllene synthase genes,D,descriptive_name,,,
caryophyllene synthases,D,descriptive_name,,,
CaRZFP1,B,species_prefix_Ca,Ca,RZFP1,
CAS,C,bare_gene_symbol,,,
CAS protein,D,descriptive_name,,,
CAS1,C,bare_gene_symbol,,,
CaSAR8.2,D,descriptive_name,,,
CaSAR82A,B,species_prefix_Ca,Ca,SAR82A,
casein kinase,D,descriptive_name,,,
Casein kinase 1,D,descriptive_name,,,
casein kinase 1-like,D,descriptive_name,,,
Casein kinase 2,D,descriptive_name,,,
Casein kinase I,D,descriptive_name,,,
casein kinase II,D,descriptive_name,,,
casein kinase II subunit alpha,D,descriptive_name,,,
Casein Kinase II-like,D,descriptive_name,,,
CasHSP12,B,species_prefix_Cas,Cas,HSP12,
CasHSP16,B,species_prefix_Cas,Cas,HSP16,
CaSOD,B,species_prefix_Ca,Ca,SOD,
CaSOD1,B,species_prefix_Ca,Ca,SOD1,
CASP-like,D,descriptive_name,,,
CASP-like proteins,D,descriptive_name,,,
caspase,D,descriptive_name,,,
Caspase 3,D,descriptive_name,,,
caspase-3,D,descriptive_name,,,
caspase-like proteases,D,descriptive_name,,,
caspases,D,descriptive_name,,,
cassava4.1_015506m.g,D,descriptive_name,,,
CaSWC4,B,species_prefix_Ca,Ca,SWC4,
CAT,C,bare_gene_symbol,,,
CAT enzymes,D,descriptive_name,,,
CAT family,D,descriptive_name,,,
CAT family genes,D,descriptive_name,,,
CAT gene,D,descriptive_name,,,
CAT genes,D,descriptive_name,,,
CAT proteins,D,descriptive_name,,,
CAT subfamily,D,descriptive_name,,,
CAT transporters,D,descriptive_name,,,
CAT-1,D,descriptive_name,,,
CAT-2,D,descriptive_name,,,
CAT-6D,D,descriptive_name,,,
CAT-7A,D,descriptive_name,,,
CAT1,C,bare_gene_symbol,,,
CAT2,C,bare_gene_symbol,,,
CAT3,C,bare_gene_symbol,,,
CAT3 fusion variants,D,descriptive_name,,,
CAT3 fusions,D,descriptive_name,,,
CAT4,C,bare_gene_symbol,,,
CAT5,C,bare_gene_symbol,,,
CATA,C,bare_gene_symbol,,,
catabolic enzymes,D,descriptive_name,,,
catabolic genes,D,descriptive_name,,,
catabolism genes,D,descriptive_name,,,
CaTAF14b,B,species_prefix_Ca,Ca,TAF14b,
catalase,D,descriptive_name,,,
catalase 2,D,descriptive_name,,,
catalase enzyme,D,descriptive_name,,,
catalase genes,D,descriptive_name,,,
catalase isoenzyme B,D,descriptive_name,,,
catalase isozyme 2,D,descriptive_name,,,
catalase isozyme B,D,descriptive_name,,,
catalase isozymes,D,descriptive_name,,,
catalase-1,D,descriptive_name,,,
CATALASE2,C,bare_gene_symbol,,,
catalases,D,descriptive_name,,,
catalyse,D,descriptive_name,,,
catalytic enzymes,D,descriptive_name,,,
CATB,C,bare_gene_symbol,,,
CatC,D,descriptive_name,,,
CathB2,C,bare_gene_symbol,,,
cation antiporters,D,descriptive_name,,,
cation/H+ exchanger,D,descriptive_name,,,
Cationic amino acid transporters,D,descriptive_name,,,
cationic peroxidase SPC4,D,descriptive_name,,,
CATs,D,descriptive_name,,,
cauliflower mosaic virus 35S,D,descriptive_name,,,
CAV4,C,bare_gene_symbol,,,
CaWAKL20,B,species_prefix_Ca,Ca,WAKL20,
CaWNK gene family,D,descriptive_name,,,
CaWNK genes,D,descriptive_name,,,
CaWNK1,B,species_prefix_Ca,Ca,WNK1,
CaWNK10,B,species_prefix_Ca,Ca,WNK10,
CaWNK11,B,species_prefix_Ca,Ca,WNK11,
CaWNK3,B,species_prefix_Ca,Ca,WNK3,
CaWNK4,B,species_prefix_Ca,Ca,WNK4,
CaWNK5,B,species_prefix_Ca,Ca,WNK5,
CaWNK6,B,species_prefix_Ca,Ca,WNK6,
CaWNK7,B,species_prefix_Ca,Ca,WNK7,
CaWNK9,B,species_prefix_Ca,Ca,WNK9,
CaWRKY1,B,species_prefix_Ca,Ca,WRKY1,
CaWRKY10,B,species_prefix_Ca,Ca,WRKY10,
CaWRKY11,B,species_prefix_Ca,Ca,WRKY11,
CaWRKY12,B,species_prefix_Ca,Ca,WRKY12,
CaWRKY14,B,species_prefix_Ca,Ca,WRKY14,
CaWRKY16,B,species_prefix_Ca,Ca,WRKY16,
CaWRKY18,B,species_prefix_Ca,Ca,WRKY18,
CaWRKY22,B,species_prefix_Ca,Ca,WRKY22,
CaWRKY24,B,species_prefix_Ca,Ca,WRKY24,
CaWRKY27,B,species_prefix_Ca,Ca,WRKY27,
CaWRKY3,B,species_prefix_Ca,Ca,WRKY3,
CaWRKY30,B,species_prefix_Ca,Ca,WRKY30,
CaWRKY32,B,species_prefix_Ca,Ca,WRKY32,
CaWRKY34,B,species_prefix_Ca,Ca,WRKY34,
CaWRKY38,B,species_prefix_Ca,Ca,WRKY38,
CaWRKY40,B,species_prefix_Ca,Ca,WRKY40,
CaWRKY40 orthologues,D,descriptive_name,,,
CaWRKY40b,B,species_prefix_Ca,Ca,WRKY40b,
CaWRKY7,B,species_prefix_Ca,Ca,WRKY7,
CaWRKY8,B,species_prefix_Ca,Ca,WRKY8,
CAX genes,D,descriptive_name,,,
CAX transporters,D,descriptive_name,,,
CAX1,C,bare_gene_symbol,,,
cax1 mutants,D,descriptive_name,,,
cax1 mutations,D,descriptive_name,,,
cax3,D,descriptive_name,,,
CAXs,D,descriptive_name,,,
CAZyme,D,descriptive_name,,,
CAZymes,D,descriptive_name,,,
CB5-E,D,descriptive_name,,,
CBC1,C,bare_gene_symbol,,,
CBF,C,bare_gene_symbol,,,
CBF pathway,D,descriptive_name,,,
CBF repressor,D,descriptive_name,,,
CBF transcription factors,D,descriptive_name,,,
CBF1,C,bare_gene_symbol,,,
CBF2,C,bare_gene_symbol,,,
CBF3,C,bare_gene_symbol,,,
CBF4,C,bare_gene_symbol,,,
CBFs,D,descriptive_name,,,
CBGs,D,descriptive_name,,,
CBL,C,bare_gene_symbol,,,
CBL gene,D,descriptive_name,,,
CBL genes,D,descriptive_name,,,
CBL protein,D,descriptive_name,,,
CBL proteins,D,descriptive_name,,,
CBL-CIPK complexes,D,descriptive_name,,,
CBL-interacting protein kinases,D,descriptive_name,,,
CBL1,C,bare_gene_symbol,,,
CBL10,C,bare_gene_symbol,,,
CBL2,C,bare_gene_symbol,,,
CBL3,C,bare_gene_symbol,,,
CBL4,C,bare_gene_symbol,,,
CBL9,C,bare_gene_symbol,,,
CBLs,D,descriptive_name,,,
CBM18,C,bare_gene_symbol,,,
CBMs,D,descriptive_name,,,
CBP,C,bare_gene_symbol,,,
CBP family,D,descriptive_name,,,
CBP family members,D,descriptive_name,,,
CBP60G,C,bare_gene_symbol,,,
CBPs,D,descriptive_name,,,
CBR,C,bare_gene_symbol,,,
CBR1,C,bare_gene_symbol,,,
CBS DOMAIN CONTAINING PROTEIN 3,D,descriptive_name,,,
CBS domain-containing protein CBSX6-like,D,descriptive_name,,,
CBS domain-containing proteins,D,descriptive_name,,,
CBS proteins,D,descriptive_name,,,
CBSX3,C,bare_gene_symbol,,,
CBSX5,C,bare_gene_symbol,,,
CC-NBS-LRR protein,D,descriptive_name,,,
Cc01_g14360,D,descriptive_name,,,
Cc02_g00580,D,descriptive_name,,,
Cc02_g12400,D,descriptive_name,,,
Cc04_g03930,D,descriptive_name,,,
Cc04_g10210,D,descriptive_name,,,
Cc04_g11660,D,descriptive_name,,,
Cc04_g14500,D,descriptive_name,,,
Cc07_g06010,D,descriptive_name,,,
Cc10_g02660,D,descriptive_name,,,
Cc10_g04070,D,descriptive_name,,,
Cc11_g16360,D,descriptive_name,,,
CCA1,C,bare_gene_symbol,,,
CCAAT-binding factors,D,descriptive_name,,,
CcALKBH10B,B,species_prefix_Cc,Cc,ALKBH10B,
CcALKBH2,B,species_prefix_Cc,Cc,ALKBH2,
CcALKBH8,B,species_prefix_Cc,Cc,ALKBH8,
CcALKBH8A,B,species_prefix_Cc,Cc,ALKBH8A,
CcALKBH8B,B,species_prefix_Cc,Cc,ALKBH8B,
CCaOMT,D,descriptive_name,,,
ccb2,D,descriptive_name,,,
ccb3,D,descriptive_name,,,
CCCH domain-containing proteins,D,descriptive_name,,,
CCCH-type zinc finger protein,D,descriptive_name,,,
CCD,C,bare_gene_symbol,,,
CCD enzymes,D,descriptive_name,,,
CCD family genes,D,descriptive_name,,,
CCD genes,D,descriptive_name,,,
CCD-like proteins,D,descriptive_name,,,
CCD1,C,bare_gene_symbol,,,
CCD1 enzyme,D,descriptive_name,,,
CCD1 enzymes,D,descriptive_name,,,
CCD1 genes,D,descriptive_name,,,
CCD2,C,bare_gene_symbol,,,
CCD4,C,bare_gene_symbol,,,
CCD4b1,C,bare_gene_symbol,,,
CCD4c,D,descriptive_name,,,
CCD7,C,bare_gene_symbol,,,
CCD7 enzyme,D,descriptive_name,,,
CCD8,C,bare_gene_symbol,,,
CCD8 enzyme,D,descriptive_name,,,
ccd8 mutant,D,descriptive_name,,,
CCDC,C,bare_gene_symbol,,,
CCDs,D,descriptive_name,,,
CCEs,D,descriptive_name,,,
CcGASA4,B,species_prefix_Cc,Cc,GASA4,
CCGs,D,descriptive_name,,,
CCH,C,bare_gene_symbol,,,
CCL1,C,bare_gene_symbol,,,
CcmABCDEFGH,B,species_prefix_Ccm,Ccm,ABCDEFGH,
CcmFc-CCMH complex,D,descriptive_name,,,
CcMTA,B,species_prefix_Cc,Cc,MTA,
CCO,C,bare_gene_symbol,,,
CCO-MT,D,descriptive_name,,,
CCoAAGT,D,descriptive_name,,,
CCOAMT,C,bare_gene_symbol,,,
CCoAOMT,D,descriptive_name,,,
CCoAOMT 5,D,descriptive_name,,,
CCoAOMT 6,D,descriptive_name,,,
CCOMT,C,bare_gene_symbol,,,
CCP,C,bare_gene_symbol,,,
CcPIP1;2,D,descriptive_name,,,
CCR,C,bare_gene_symbol,,,
CCR enzymes,D,descriptive_name,,,
CCR genes,D,descriptive_name,,,
CCR-like gene,D,descriptive_name,,,
CCR-like genes,D,descriptive_name,,,
CCR-like protein,D,descriptive_name,,,
CCR1,C,bare_gene_symbol,,,
CCR2,C,bare_gene_symbol,,,
CCR3,C,bare_gene_symbol,,,
CCR4-NOT transcription complex subunits,D,descriptive_name,,,
CcREM genes,D,descriptive_name,,,
CCRs,D,descriptive_name,,,
CCS,C,bare_gene_symbol,,,
CCT,C,bare_gene_symbol,,,
CCT domain proteins,D,descriptive_name,,,
CCT gene family,D,descriptive_name,,,
cCu/Zn-SOD1,D,descriptive_name,,,
Cd transporter-related genes,D,descriptive_name,,,
Cd-responsive miRNAs,D,descriptive_name,,,
CD25,C,bare_gene_symbol,,,
CD40 protein,D,descriptive_name,,,
CdCTR1,B,species_prefix_Cd,Cd,CTR1,
CdEIN3-1,B,species_prefix_Cd,Cd,EIN3-1,
CdEIN3-2,B,species_prefix_Cd,Cd,EIN3-2,
CDF,C,bare_gene_symbol,,,
CdHsfA9,B,species_prefix_Cd,Cd,HsfA9,
CdISCS,B,species_prefix_Cd,Cd,ISCS,
CDKA,C,bare_gene_symbol,,,
CDKB,C,bare_gene_symbol,,,
CDKs,D,descriptive_name,,,
cDNAs,D,descriptive_name,,,
CDP-choline:diacylglycerol cholinephosphotransferase,D,descriptive_name,,,
CDP-diacylglycerol synthase,D,descriptive_name,,,
CDP-diacylglycerol synthase 5,D,descriptive_name,,,
CDP-diacylglycerol-serine O-phosphatidyltransferase,D,descriptive_name,,,
CDP-diacylglycerol–glycerol-3-phosphate 3-phosphatidyltransferase 1,D,descriptive_name,,,
CDP-ethanolamine:diacylglycerol cholinephosphotranserase,D,descriptive_name,,,
CDP-ethanolamine:diacylglycerol ethanolaminephosphotransferase,D,descriptive_name,,,
CDP3,C,bare_gene_symbol,,,
CDPK,C,bare_gene_symbol,,,
CDPK1,C,bare_gene_symbol,,,
CDPK2,C,bare_gene_symbol,,,
CDPK26,C,bare_gene_symbol,,,
CDPK3,C,bare_gene_symbol,,,
CDPK7,C,bare_gene_symbol,,,
CDPK9,C,bare_gene_symbol,,,
CDPKs,D,descriptive_name,,,
CDS,C,bare_gene_symbol,,,
CDS1,C,bare_gene_symbol,,,
CDS5,C,bare_gene_symbol,,,
CdtNF-YC gene,D,descriptive_name,,,
CdtNF-YC genes,D,descriptive_name,,,
CdtNF-YC1,B,species_prefix_Cdt,Cdt,NF-YC1,
CE3,C,bare_gene_symbol,,,
CEDF1,C,bare_gene_symbol,,,
CEDG044,C,bare_gene_symbol,,,
CEDG147,C,bare_gene_symbol,,,
CEDG247,C,bare_gene_symbol,,,
ceh1 mutant,D,descriptive_name,,,
CeHSF11 gene,D,descriptive_name,,,
CeHSF13,B,species_prefix_Ce,Ce,HSF13,
CeHSF14,B,species_prefix_Ce,Ce,HSF14,
CeHSFs,B,species_prefix_Ce,Ce,HSFs,
CEK,C,bare_gene_symbol,,,
celB,D,descriptive_name,,,
cell cycle gene,D,descriptive_name,,,
cell cycle genes,D,descriptive_name,,,
cell cycle regulatory genes,D,descriptive_name,,,
cell division genes,D,descriptive_name,,,
cell expansin genes,D,descriptive_name,,,
cell expansins,D,descriptive_name,,,
cell growth genes,D,descriptive_name,,,
cell proteins,D,descriptive_name,,,
cell surface receptors,D,descriptive_name,,,
cell wall,D,descriptive_name,,,
Cell wall degrading enzymes,D,descriptive_name,,,
cell wall genes,D,descriptive_name,,,
cell wall invertase,D,descriptive_name,,,
cell wall invertase gene,D,descriptive_name,,,
cell wall invertase INV4,D,descriptive_name,,,
cell wall invertases,D,descriptive_name,,,
cell wall modification genes,D,descriptive_name,,,
cell wall organization genes,D,descriptive_name,,,
cell wall peroxidases,D,descriptive_name,,,
cell wall remodeling enzymes,D,descriptive_name,,,
cell wall-bound PAO,D,descriptive_name,,,
cell wall-bound polyamine oxidase,D,descriptive_name,,,
cell wall-degrading enzymes,D,descriptive_name,,,
cell wall-modifying enzymes,D,descriptive_name,,,
cell wall-modifying proteins,D,descriptive_name,,,
cell wall-related genes,D,descriptive_name,,,
cell-wall associated hydrolases,D,descriptive_name,,,
cell-wall invertase,D,descriptive_name,,,
cell-wall invertases,D,descriptive_name,,,
cell-wall-bound acid invertase,D,descriptive_name,,,
cell-wall-bound invertase,D,descriptive_name,,,
Cell-wall-degrading enzymes,D,descriptive_name,,,
cell-wall-degrading hydrolytic enzymes,D,descriptive_name,,,
cellobiohydrolases,D,descriptive_name,,,
cellular antioxidant systems,D,descriptive_name,,,
cellular dehydrogenases,D,descriptive_name,,,
cellular proteins,D,descriptive_name,,,
cellular stress genes,D,descriptive_name,,,
cellular stress sensors,D,descriptive_name,,,
cellular transporters,D,descriptive_name,,,
cellulase,D,descriptive_name,,,
Cellulases,D,descriptive_name,,,
cellulolytic enzymes,D,descriptive_name,,,
cellulose enzyme,D,descriptive_name,,,
Cellulose synthase,D,descriptive_name,,,
cellulose synthase A,D,descriptive_name,,,
cellulose synthase complex,D,descriptive_name,,,
cellulose synthase complexes,D,descriptive_name,,,
cellulose synthase enzymes,D,descriptive_name,,,
cellulose synthase genes,D,descriptive_name,,,
cellulose synthase interactive 1,D,descriptive_name,,,
cellulose synthase-like A protein,D,descriptive_name,,,
cellulose synthase-like gene,D,descriptive_name,,,
cellulose synthase-like genes,D,descriptive_name,,,
cellulose synthases,D,descriptive_name,,,
cellulose synthesis genes,D,descriptive_name,,,
cellulose-metabolizing glycoside hydrolases,D,descriptive_name,,,
CEO96729,C,bare_gene_symbol,,,
CER,C,bare_gene_symbol,,,
CER protein complex,D,descriptive_name,,,
CER1,C,bare_gene_symbol,,,
CER10,C,bare_gene_symbol,,,
CER1L,C,bare_gene_symbol,,,
CER3,C,bare_gene_symbol,,,
CER4,C,bare_gene_symbol,,,
CER6,C,bare_gene_symbol,,,
CER6 promoter,D,descriptive_name,,,
CER60,C,bare_gene_symbol,,,
CER6p,D,descriptive_name,,,
ceramide kinase,D,descriptive_name,,,
ceramide synthase,D,descriptive_name,,,
cereal AGPases,D,descriptive_name,,,
cerk,D,descriptive_name,,,
CERK1,C,bare_gene_symbol,,,
CERK1n-ERc fusion genes,D,descriptive_name,,,
CESA,C,bare_gene_symbol,,,
CESA genes,D,descriptive_name,,,
CesA1,B,species_prefix_Ces,Ces,A1,
CesA3,B,species_prefix_Ces,Ces,A3,
CESA4,C,bare_gene_symbol,,,
CesA6,B,species_prefix_Ces,Ces,A6,
CesA7,B,species_prefix_Ces,Ces,A7,
CesA8,B,species_prefix_Ces,Ces,A8,
CesAs,D,descriptive_name,,,
cevi16,D,descriptive_name,,,
CF000577,C,bare_gene_symbol,,,
CF1 beta,D,descriptive_name,,,
cfa gene,D,descriptive_name,,,
cFBPase,D,descriptive_name,,,
CFIL,C,bare_gene_symbol,,,
CFP,C,bare_gene_symbol,,,
CFTR,C,bare_gene_symbol,,,
CGE1,C,bare_gene_symbol,,,
CGf,D,descriptive_name,,,
CGGTA-motif,D,descriptive_name,,,
CgHSP70,B,species_prefix_Cg,Cg,HSP70,
CGI58-type,D,descriptive_name,,,
CGLD27,C,bare_gene_symbol,,,
cGMP-dependent protein kinase,D,descriptive_name,,,
cGMP-dependent protein kinases,D,descriptive_name,,,
cGR,D,descriptive_name,,,
CGS1,C,bare_gene_symbol,,,
CGTAC,C,bare_gene_symbol,,,
CGTCA,C,bare_gene_symbol,,,
CGTCA cis-element,D,descriptive_name,,,
CGTCA motif,D,descriptive_name,,,
CGTCA motifs,D,descriptive_name,,,
CGTCA promoter elements,D,descriptive_name,,,
CGTCA-motif,D,descriptive_name,,,
CGTCA-motifs,D,descriptive_name,,,
CGTCA/TGACG-motif,D,descriptive_name,,,
CGTs,D,descriptive_name,,,
chain A,D,descriptive_name,,,
chain B,D,descriptive_name,,,
chalcone and stilbene synthase family,D,descriptive_name,,,
chalcone and stilbene synthase family protein,D,descriptive_name,,,
chalcone flavanone isomerase,D,descriptive_name,,,
chalcone isomerase,D,descriptive_name,,,
chalcone isomerase 3,D,descriptive_name,,,
chalcone isomerase-like protein,D,descriptive_name,,,
chalcone synthase,D,descriptive_name,,,
chalcone synthase B,D,descriptive_name,,,
Chalcone synthase family proteins,D,descriptive_name,,,
chalcone synthases,D,descriptive_name,,,
CHALCONE SYNTHETASE,D,descriptive_name,,,
chalcone-flavanone isomerase,D,descriptive_name,,,
chalcone-flavanone isomerase-like protein,D,descriptive_name,,,
chalcone-flavonone isomerase,D,descriptive_name,,,
chalcone-flavonone isomerase 3,D,descriptive_name,,,
chalcone/stilbene synthase,D,descriptive_name,,,
chalcone/stilbene synthase proteins,D,descriptive_name,,,
CHALK5,C,bare_gene_symbol,,,
channel protein,D,descriptive_name,,,
channel proteins,D,descriptive_name,,,
channels,D,descriptive_name,,,
Chape 60,D,descriptive_name,,,
Chape20,C,bare_gene_symbol,,,
Chape60,C,bare_gene_symbol,,,
chaperone,D,descriptive_name,,,
chaperone genes,D,descriptive_name,,,
chaperone inhibitors,D,descriptive_name,,,
chaperone protein,D,descriptive_name,,,
chaperone protein J2,D,descriptive_name,,,
chaperone proteins,D,descriptive_name,,,
chaperones,D,descriptive_name,,,
Chaperonin 60,D,descriptive_name,,,
chaperonin proteins,D,descriptive_name,,,
Chaperonins,D,descriptive_name,,,
Chaperonins 20,D,descriptive_name,,,
Chaperonins 60,D,descriptive_name,,,
CHC2,C,bare_gene_symbol,,,
chelator defense system,D,descriptive_name,,,
chelators,D,descriptive_name,,,
chemotaxis receptors,D,descriptive_name,,,
CHI,C,bare_gene_symbol,,,
CHI gene,D,descriptive_name,,,
CHI genes,D,descriptive_name,,,
CHI3,C,bare_gene_symbol,,,
CHIB,C,bare_gene_symbol,,,
chiC,D,descriptive_name,,,
chiD,D,descriptive_name,,,
CHIL2,C,bare_gene_symbol,,,
chilling and ROS responsive gene,D,descriptive_name,,,
chilling and ROS responsive genes,D,descriptive_name,,,
chimeric construct,D,descriptive_name,,,
chitin deacetylases,D,descriptive_name,,,
chitin elicitor receptor kinase 1,D,descriptive_name,,,
chitin-binding modules,D,descriptive_name,,,
chitin-binding protein (CBP) family,D,descriptive_name,,,
Chitin-inducible gibberellin-responsive protein,D,descriptive_name,,,
chitin-related genes,D,descriptive_name,,,
Chitinase,D,descriptive_name,,,
Chitinase 1b,D,descriptive_name,,,
Chitinase 2-like,D,descriptive_name,,,
chitinase 2-like protein,D,descriptive_name,,,
chitinase 2-like proteins,D,descriptive_name,,,
chitinase 3,D,descriptive_name,,,
chitinase B,D,descriptive_name,,,
chitinase enzymes,D,descriptive_name,,,
chitinase isoforms,D,descriptive_name,,,
chitinase V homolog,D,descriptive_name,,,
chitinase-like proteins,D,descriptive_name,,,
chitinases,D,descriptive_name,,,
chitotriosidase-1,D,descriptive_name,,,
CHK,C,bare_gene_symbol,,,
Chl b reductase,D,descriptive_name,,,
CHL G,D,descriptive_name,,,
CHLase,D,descriptive_name,,,
chlB,D,descriptive_name,,,
CHLD,C,bare_gene_symbol,,,
chlE,D,descriptive_name,,,
CHLG,C,bare_gene_symbol,,,
CHLG gene,D,descriptive_name,,,
CHLH,C,bare_gene_symbol,,,
chlH subunit,D,descriptive_name,,,
CHLI,C,bare_gene_symbol,,,
ChlI-2,D,descriptive_name,,,
CHLI1,C,bare_gene_symbol,,,
CHLI2,C,bare_gene_symbol,,,
CHLM,C,bare_gene_symbol,,,
chloride channel B,D,descriptive_name,,,
Chlorophyll a Oxygenase,D,descriptive_name,,,
Chlorophyll A-B,D,descriptive_name,,,
chlorophyll a-b binding,D,descriptive_name,,,
chlorophyll a-b binding protein,D,descriptive_name,,,
chlorophyll a-b binding protein 2,D,descriptive_name,,,
chlorophyll a-b binding protein 4,D,descriptive_name,,,
chlorophyll a-b binding protein 40,D,descriptive_name,,,
chlorophyll a-b binding protein gene,D,descriptive_name,,,
chlorophyll a-b binding protein genes,D,descriptive_name,,,
chlorophyll a-b binding protein of LHCII type 1-like,D,descriptive_name,,,
chlorophyll a-b binding protein P4,D,descriptive_name,,,
chlorophyll a-b binding proteins,D,descriptive_name,,,
chlorophyll a-binding proteins,D,descriptive_name,,,
chlorophyll a-chlorophyll c2-peridinin-protein,D,descriptive_name,,,
chlorophyll A/B binding,D,descriptive_name,,,
Chlorophyll A/B binding protein,D,descriptive_name,,,
Chlorophyll A/B binding protein 1,D,descriptive_name,,,
Chlorophyll a/b binding protein CP29.2,D,descriptive_name,,,
chlorophyll a/b binding protein homologues,D,descriptive_name,,,
chlorophyll a/b binding proteins,D,descriptive_name,,,
chlorophyll a/b-binding protein,D,descriptive_name,,,
chlorophyll a/b-binding proteins,D,descriptive_name,,,
chlorophyll A–B binding proteins,D,descriptive_name,,,
chlorophyll a–chlorophyll c2–peridinin protein complex,D,descriptive_name,,,
chlorophyll b reductase,D,descriptive_name,,,
chlorophyll biosynthesis enzymes,D,descriptive_name,,,
chlorophyll biosynthesis genes,D,descriptive_name,,,
chlorophyll biosynthesis proteins,D,descriptive_name,,,
chlorophyll biosynthetic enzymes,D,descriptive_name,,,
chlorophyll biosynthetic genes,D,descriptive_name,,,
Chlorophyll biosynthetic process genes,D,descriptive_name,,,
chlorophyll catabolic enzyme,D,descriptive_name,,,
chlorophyll catabolic enzymes,D,descriptive_name,,,
chlorophyll catabolic genes,D,descriptive_name,,,
chlorophyll catabolism genes,D,descriptive_name,,,
chlorophyll dephytylase 1,D,descriptive_name,,,
chlorophyll enzymes,D,descriptive_name,,,
chlorophyll f synthase,D,descriptive_name,,,
chlorophyll synthase,D,descriptive_name,,,
chlorophyll synthase gene,D,descriptive_name,,,
chlorophyll synthesis enzymes,D,descriptive_name,,,
chlorophyll-binding a/b proteins,D,descriptive_name,,,
chlorophyll-binding D2 protein,D,descriptive_name,,,
chlorophyll-binding proteins,D,descriptive_name,,,
chlorophyll-degrading enzymes,D,descriptive_name,,,
chlorophyll-degrading peroxidase,D,descriptive_name,,,
chlorophyll-protein complex,D,descriptive_name,,,
chlorophyll-proteins,D,descriptive_name,,,
Chlorophyll-related genes,D,descriptive_name,,,
chlorophyll-related proteins,D,descriptive_name,,,
chlorophyll-related unigenes,D,descriptive_name,,,
chlorophyll/bacteriochlorophyll a synthase,D,descriptive_name,,,
chlorophyllase,D,descriptive_name,,,
chlorophyllase 1,D,descriptive_name,,,
chlorophyllase enzyme,D,descriptive_name,,,
chlorophyllases,D,descriptive_name,,,
chlorophyllate acetate oxidase,D,descriptive_name,,,
chlorophyllide a oxygenase,D,descriptive_name,,,
chlorophyllide a oxygenase 1,D,descriptive_name,,,
chlorophyllide-a oxygenase,D,descriptive_name,,,
chloroplast ATP synthase,D,descriptive_name,,,
chloroplast ATP-dependent zinc metalloprotease,D,descriptive_name,,,
chloroplast copper/zinc superoxide dismutase,D,descriptive_name,,,
chloroplast copper/zinc superoxide dismutase (spot 55),D,descriptive_name,,,
chloroplast development genes,D,descriptive_name,,,
chloroplast enzymes,D,descriptive_name,,,
chloroplast HSP26,D,descriptive_name,,,
chloroplast lipoxygenase gene,D,descriptive_name,,,
chloroplast n-6 desaturase,D,descriptive_name,,,
chloroplast NAD kinase,D,descriptive_name,,,
chloroplast NAD(P)H dehydrogenase complex,D,descriptive_name,,,
chloroplast NADP reductase gene,D,descriptive_name,,,
chloroplast phosphoglycerate kinase,D,descriptive_name,,,
chloroplast proteins,D,descriptive_name,,,
chloroplast proteome,D,descriptive_name,,,
chloroplast small heat shock proteins,D,descriptive_name,,,
Chloroplast stromal ascorbate peroxidase,D,descriptive_name,,,
chloroplast superoxide dismutase,D,descriptive_name,,,
chloroplast transporter,D,descriptive_name,,,
chloroplast-encoded genes,D,descriptive_name,,,
chloroplast-localized PaFAD7,D,descriptive_name,,,
chloroplast-localized proteins,D,descriptive_name,,,
chloroplast-located chaperones,D,descriptive_name,,,
chloroplast-related genes,D,descriptive_name,,,
chloroplast-specific lycopene beta-cyclase,D,descriptive_name,,,
chloroplast-targeted pre-proteins,D,descriptive_name,,,
chloroplastic ascorbate peroxidase,D,descriptive_name,,,
Chloroplastic ATP synthase,D,descriptive_name,,,
chloroplastic ATP synthase CF1 epsilon subunit (spot 56),D,descriptive_name,,,
chloroplastic ATP synthase subunit alpha,D,descriptive_name,,,
chloroplastic ATP synthase subunits,D,descriptive_name,,,
chloroplastic ATP synthase subunits (beta and epsilon),D,descriptive_name,,,
chloroplastic ATP synthesis-related proteins,D,descriptive_name,,,
chloroplastic beta-amylase 1,D,descriptive_name,,,
chloroplastic Cu-Zn SOD,D,descriptive_name,,,
chloroplastic elongation factors,D,descriptive_name,,,
chloroplastic elongation factors G,D,descriptive_name,,,
chloroplastic enzyme,D,descriptive_name,,,
chloroplastic FBA,D,descriptive_name,,,
chloroplastic G6PDH,D,descriptive_name,,,
chloroplastic GAPDH A,D,descriptive_name,,,
chloroplastic GAPDH B,D,descriptive_name,,,
chloroplastic glucose-6-phosphate 1-dehydrogenase,D,descriptive_name,,,
chloroplastic glucose-6-phosphate isomerase 1,D,descriptive_name,,,
chloroplastic glutathione synthetase,D,descriptive_name,,,
chloroplastic glyceraldehyde-3-phosphate dehydrogenase,D,descriptive_name,,,
chloroplastic HSP70,D,descriptive_name,,,
chloroplastic lipoxygenase gene,D,descriptive_name,,,
chloroplastic LpLOX gene,D,descriptive_name,,,
Chloroplastic phosphoglycerate kinase,D,descriptive_name,,,
chloroplastic plastid-lipid-associated protein 6,D,descriptive_name,,,
chloroplastic reductase,D,descriptive_name,,,
chloroplastic small heat shock protein gene,D,descriptive_name,,,
chloroplastic small heat shock proteins,D,descriptive_name,,,
chloroplastic thioredoxins,D,descriptive_name,,,
chloroplastic transketolase,D,descriptive_name,,,
chloroplastic-like PPO isoform X1,D,descriptive_name,,,
chloroplastidic FBPase,D,descriptive_name,,,
CHLP,C,bare_gene_symbol,,,
CHLP1,C,bare_gene_symbol,,,
choline dehydrogenase,D,descriptive_name,,,
choline kinase,D,descriptive_name,,,
choline monooxygenase,D,descriptive_name,,,
choline monooxygenase gene,D,descriptive_name,,,
choline oxidase,D,descriptive_name,,,
choline sulfatase,D,descriptive_name,,,
choline-phosphate cytidylyltransferase,D,descriptive_name,,,
choline/ethanolamine kinase,D,descriptive_name,,,
chorismate mutase,D,descriptive_name,,,
chorismate mutase 2 gene,D,descriptive_name,,,
chorismatelyase,D,descriptive_name,,,
ChoXWV ABC-type transporters,D,descriptive_name,,,
Chr07HA2349,C,bare_gene_symbol,,,
Chr1LG6_277526227,D,descriptive_name,,,
Chr4LG4_209093982,D,descriptive_name,,,
Chr5LG3_566189271,D,descriptive_name,,,
ChrA transporter,D,descriptive_name,,,
CHS,C,bare_gene_symbol,,,
CHS genes,D,descriptive_name,,,
CHS1,C,bare_gene_symbol,,,
CHS2,C,bare_gene_symbol,,,
CHS3,C,bare_gene_symbol,,,
CHS_H1,D,descriptive_name,,,
CHSB,C,bare_gene_symbol,,,
cHsp70-2,D,descriptive_name,,,
CHSs,D,descriptive_name,,,
CHY,C,bare_gene_symbol,,,
CHY-beta,D,descriptive_name,,,
chy-β,D,descriptive_name,,,
CHY1,C,bare_gene_symbol,,,
CHY2,C,bare_gene_symbol,,,
CHYb,D,descriptive_name,,,
CHYE,C,bare_gene_symbol,,,
CHYR1,C,bare_gene_symbol,,,
CI-1A,D,descriptive_name,,,
CI-1B,D,descriptive_name,,,
CibZIP43,B,species_prefix_Cib,Cib,ZIP43,
CibZIP43 transcription factor,D,descriptive_name,,,
CID7,C,bare_gene_symbol,,,
CiGAD genes,D,descriptive_name,,,
CiGAD1,B,species_prefix_Ci,Ci,GAD1,
CiGAD2,B,species_prefix_Ci,Ci,GAD2,
CIIIPRXs,D,descriptive_name,,,
cik,D,descriptive_name,,,
CIN,C,bare_gene_symbol,,,
CIN1,C,bare_gene_symbol,,,
cinnamate 3-hydroxylase,D,descriptive_name,,,
cinnamate 4-hydroxylase,D,descriptive_name,,,
Cinnamate-4-hydroxylase,D,descriptive_name,,,
cinnamate-4-hydroxylase gene,D,descriptive_name,,,
cinnamic acid 4-hydroxylase,D,descriptive_name,,,
cinnamic acid-4-hydroxylase,D,descriptive_name,,,
cinnamic-acid-4-hydroxylase,D,descriptive_name,,,
cinnamoyl CoA reductase,D,descriptive_name,,,
Cinnamoyl-CoA reductase,D,descriptive_name,,,
cinnamoyl-CoA reductase 1,D,descriptive_name,,,
cinnamoyl-CoA reductase 2,D,descriptive_name,,,
cinnamoyl-CoA reductase-like SNL6,D,descriptive_name,,,
Cinnamoyl-CoA reductases,D,descriptive_name,,,
cinnamyl alcohol dehydrogenase,D,descriptive_name,,,
cinnamyl alcohol dehydrogenase 1,D,descriptive_name,,,
cinnamyl alcohol dehydrogenase 4,D,descriptive_name,,,
cinnamyl alcohol dehydrogenase 9,D,descriptive_name,,,
cinnamyl alcohol dehydrogenase genes,D,descriptive_name,,,
cinnamyl alcohol dehydrogenases,D,descriptive_name,,,
Cinnamyl-alcohol dehydrogenase,D,descriptive_name,,,
cinnamyl-coenzyme A reductase,D,descriptive_name,,,
cinnamyol alcohol dehydrogenase,D,descriptive_name,,,
CINV1,C,bare_gene_symbol,,,
CINV2,C,bare_gene_symbol,,,
CIPK,C,bare_gene_symbol,,,
CIPK families,D,descriptive_name,,,
CIPK15,C,bare_gene_symbol,,,
CIPK17,C,bare_gene_symbol,,,
CIPK23,C,bare_gene_symbol,,,
CIPK3,C,bare_gene_symbol,,,
CIPK9,C,bare_gene_symbol,,,
CIPKs,D,descriptive_name,,,
circadian clock associated 1,D,descriptive_name,,,
circadian clock transcription factor,D,descriptive_name,,,
circadian rhythm-related genes,D,descriptive_name,,,
circRNA146,D,descriptive_name,,,
circRNAs,D,descriptive_name,,,
circular RNAs,D,descriptive_name,,,
Circularly permutated eGFP,D,descriptive_name,,,
Circularly permuted Venus,D,descriptive_name,,,
cis,D,descriptive_name,,,
cis-acting element,D,descriptive_name,,,
cis-acting elements,D,descriptive_name,,,
cis-acting factors,D,descriptive_name,,,
cis-acting hormone response elements,D,descriptive_name,,,
cis-acting lncRNAs,D,descriptive_name,,,
cis-acting long non-coding RNAs,D,descriptive_name,,,
cis-acting regulatory element,D,descriptive_name,,,
cis-acting regulatory elements,D,descriptive_name,,,
cis-elements,D,descriptive_name,,,
cis-prenyltransferase,D,descriptive_name,,,
cis-regulatory element,D,descriptive_name,,,
cis-regulatory elements,D,descriptive_name,,,
cis-regulatory factors,D,descriptive_name,,,
cis-zeatin O-glucosyltransferase,D,descriptive_name,,,
cis-zeaxanthin O-glucosyltransferase,D,descriptive_name,,,
cis-ZOG,D,descriptive_name,,,
Cis/trans zeatin O-beta-D-glucosyltransferase,D,descriptive_name,,,
CIS1,C,bare_gene_symbol,,,
CIS2,C,bare_gene_symbol,,,
CISZOG,C,bare_gene_symbol,,,
CitAco3,B,species_prefix_Cit,Cit,Aco3,
CitAl-MT,B,species_prefix_Cit,Cit,Al-MT,
CitCHX,B,species_prefix_Cit,Cit,CHX,
CitDIC,B,species_prefix_Cit,Cit,DIC,
CitGDU1,B,species_prefix_Cit,Cit,GDU1,
CitGS2,B,species_prefix_Cit,Cit,GS2,
citrate synthase,D,descriptive_name,,,
citrate synthase gene,D,descriptive_name,,,
citrate transporter,D,descriptive_name,,,
Citric synthase,D,descriptive_name,,,
CK oxidase,D,descriptive_name,,,
CK-associated DEGs,D,descriptive_name,,,
CK-responsive genes,D,descriptive_name,,,
CK1,C,bare_gene_symbol,,,
CK1.8,C,bare_gene_symbol,,,
CK2,C,bare_gene_symbol,,,
CK2α,D,descriptive_name,,,
cka3,D,descriptive_name,,,
cka4,D,descriptive_name,,,
CKI1,C,bare_gene_symbol,,,
CKL2,C,bare_gene_symbol,,,
CKX,C,bare_gene_symbol,,,
CKX enzymes,D,descriptive_name,,,
CKX gene family,D,descriptive_name,,,
CKX genes,D,descriptive_name,,,
CKX1,C,bare_gene_symbol,,,
CKX3,C,bare_gene_symbol,,,
CKX4,C,bare_gene_symbol,,,
CKX5,C,bare_gene_symbol,,,
CKX5 gene,D,descriptive_name,,,
CKX9,C,bare_gene_symbol,,,
CL,E,noise_too_short,,,
CL1109. Contig2_A,D,descriptive_name,,,
CL16685.Contig2_All,D,descriptive_name,,,
CL2380.Contig1_All,D,descriptive_name,,,
cl2682_1,D,descriptive_name,,,
CL5877.Contig2,D,descriptive_name,,,
CLA1,C,bare_gene_symbol,,,
CLA1 protein,D,descriptive_name,,,
Cla97C05G086420.1,D,descriptive_name,,,
Cla97C09G172860.1,D,descriptive_name,,,
Cla97C09G181410.1,D,descriptive_name,,,
clade A PP2Cs,D,descriptive_name,,,
clade A protein phosphatases,D,descriptive_name,,,
clade A protein phosphatases type 2C,D,descriptive_name,,,
Clade I cyclophilins,D,descriptive_name,,,
Clade I genes,D,descriptive_name,,,
clade I/II ALMTs,D,descriptive_name,,,
Clade III OsSWEET proteins,D,descriptive_name,,,
clade III SWEET proteins,D,descriptive_name,,,
Clade III SWEETs,D,descriptive_name,,,
Clade IV,D,descriptive_name,,,
ClaHSP17.4,D,descriptive_name,,,
ClaHSP17.4 promoter,D,descriptive_name,,,
clan 71,D,descriptive_name,,,
Class 1 KNOX homeodomain transcription factor,D,descriptive_name,,,
Class 2 gene cluster,D,descriptive_name,,,
Class 2 genes,D,descriptive_name,,,
class A heat shock factors,D,descriptive_name,,,
Class A methyltransferases,D,descriptive_name,,,
"class A, B, and C HSF families",D,descriptive_name,,,
Class C heat shock transcription factors,D,descriptive_name,,,
class C members,D,descriptive_name,,,
Class I genes,D,descriptive_name,,,
Class I OMTs,D,descriptive_name,,,
Class I peroxidases,D,descriptive_name,,,
class I small heat shock protein,D,descriptive_name,,,
Class II CYC/TB1 subfamily TCP proteins,D,descriptive_name,,,
Class II CYC/TB1 TCP proteins,D,descriptive_name,,,
Class II CYC/TB1 TCP transcription factors,D,descriptive_name,,,
Class II gene,D,descriptive_name,,,
class II high-affinity potassium transporter,D,descriptive_name,,,
class III,D,descriptive_name,,,
Class III chitinase,D,descriptive_name,,,
class III GRXs,D,descriptive_name,,,
class III J protein,D,descriptive_name,,,
class III peroxidase,D,descriptive_name,,,
Class III peroxidase genes,D,descriptive_name,,,
class III peroxidases,D,descriptive_name,,,
Class III plant peroxidase,D,descriptive_name,,,
class VI heat shock proteins,D,descriptive_name,,,
class-B heat shock factor,D,descriptive_name,,,
class-I sHSP chaperone genes,D,descriptive_name,,,
class-I small heat shock proteins,D,descriptive_name,,,
class-I small heat-shock protein chaperone genes,D,descriptive_name,,,
class-I small heat-shock protein genes,D,descriptive_name,,,
Clathrin assembly proteins,D,descriptive_name,,,
Clavaminate synthase-like protein,D,descriptive_name,,,
CLAVATA3/EMBRYO SURROUNDING REGION,D,descriptive_name,,,
CLC-B,D,descriptive_name,,,
CLCs,D,descriptive_name,,,
CLD1,C,bare_gene_symbol,,,
ClDIR,B,species_prefix_Cl,Cl,DIR,
ClDIR family,D,descriptive_name,,,
ClDIR16,B,species_prefix_Cl,Cl,DIR16,
ClDIR17,B,species_prefix_Cl,Cl,DIR17,
ClDIR8,B,species_prefix_Cl,Cl,DIR8,
CLE,C,bare_gene_symbol,,,
CLE family,D,descriptive_name,,,
CLE gene,D,descriptive_name,,,
CLE gene family,D,descriptive_name,,,
CLE genes,D,descriptive_name,,,
CLE motif,D,descriptive_name,,,
CLE peptides,D,descriptive_name,,,
CLE25,C,bare_gene_symbol,,,
CLE41,C,bare_gene_symbol,,,
CLE44,C,bare_gene_symbol,,,
CLE6,C,bare_gene_symbol,,,
CLE6 peptide,D,descriptive_name,,,
cleavage genes,D,descriptive_name,,,
cleaving enzymes,D,descriptive_name,,,
CLF,C,bare_gene_symbol,,,
CLH,C,bare_gene_symbol,,,
CLH1,C,bare_gene_symbol,,,
ClHDZ20,B,species_prefix_Cl,Cl,HDZ20,
ClHDZ4,B,species_prefix_Cl,Cl,HDZ4,
ClHSP11.1A,D,descriptive_name,,,
ClHSP15.3,D,descriptive_name,,,
ClHSP17.6A,D,descriptive_name,,,
ClHSP18.1E,D,descriptive_name,,,
ClHSP18.2,D,descriptive_name,,,
ClHSP20,B,species_prefix_Cl,Cl,HSP20,
ClHSP20s,B,species_prefix_Cl,Cl,HSP20s,
ClHSP21.6,D,descriptive_name,,,
ClHSP22.8,D,descriptive_name,,,
ClHSP23,B,species_prefix_Cl,Cl,HSP23,
ClHSP70 genes,D,descriptive_name,,,
ClHSP70 promoters,D,descriptive_name,,,
ClHSP70-1,B,species_prefix_Cl,Cl,HSP70-1,
ClHSP70-10,B,species_prefix_Cl,Cl,HSP70-10,
ClHSP70-11,B,species_prefix_Cl,Cl,HSP70-11,
ClHSP70-12,B,species_prefix_Cl,Cl,HSP70-12,
ClHSP70-2,B,species_prefix_Cl,Cl,HSP70-2,
ClHSP70-3,B,species_prefix_Cl,Cl,HSP70-3,
ClHSP70-4,B,species_prefix_Cl,Cl,HSP70-4,
ClHSP70-5,B,species_prefix_Cl,Cl,HSP70-5,
ClHSP70-6,B,species_prefix_Cl,Cl,HSP70-6,
ClHSP70-7,B,species_prefix_Cl,Cl,HSP70-7,
ClHSP70-9,B,species_prefix_Cl,Cl,HSP70-9,
ClHSP70s,B,species_prefix_Cl,Cl,HSP70s,
CLIBASIA_04405,D,descriptive_name,,,
client proteins,D,descriptive_name,,,
ClJAZ genes,D,descriptive_name,,,
ClJAZ11,B,species_prefix_Cl,Cl,JAZ11,
ClJAZ14,B,species_prefix_Cl,Cl,JAZ14,
ClJAZ15,B,species_prefix_Cl,Cl,JAZ15,
CLO3,C,bare_gene_symbol,,,
clock genes,D,descriptive_name,,,
Clp,D,descriptive_name,,,
Clp protease,D,descriptive_name,,,
Clp protease complex,D,descriptive_name,,,
ClpB,D,descriptive_name,,,
ClpB3,B,species_prefix_Clp,Clp,B3,
ClpC1,B,species_prefix_Clp,Clp,C1,
ClpD-GFP,D,descriptive_name,,,
ClpP1 subunit,D,descriptive_name,,,
ClpR1,B,species_prefix_Clp,Clp,R1,
clpr1-2,D,descriptive_name,,,
cLUC-AeHSFA2-2,D,descriptive_name,,,
clv2/crn,D,descriptive_name,,,
Cl−/H+ transporters,D,descriptive_name,,,
CmADF,B,species_prefix_Cm,Cm,ADF,
CmADF genes,D,descriptive_name,,,
CmADF1,B,species_prefix_Cm,Cm,ADF1,
CmADF1 gene,D,descriptive_name,,,
CmADF1 protein,D,descriptive_name,,,
CmADF1-GFP,B,species_prefix_Cm,Cm,ADF1-GFP,
CmADF2,B,species_prefix_Cm,Cm,ADF2,
CmCAT,B,species_prefix_Cm,Cm,CAT,
CmDREB6,B,species_prefix_Cm,Cm,DREB6,
CmFNS,B,species_prefix_Cm,Cm,FNS,
CmHKT2,B,species_prefix_Cm,Cm,HKT2,
CmHsf,B,species_prefix_Cm,Cm,Hsf,
CmHsf family,D,descriptive_name,,,
CmHsf family members,D,descriptive_name,,,
CmHsf gene family,D,descriptive_name,,,
CmHsf gene promoters,D,descriptive_name,,,
CmHsf genes,D,descriptive_name,,,
CmHsf1,B,species_prefix_Cm,Cm,Hsf1,
CmHsf17,B,species_prefix_Cm,Cm,Hsf17,
CmHsf2,B,species_prefix_Cm,Cm,Hsf2,
CmHsf20,B,species_prefix_Cm,Cm,Hsf20,
CmHsf23,B,species_prefix_Cm,Cm,Hsf23,
CmHsf25,B,species_prefix_Cm,Cm,Hsf25,
CmHsf26,B,species_prefix_Cm,Cm,Hsf26,
CmHsf27,B,species_prefix_Cm,Cm,Hsf27,
CmHsf28,B,species_prefix_Cm,Cm,Hsf28,
CmHsf29,B,species_prefix_Cm,Cm,Hsf29,
CmHsf3,B,species_prefix_Cm,Cm,Hsf3,
CmHSF30,B,species_prefix_Cm,Cm,HSF30,
CmHsf31,B,species_prefix_Cm,Cm,Hsf31,
CmHsf32,B,species_prefix_Cm,Cm,Hsf32,
CmHsf34,B,species_prefix_Cm,Cm,Hsf34,
CmHsf35,B,species_prefix_Cm,Cm,Hsf35,
CmHsf9,B,species_prefix_Cm,Cm,Hsf9,
CmHSFA4,B,species_prefix_Cm,Cm,HSFA4,
CmHSFA4 gene,D,descriptive_name,,,
CmHSFA4 protein,D,descriptive_name,,,
CmHsfs,B,species_prefix_Cm,Cm,Hsfs,
CmHSP70,B,species_prefix_Cm,Cm,HSP70,
CmHSP90,B,species_prefix_Cm,Cm,HSP90,
CMI052C,C,bare_gene_symbol,,,
CMK,C,bare_gene_symbol,,,
CML,C,bare_gene_symbol,,,
CML genes,D,descriptive_name,,,
CML members,D,descriptive_name,,,
CML proteins,D,descriptive_name,,,
CML25,C,bare_gene_symbol,,,
CML27 ortholog,D,descriptive_name,,,
CML33,C,bare_gene_symbol,,,
CML39,C,bare_gene_symbol,,,
CML9,C,bare_gene_symbol,,,
CML9 ortholog,D,descriptive_name,,,
CMLs,D,descriptive_name,,,
CmMS,D,descriptive_name,,,
CmMYB012,B,species_prefix_Cm,Cm,MYB012,
CMN251C,C,bare_gene_symbol,,,
CMO,C,bare_gene_symbol,,,
CMO283,C,bare_gene_symbol,,,
CmOMT gene,D,descriptive_name,,,
CmOMT genes,D,descriptive_name,,,
CmOMT18,B,species_prefix_Cm,Cm,OMT18,
CMP sialic acid transporter,D,descriptive_name,,,
CmRAV1,B,species_prefix_Cm,Cm,RAV1,
CMS,C,bare_gene_symbol,,,
CmSIT1 gene,D,descriptive_name,,,
CmSOD,B,species_prefix_Cm,Cm,SOD,
CmSOS1,B,species_prefix_Cm,Cm,SOS1,
CMT3,C,bare_gene_symbol,,,
CMT416C,C,bare_gene_symbol,,,
CNBD,C,bare_gene_symbol,,,
CNG20 homolog,D,descriptive_name,,,
CNGC,C,bare_gene_symbol,,,
CNGC cation channels,D,descriptive_name,,,
CNGC genes,D,descriptive_name,,,
CNGC proteins,D,descriptive_name,,,
CNGC transcripts,D,descriptive_name,,,
CNGC14,C,bare_gene_symbol,,,
CNGC16,C,bare_gene_symbol,,,
CNGC18,C,bare_gene_symbol,,,
CNGC2,C,bare_gene_symbol,,,
CNGC2 gene,D,descriptive_name,,,
CNGC4,C,bare_gene_symbol,,,
CNGC6,C,bare_gene_symbol,,,
CNGCb,D,descriptive_name,,,
CNGCd,D,descriptive_name,,,
CNGCs,D,descriptive_name,,,
CNX,C,bare_gene_symbol,,,
CNX gene,D,descriptive_name,,,
CNX2,C,bare_gene_symbol,,,
CO,E,noise_too_short,,,
co-chaperone protein,D,descriptive_name,,,
co-chaperones,D,descriptive_name,,,
co-receptor,D,descriptive_name,,,
CO16,C,bare_gene_symbol,,,
CO2-fixing enzymes,D,descriptive_name,,,
CoA ligase,D,descriptive_name,,,
coactivator,D,descriptive_name,,,
coat protein,D,descriptive_name,,,
cobacyl pyrophase synthase,D,descriptive_name,,,
cobalt–zinc–cadmium resistance protein,D,descriptive_name,,,
cobalt–zinc–cadmium resistance proteins,D,descriptive_name,,,
COBL9,C,bare_gene_symbol,,,
COBRA,C,bare_gene_symbol,,,
codA,D,descriptive_name,,,
codeinone reductase,D,descriptive_name,,,
coding and non-coding RNAs,D,descriptive_name,,,
codon-optimized genes,D,descriptive_name,,,
coenzyme,D,descriptive_name,,,
coenzymes,D,descriptive_name,,,
COI-1,D,descriptive_name,,,
COI1,C,bare_gene_symbol,,,
COI1 F-box protein,D,descriptive_name,,,
COI1 ligand,D,descriptive_name,,,
COI1 ligands,D,descriptive_name,,,
COI1 protein,D,descriptive_name,,,
COI1 receptor,D,descriptive_name,,,
COI1 receptor complex,D,descriptive_name,,,
COI1 receptor protein,D,descriptive_name,,,
coi1-1,D,descriptive_name,,,
coi1-16,D,descriptive_name,,,
COI1-JA-Ile complex,D,descriptive_name,,,
COI1-JAZ coreceptor,D,descriptive_name,,,
COI1-JAZ coreceptor complex,D,descriptive_name,,,
COI1-JAZ-ICE1 module,D,descriptive_name,,,
COI1-JAZ-MYC2,D,descriptive_name,,,
COI1-mediated signaling,D,descriptive_name,,,
coi1rsp,D,descriptive_name,,,
Coiled-Coil Domain-Containing protein,D,descriptive_name,,,
COK-4,D,descriptive_name,,,
Cold-Regulated,D,descriptive_name,,,
cold-regulated (COR) genes,D,descriptive_name,,,
cold-regulated gibberellin-regulated protein 1,D,descriptive_name,,,
cold-resistance genes,D,descriptive_name,,,
cold-response regulators,D,descriptive_name,,,
cold-responsive factors,D,descriptive_name,,,
cold-responsive miRNAs,D,descriptive_name,,,
COLD1,C,bare_gene_symbol,,,
COLORED1,C,bare_gene_symbol,,,
colorless anthocyanin dioxygenase,D,descriptive_name,,,
COM12,C,bare_gene_symbol,,,
comp24219_c0,D,descriptive_name,,,
comp28011_c0,D,descriptive_name,,,
comp44746_c0,D,descriptive_name,,,
comp47575_c0,D,descriptive_name,,,
comp78421_c0,D,descriptive_name,,,
comp79868_c0,D,descriptive_name,,,
comp80804_c0,D,descriptive_name,,,
comp80938_c0,D,descriptive_name,,,
comp81166_c0,D,descriptive_name,,,
comp88413_c0,D,descriptive_name,,,
comp89029_c1,D,descriptive_name,,,
comp91892_c0,D,descriptive_name,,,
Complex I,D,descriptive_name,,,
complex III,D,descriptive_name,,,
complex V,D,descriptive_name,,,
Complexes III,D,descriptive_name,,,
Complexes IV,D,descriptive_name,,,
COMT,C,bare_gene_symbol,,,
COMT I,D,descriptive_name,,,
COMT1,C,bare_gene_symbol,,,
conditionally toxic marker,D,descriptive_name,,,
coniferyl-alcohol glucosyltransferase,D,descriptive_name,,,
Coniferyl-aldehyde dehydrogenase,D,descriptive_name,,,
conjugating,D,descriptive_name,,,
conjugating enzymes,D,descriptive_name,,,
conserved cysteine residues,D,descriptive_name,,,
contig1096.g3,D,descriptive_name,,,
contig11990,D,descriptive_name,,,
contig1566.g7,D,descriptive_name,,,
contig203.g8,D,descriptive_name,,,
contig2155.g2,D,descriptive_name,,,
contig28686,D,descriptive_name,,,
contig445.g1,D,descriptive_name,,,
contig479,D,descriptive_name,,,
contig582,D,descriptive_name,,,
contig69,D,descriptive_name,,,
contig70,D,descriptive_name,,,
contig78,D,descriptive_name,,,
contig901,D,descriptive_name,,,
contig933,D,descriptive_name,,,
contig995.g4,D,descriptive_name,,,
control gene,D,descriptive_name,,,
COP1,C,bare_gene_symbol,,,
cop1 mutants,D,descriptive_name,,,
cop1-4,D,descriptive_name,,,
cop1-6 mutants,D,descriptive_name,,,
COP1-HY5,D,descriptive_name,,,
COP1-SPA complex,D,descriptive_name,,,
COP9 signalosome,D,descriptive_name,,,
CopA,D,descriptive_name,,,
Copalyl pyrophosphate synthase,D,descriptive_name,,,
CopC,D,descriptive_name,,,
CopD,D,descriptive_name,,,
COPIA78,C,bare_gene_symbol,,,
copper amine oxidase,D,descriptive_name,,,
copper amine oxidases,D,descriptive_name,,,
copper chaperone CCS,D,descriptive_name,,,
copper chaperone for superoxide dismutase,D,descriptive_name,,,
copper resistance proteins,D,descriptive_name,,,
copper superoxide dismutase,D,descriptive_name,,,
copper superoxide dismutases,D,descriptive_name,,,
copper transporter genes,D,descriptive_name,,,
copper transporters,D,descriptive_name,,,
copper-binding proteins,D,descriptive_name,,,
copper-containing DAOs,D,descriptive_name,,,
copper-containing diamine oxidases,D,descriptive_name,,,
copper-dependent amine oxidases,D,descriptive_name,,,
copper-transporting ATPase,D,descriptive_name,,,
copper-transporting ATPase p-type 1,D,descriptive_name,,,
copper-zinc superoxide dismutase,D,descriptive_name,,,
copper/zinc superoxide dismutase,D,descriptive_name,,,
Copper/Zinc Superoxide Dismutase 1,D,descriptive_name,,,
copper/zinc superoxide dismutase 2,D,descriptive_name,,,
copper/zinc superoxide dismutases,D,descriptive_name,,,
copper–zinc superoxide dismutase,D,descriptive_name,,,
coproporphyrinogen III oxidase,D,descriptive_name,,,
coproporphyrinogen oxidase,D,descriptive_name,,,
Coproporphyrinogen-III oxidase,D,descriptive_name,,,
COPT1,C,bare_gene_symbol,,,
COPT5,C,bare_gene_symbol,,,
COR,C,bare_gene_symbol,,,
COR15,C,bare_gene_symbol,,,
COR15A,C,bare_gene_symbol,,,
COR47,C,bare_gene_symbol,,,
Cor78,C,bare_gene_symbol,,,
core dimorphism genes,D,descriptive_name,,,
core genes,D,descriptive_name,,,
core heat-stress responsive,D,descriptive_name,,,
core HSR genes,D,descriptive_name,,,
core proteins,D,descriptive_name,,,
core PSII proteins,D,descriptive_name,,,
core stress-responsive genes,D,descriptive_name,,,
CORI3,C,bare_gene_symbol,,,
CORONATINE INSENSITIVE 1,D,descriptive_name,,,
Coronatine-insensitive 1,D,descriptive_name,,,
Coronatine-insensitive protein 1,D,descriptive_name,,,
costunolide synthase,D,descriptive_name,,,
COSY,C,bare_gene_symbol,,,
cotton VOZ gene family,D,descriptive_name,,,
cotton VOZ genes,D,descriptive_name,,,
coumarate glycosyltransferase,D,descriptive_name,,,
coumarin synthase,D,descriptive_name,,,
Coumaroyl-CoA: anthocyanidin 3-O-glucoside-6''-O-coumaroyltransferase,D,descriptive_name,,,
Coumaroyl-shikimate/quinate 3-hydroxylase,D,descriptive_name,,,
COX,C,bare_gene_symbol,,,
COX-2,D,descriptive_name,,,
COX-2 enzyme,D,descriptive_name,,,
COX11,C,bare_gene_symbol,,,
COX4-YFP,D,descriptive_name,,,
CP,E,noise_too_short,,,
CP gene,D,descriptive_name,,,
cp-eGFP,D,descriptive_name,,,
CP12 gene family,D,descriptive_name,,,
CP29.2,C,bare_gene_symbol,,,
Cp4.1LG06g08450,D,descriptive_name,,,
Cp4.1LG18g02900,D,descriptive_name,,,
CP43,C,bare_gene_symbol,,,
CP43 protein,D,descriptive_name,,,
CP47,C,bare_gene_symbol,,,
CP5 gene,D,descriptive_name,,,
CPA,C,bare_gene_symbol,,,
CpABCC2,B,species_prefix_Cp,Cp,ABCC2,
CpACT1,B,species_prefix_Cp,Cp,ACT1,
CpADC,B,species_prefix_Cp,Cp,ADC,
CPC,C,bare_gene_symbol,,,
CpCPQ,B,species_prefix_Cp,Cp,CPQ,
CpCuSOD,B,species_prefix_Cp,Cp,CuSOD,
CpCYP81BB1,B,species_prefix_Cp,Cp,CYP81BB1,
CpCYP81BF1,B,species_prefix_Cp,Cp,CYP81BF1,
CPD,C,bare_gene_symbol,,,
CpFAD7,B,species_prefix_Cp,Cp,FAD7,
CpFAD7 gene,D,descriptive_name,,,
CpHIPP36,B,species_prefix_Cp,Cp,HIPP36,
CpHIPP42,B,species_prefix_Cp,Cp,HIPP42,
CpHMA11,B,species_prefix_Cp,Cp,HMA11,
CpHMA2,B,species_prefix_Cp,Cp,HMA2,
CpHMA8,B,species_prefix_Cp,Cp,HMA8,
cpHSC70-1,D,descriptive_name,,,
CpHSP,B,species_prefix_Cp,Cp,HSP,
CpHSP70,B,species_prefix_Cp,Cp,HSP70,
cpHsp70-2,D,descriptive_name,,,
CPK,C,bare_gene_symbol,,,
cpk mutants,D,descriptive_name,,,
CPK proteins,D,descriptive_name,,,
CPK1,C,bare_gene_symbol,,,
CPK1-OE,D,descriptive_name,,,
CPK13,C,bare_gene_symbol,,,
cpk13-1,D,descriptive_name,,,
CPK16,C,bare_gene_symbol,,,
CPK3,C,bare_gene_symbol,,,
cpk3/cpk13-1,D,descriptive_name,,,
CPKs,D,descriptive_name,,,
CPKs 3,D,descriptive_name,,,
CPL1,C,bare_gene_symbol,,,
cpl1-1,D,descriptive_name,,,
cpl1-2,D,descriptive_name,,,
cpl1-7,D,descriptive_name,,,
cpl1-8,D,descriptive_name,,,
CPN-60 alpha,D,descriptive_name,,,
Cpn10,C,bare_gene_symbol,,,
Cpn20,C,bare_gene_symbol,,,
Cpn60,C,bare_gene_symbol,,,
Cpn60α,D,descriptive_name,,,
CpNIP1:2,D,descriptive_name,,,
CpNLP2.2,D,descriptive_name,,,
CpNLP3.1,D,descriptive_name,,,
CPO,C,bare_gene_symbol,,,
CPOX,C,bare_gene_symbol,,,
CPR5,C,bare_gene_symbol,,,
cpr5-2,D,descriptive_name,,,
CPRD2,C,bare_gene_symbol,,,
CpRKD1.1,D,descriptive_name,,,
CpRKD8.1,D,descriptive_name,,,
CPS,C,bare_gene_symbol,,,
CPS enzyme,D,descriptive_name,,,
CPS/KS,D,descriptive_name,,,
cps/ks mutant,D,descriptive_name,,,
cps/ks mutants,D,descriptive_name,,,
CPS2,C,bare_gene_symbol,,,
CPSf,D,descriptive_name,,,
CPSII,C,bare_gene_symbol,,,
cpSRP43,D,descriptive_name,,,
cpSRP54,D,descriptive_name,,,
CPT,C,bare_gene_symbol,,,
CpTIP,B,species_prefix_Cp,Cp,TIP,
CPTs,D,descriptive_name,,,
cpVenus,D,descriptive_name,,,
CPX,C,bare_gene_symbol,,,
CPX1,C,bare_gene_symbol,,,
CqAAT genes,D,descriptive_name,,,
CR proteins,D,descriptive_name,,,
CR9,C,bare_gene_symbol,,,
CrASR,B,species_prefix_Cr,Cr,ASR,
CrASR1,B,species_prefix_Cr,Cr,ASR1,
CrASR3,B,species_prefix_Cr,Cr,ASR3,
CrASRs,B,species_prefix_Cr,Cr,ASRs,
CrBKT,B,species_prefix_Cr,Cr,BKT,
CRD1,C,bare_gene_symbol,,,
CrDHN dehydrins,D,descriptive_name,,,
CrDHN1-4,B,species_prefix_Cr,Cr,DHN1-4,
CrDHNs,B,species_prefix_Cr,Cr,DHNs,
Cre08.g381400,D,descriptive_name,,,
CRE1,C,bare_gene_symbol,,,
CREs,D,descriptive_name,,,
CRF1,C,bare_gene_symbol,,,
CRF2,C,bare_gene_symbol,,,
CRF4,C,bare_gene_symbol,,,
CRFs,D,descriptive_name,,,
CrGBF1,B,species_prefix_Cr,Cr,GBF1,
CrGBF2,B,species_prefix_Cr,Cr,GBF2,
CrGDH,B,species_prefix_Cr,Cr,GDH,
CRINKLY 4 transcription factors,D,descriptive_name,,,
CRISPR/Cas9,D,descriptive_name,,,
CRK25,C,bare_gene_symbol,,,
CRK28,C,bare_gene_symbol,,,
CRK29,C,bare_gene_symbol,,,
CRK36,C,bare_gene_symbol,,,
CRL5,C,bare_gene_symbol,,,
CrLEA,B,species_prefix_Cr,Cr,LEA,
CrLEA4-1,B,species_prefix_Cr,Cr,LEA4-1,
CrLEA4-2,B,species_prefix_Cr,Cr,LEA4-2,
CrLEAs,B,species_prefix_Cr,Cr,LEAs,
CRLs,D,descriptive_name,,,
Crocetin glucosyltransferase,D,descriptive_name,,,
CrPEPC,B,species_prefix_Cr,Cr,PEPC,
CrPEPC genes,D,descriptive_name,,,
CrPEPC1,B,species_prefix_Cr,Cr,PEPC1,
CrPEPC1/2,D,descriptive_name,,,
CrPEPC2,B,species_prefix_Cr,Cr,PEPC2,
CrPEPC2 gene,D,descriptive_name,,,
CrPRX,B,species_prefix_Cr,Cr,PRX,
CrPRX01,B,species_prefix_Cr,Cr,PRX01,
Crr1,C,bare_gene_symbol,,,
CRRG,C,bare_gene_symbol,,,
CRRGs,D,descriptive_name,,,
CRT,C,bare_gene_symbol,,,
Crt-like transporter,D,descriptive_name,,,
CRT1,C,bare_gene_symbol,,,
CRT2,C,bare_gene_symbol,,,
crtI,D,descriptive_name,,,
CRTISO,C,bare_gene_symbol,,,
CrtISO1,B,species_prefix_Crt,Crt,ISO1,
CrtISO3,B,species_prefix_Crt,Crt,ISO3,
CRTL-B,D,descriptive_name,,,
CrtR,D,descriptive_name,,,
CrtR-b2,D,descriptive_name,,,
CrtY,D,descriptive_name,,,
crtYg,D,descriptive_name,,,
crtYh,D,descriptive_name,,,
crtZ,D,descriptive_name,,,
CRTZs,D,descriptive_name,,,
Crude protein,D,descriptive_name,,,
CRY DASH,D,descriptive_name,,,
Cry1Ab/Ac,D,descriptive_name,,,
CryIAb gene,D,descriptive_name,,,
Cryj 3.1,D,descriptive_name,,,
Cryj 3.4,D,descriptive_name,,,
Cryj 3.5,D,descriptive_name,,,
CS,E,noise_too_short,,,
Cs-CAT,D,descriptive_name,,,
CS-ETR 2,D,descriptive_name,,,
Cs-POD,D,descriptive_name,,,
CS120,C,bare_gene_symbol,,,
Cs4CL,D,descriptive_name,,,
csa-miR393,D,descriptive_name,,,
Csa1G479630,C,bare_gene_symbol,,,
Csa2G000340,C,bare_gene_symbol,,,
Csa3G027720,C,bare_gene_symbol,,,
Csa5G161290,C,bare_gene_symbol,,,
Csa5G569350,C,bare_gene_symbol,,,
Csa5G606540,C,bare_gene_symbol,,,
Csa5G606730,C,bare_gene_symbol,,,
Csa6G006730,C,bare_gene_symbol,,,
CsAAM1,B,species_prefix_Cs,Cs,AAM1,
CsAAM3,B,species_prefix_Cs,Cs,AAM3,
CsABCC1,B,species_prefix_Cs,Cs,ABCC1,
CsABI1,B,species_prefix_Cs,Cs,ABI1,
CsABI2,B,species_prefix_Cs,Cs,ABI2,
CsABI3,B,species_prefix_Cs,Cs,ABI3,
CsAc1,B,species_prefix_Cs,Cs,Ac1,
CsACO3,B,species_prefix_Cs,Cs,ACO3,
CsACS2,B,species_prefix_Cs,Cs,ACS2,
CsADC,B,species_prefix_Cs,Cs,ADC,
CsANR,B,species_prefix_Cs,Cs,ANR,
CsAOG,B,species_prefix_Cs,Cs,AOG,
CSase,D,descriptive_name,,,
CsAUX1,B,species_prefix_Cs,Cs,AUX1,
CsaV3_1G007080 gene,D,descriptive_name,,,
CsaV3_1G041400,D,descriptive_name,,,
CsaV3_1G044030,D,descriptive_name,,,
CsaV3_2G010710,D,descriptive_name,,,
CsaV3_2G010720,D,descriptive_name,,,
CsaV3_2G033120,D,descriptive_name,,,
CsaV3_3G034190,D,descriptive_name,,,
CsaV3_4G000970,D,descriptive_name,,,
CsaV3_4G002460,D,descriptive_name,,,
CsaV3_5G006200,D,descriptive_name,,,
CsaV3_5G039150,D,descriptive_name,,,
CsaV3_6G000050,D,descriptive_name,,,
CsaV3_6G004180,D,descriptive_name,,,
CsaV3_6G042970,D,descriptive_name,,,
CsaV3_7G021990,D,descriptive_name,,,
csb3/clb4-3 mutant,D,descriptive_name,,,
CsBAM1,B,species_prefix_Cs,Cs,BAM1,
CsBAM3,B,species_prefix_Cs,Cs,BAM3,
CsBAM9,B,species_prefix_Cs,Cs,BAM9,
CsBCH2,B,species_prefix_Cs,Cs,BCH2,
CsbHLHv,B,species_prefix_Csb,Csb,HLHv,
CsbZIP2,B,species_prefix_Csb,Csb,ZIP2,
CsBZR1,B,species_prefix_Cs,Cs,BZR1,
CsCaM,B,species_prefix_Cs,Cs,CaM,
CsCaM3,B,species_prefix_Cs,Cs,CaM3,
CsCaM3 gene,D,descriptive_name,,,
CsCAO,B,species_prefix_Cs,Cs,CAO,
CsCap1,B,species_prefix_Cs,Cs,Cap1,
CsCBF2,B,species_prefix_Cs,Cs,CBF2,
CsCCD2,B,species_prefix_Cs,Cs,CCD2,
CsCDPK14,B,species_prefix_Cs,Cs,CDPK14,
CsCER1,B,species_prefix_Cs,Cs,CER1,
CsChl,B,species_prefix_Cs,Cs,Chl,
CsCHS,B,species_prefix_Cs,Cs,CHS,
CsCit1,B,species_prefix_Cs,Cs,Cit1,
CsCOMT1,B,species_prefix_Cs,Cs,COMT1,
CsCYCD3 family,D,descriptive_name,,,
CsCYP707A1,B,species_prefix_Cs,Cs,CYP707A1,
CsCYP75A,B,species_prefix_Cs,Cs,CYP75A,
CSD1,C,bare_gene_symbol,,,
CSD2,C,bare_gene_symbol,,,
CsDnl4,B,species_prefix_Cs,Cs,Dnl4,
CsDOF,B,species_prefix_Cs,Cs,DOF,
CsDOF genes,D,descriptive_name,,,
CSDs,D,descriptive_name,,,
CSE,C,bare_gene_symbol,,,
Cse_sc027584.1_g010.1,D,descriptive_name,,,
Cse_sc031727.1_g010.1,D,descriptive_name,,,
CsEGL3,B,species_prefix_Cs,Cs,EGL3,
CsERF004,B,species_prefix_Cs,Cs,ERF004,
CsETR,B,species_prefix_Cs,Cs,ETR,
CsFAB2,B,species_prefix_Cs,Cs,FAB2,
CsFAB2 desaturases,D,descriptive_name,,,
CsFAB2 gene family,D,descriptive_name,,,
CsFAB2 genes,D,descriptive_name,,,
CsFAB2 isoforms,D,descriptive_name,,,
CsFAB2.1,D,descriptive_name,,,
CsFAB2.1-2.3,D,descriptive_name,,,
CsFAB2.2,D,descriptive_name,,,
CsFAB2.3,D,descriptive_name,,,
CsFAD2-7,B,species_prefix_Cs,Cs,FAD2-7,
CsFAD2.1,D,descriptive_name,,,
CsFAD3,B,species_prefix_Cs,Cs,FAD3,
CsFAD4,B,species_prefix_Cs,Cs,FAD4,
CsFAD5,B,species_prefix_Cs,Cs,FAD5,
CsFAD5.1,D,descriptive_name,,,
CsFAD6,B,species_prefix_Cs,Cs,FAD6,
CsFAD7,B,species_prefix_Cs,Cs,FAD7,
CsFRO1,B,species_prefix_Cs,Cs,FRO1,
CsGH3.1,D,descriptive_name,,,
CsGID1,B,species_prefix_Cs,Cs,GID1,
CsGluTR,B,species_prefix_Cs,Cs,GluTR,
CsGME,B,species_prefix_Cs,Cs,GME,
CsGMP,B,species_prefix_Cs,Cs,GMP,
CsGOGAT,B,species_prefix_Cs,Cs,GOGAT,
CsGOLS2,B,species_prefix_Cs,Cs,GOLS2,
CsGRAS family,D,descriptive_name,,,
CsGRAS gene family,D,descriptive_name,,,
CsGRAS genes,D,descriptive_name,,,
CsGRAS transcription factor family,D,descriptive_name,,,
CsGRAS transcription factors,D,descriptive_name,,,
CsGRAS1,B,species_prefix_Cs,Cs,GRAS1,
CsGRAS11,B,species_prefix_Cs,Cs,GRAS11,
CsGRAS12,B,species_prefix_Cs,Cs,GRAS12,
CsGRAS13,B,species_prefix_Cs,Cs,GRAS13,
CsGRAS14,B,species_prefix_Cs,Cs,GRAS14,
CsGRAS15,B,species_prefix_Cs,Cs,GRAS15,
CsGRAS16,B,species_prefix_Cs,Cs,GRAS16,
CsGRAS17,B,species_prefix_Cs,Cs,GRAS17,
CsGRAS19,B,species_prefix_Cs,Cs,GRAS19,
CsGRAS2,B,species_prefix_Cs,Cs,GRAS2,
CsGRAS24,B,species_prefix_Cs,Cs,GRAS24,
CsGRAS48,B,species_prefix_Cs,Cs,GRAS48,
CsGRAS7,B,species_prefix_Cs,Cs,GRAS7,
CsGS,D,descriptive_name,,,
CsGsa,B,species_prefix_Cs,Cs,Gsa,
CsGST23-like,B,species_prefix_Cs,Cs,GST23-like,
CsGSTL3,B,species_prefix_Cs,Cs,GSTL3,
CsGSTU7,B,species_prefix_Cs,Cs,GSTU7,
CsGSTU7.2,D,descriptive_name,,,
CsGSTU8,B,species_prefix_Cs,Cs,GSTU8,
CsGy1G026400,B,species_prefix_Cs,Cs,Gy1G026400,
CsGy2G018910,B,species_prefix_Cs,Cs,Gy2G018910,
CsGy4G005180,B,species_prefix_Cs,Cs,Gy4G005180,
CsGy4G010750,B,species_prefix_Cs,Cs,Gy4G010750,
CsGy4G025230,B,species_prefix_Cs,Cs,Gy4G025230,
CsGy4G025240,B,species_prefix_Cs,Cs,Gy4G025240,
CsGy6G004930,B,species_prefix_Cs,Cs,Gy6G004930,
CsGy6G015230,B,species_prefix_Cs,Cs,Gy6G015230,
CsGy6G029150,B,species_prefix_Cs,Cs,Gy6G029150,
CsGy7G007120,B,species_prefix_Cs,Cs,Gy7G007120,
CsGy7G015120,B,species_prefix_Cs,Cs,Gy7G015120,
CsGy7G019290,B,species_prefix_Cs,Cs,Gy7G019290,
CsHA,D,descriptive_name,,,
CsHA2,B,species_prefix_Cs,Cs,HA2,
CsHA3,B,species_prefix_Cs,Cs,HA3,
CsHA4,B,species_prefix_Cs,Cs,HA4,
CsHA8,B,species_prefix_Cs,Cs,HA8,
CsHA9,B,species_prefix_Cs,Cs,HA9,
CsHCT,B,species_prefix_Cs,Cs,HCT,
CsHMGB,B,species_prefix_Cs,Cs,HMGB,
CsHsf,B,species_prefix_Cs,Cs,Hsf,
CsHsf genes,D,descriptive_name,,,
CsHSFA1,B,species_prefix_Cs,Cs,HSFA1,
CsHsfA1a,B,species_prefix_Cs,Cs,HsfA1a,
CsHSFA1d,B,species_prefix_Cs,Cs,HSFA1d,
CsHsfA2,B,species_prefix_Cs,Cs,HsfA2,
CsHsfA3,B,species_prefix_Cs,Cs,HsfA3,
CsHsfA7,B,species_prefix_Cs,Cs,HsfA7,
CsHsfA8,B,species_prefix_Cs,Cs,HsfA8,
CsHsfB1,B,species_prefix_Cs,Cs,HsfB1,
CsHsfB3a,B,species_prefix_Cs,Cs,HsfB3a,
CsHsfB3b,B,species_prefix_Cs,Cs,HsfB3b,
CsHsfB3c,B,species_prefix_Cs,Cs,HsfB3c,
CsHsfB4a,B,species_prefix_Cs,Cs,HsfB4a,
CsHsfB4b,B,species_prefix_Cs,Cs,HsfB4b,
CsHsfC1,B,species_prefix_Cs,Cs,HsfC1,
CsHsfs,B,species_prefix_Cs,Cs,Hsfs,
CsHSP17.2,D,descriptive_name,,,
CsHSP17.2 promoter,D,descriptive_name,,,
CsHSP17.6,D,descriptive_name,,,
CsHSP45.9,D,descriptive_name,,,
CsHsp70,B,species_prefix_Cs,Cs,Hsp70,
CsHsp70 gene family,D,descriptive_name,,,
CsHsp70 genes,D,descriptive_name,,,
CsHsp70 proteins,D,descriptive_name,,,
CsHsp70-03,B,species_prefix_Cs,Cs,Hsp70-03,
CsHsp70-09,B,species_prefix_Cs,Cs,Hsp70-09,
CsHsp70-11,B,species_prefix_Cs,Cs,Hsp70-11,
CsHsp70-12,B,species_prefix_Cs,Cs,Hsp70-12,
CsHsp70-13,B,species_prefix_Cs,Cs,Hsp70-13,
CsHsp70-37,B,species_prefix_Cs,Cs,Hsp70-37,
CsHsp70-50,B,species_prefix_Cs,Cs,Hsp70-50,
CsHsp70-52,B,species_prefix_Cs,Cs,Hsp70-52,
CsHsp70-56,B,species_prefix_Cs,Cs,Hsp70-56,
CsHsp70-58,B,species_prefix_Cs,Cs,Hsp70-58,
CsHsp70-59,B,species_prefix_Cs,Cs,Hsp70-59,
CsHsp70-60,B,species_prefix_Cs,Cs,Hsp70-60,
CsHsp70-70,B,species_prefix_Cs,Cs,Hsp70-70,
CsHSP90,B,species_prefix_Cs,Cs,HSP90,
CSI1,C,bare_gene_symbol,,,
CsIAA-1,B,species_prefix_Cs,Cs,IAA-1,
CsIAA-2,B,species_prefix_Cs,Cs,IAA-2,
CsICS,B,species_prefix_Cs,Cs,ICS,
CsIPT2,B,species_prefix_Cs,Cs,IPT2,
CsIPT3.1,D,descriptive_name,,,
CsIPT5.1,D,descriptive_name,,,
CsIPT9.1,D,descriptive_name,,,
CsIPT9.2,D,descriptive_name,,,
CsIRT1,B,species_prefix_Cs,Cs,IRT1,
CsJAZ6,B,species_prefix_Cs,Cs,JAZ6,
CsKPI2,B,species_prefix_Cs,Cs,KPI2,
CsKPI2/3,D,descriptive_name,,,
CsKPI3,B,species_prefix_Cs,Cs,KPI3,
CsKu70,B,species_prefix_Cs,Cs,Ku70,
Csl,D,descriptive_name,,,
CSLA9,C,bare_gene_symbol,,,
CsLAR,B,species_prefix_Cs,Cs,LAR,
CsLBD38,B,species_prefix_Cs,Cs,LBD38,
CsLBD39,B,species_prefix_Cs,Cs,LBD39,
CsLBD39-2,B,species_prefix_Cs,Cs,LBD39-2,
CSLC,C,bare_gene_symbol,,,
CSLC4,C,bare_gene_symbol,,,
CSLC5,C,bare_gene_symbol,,,
CSLC6,C,bare_gene_symbol,,,
CsLCY-B2,B,species_prefix_Cs,Cs,LCY-B2,
CsLCYb,B,species_prefix_Cs,Cs,LCYb,
CslD4,B,species_prefix_Csl,Csl,D4,
CSLD5,C,bare_gene_symbol,,,
CsLEA14,B,species_prefix_Cs,Cs,LEA14,
CsLEA19,B,species_prefix_Cs,Cs,LEA19,
CsLEA37,B,species_prefix_Cs,Cs,LEA37,
CsLEA38,B,species_prefix_Cs,Cs,LEA38,
CsLEA_2,D,descriptive_name,,,
CslF6,B,species_prefix_Csl,Csl,F6,
CslF6OE,B,species_prefix_Csl,Csl,F6OE,
CsLIS2,B,species_prefix_Cs,Cs,LIS2,
CsLIS3,B,species_prefix_Cs,Cs,LIS3,
CsLIS4,B,species_prefix_Cs,Cs,LIS4,
CsLOX13,B,species_prefix_Cs,Cs,LOX13,
CsLPEAT,B,species_prefix_Cs,Cs,LPEAT,
CsLPEAT1,B,species_prefix_Cs,Cs,LPEAT1,
CsLPEAT1a,B,species_prefix_Cs,Cs,LPEAT1a,
CsLPEAT1a.1,D,descriptive_name,,,
CsLPEAT1a.2,D,descriptive_name,,,
CsLPEAT2,B,species_prefix_Cs,Cs,LPEAT2,
CsLPEAT2a,B,species_prefix_Cs,Cs,LPEAT2a,
CsLPEAT2b,B,species_prefix_Cs,Cs,LPEAT2b,
CsLPEAT2c,B,species_prefix_Cs,Cs,LPEAT2c,
CsMADS-box genes,D,descriptive_name,,,
CsMADS06,B,species_prefix_Cs,Cs,MADS06,
CsMADS07,B,species_prefix_Cs,Cs,MADS07,
CsMADS09,B,species_prefix_Cs,Cs,MADS09,
CsMADS12,B,species_prefix_Cs,Cs,MADS12,
CsMADS13,B,species_prefix_Cs,Cs,MADS13,
CsMADS16,B,species_prefix_Cs,Cs,MADS16,
CsMADS19,B,species_prefix_Cs,Cs,MADS19,
CsMADS21,B,species_prefix_Cs,Cs,MADS21,
CsMADS25,B,species_prefix_Cs,Cs,MADS25,
CsMADS28,B,species_prefix_Cs,Cs,MADS28,
CsMADS29,B,species_prefix_Cs,Cs,MADS29,
CsMADS30,B,species_prefix_Cs,Cs,MADS30,
CsMADS37,B,species_prefix_Cs,Cs,MADS37,
CsMADS40,B,species_prefix_Cs,Cs,MADS40,
CsMAPKKK17,B,species_prefix_Cs,Cs,MAPKKK17,
CsMAPKKK18,B,species_prefix_Cs,Cs,MAPKKK18,
CsMn-SOD,B,species_prefix_Cs,Cs,Mn-SOD,
CSMO,C,bare_gene_symbol,,,
CSMO gene,D,descriptive_name,,,
CsMYB,B,species_prefix_Cs,Cs,MYB,
CsMYB4a,B,species_prefix_Cs,Cs,MYB4a,
CsMYB5 family,D,descriptive_name,,,
CsMYB5 family members,D,descriptive_name,,,
CsMYB5 genes,D,descriptive_name,,,
CsMYB5 promoters,D,descriptive_name,,,
CsMYB5 transcription factors,D,descriptive_name,,,
CsMYB5a,B,species_prefix_Cs,Cs,MYB5a,
CsMYB5a/b/e/f/g,D,descriptive_name,,,
CsMYB5b,B,species_prefix_Cs,Cs,MYB5b,
CsMYB5e,B,species_prefix_Cs,Cs,MYB5e,
CsMYB5f,B,species_prefix_Cs,Cs,MYB5f,
CsMYB5g,B,species_prefix_Cs,Cs,MYB5g,
CsMYB5s,B,species_prefix_Cs,Cs,MYB5s,
CSN,C,bare_gene_symbol,,,
csn1-10,D,descriptive_name,,,
CSN5A,C,bare_gene_symbol,,,
csn5a-1,D,descriptive_name,,,
CsNCX,B,species_prefix_Cs,Cs,NCX,
CsNPF4.4,D,descriptive_name,,,
CsNPR1,B,species_prefix_Cs,Cs,NPR1,
CsOr-a,B,species_prefix_Cs,Cs,Or-a,
CSP,C,bare_gene_symbol,,,
CsPAL,B,species_prefix_Cs,Cs,PAL,
CsPAL gene,D,descriptive_name,,,
CsPAL gene family,D,descriptive_name,,,
CsPAL genes,D,descriptive_name,,,
CsPAL2,B,species_prefix_Cs,Cs,PAL2,
CsPAL7,B,species_prefix_Cs,Cs,PAL7,
CsPAL9,B,species_prefix_Cs,Cs,PAL9,
CsPBGD,B,species_prefix_Cs,Cs,PBGD,
CsPdeH,B,species_prefix_Cs,Cs,PdeH,
CsPKS1,B,species_prefix_Cs,Cs,PKS1,
CsPMM,B,species_prefix_Cs,Cs,PMM,
CsPODs,B,species_prefix_Cs,Cs,PODs,
CsPP2C3,B,species_prefix_Cs,Cs,PP2C3,
CsPR1,B,species_prefix_Cs,Cs,PR1,
CsPR2,B,species_prefix_Cs,Cs,PR2,
CsPR4,B,species_prefix_Cs,Cs,PR4,
CsPrx73,B,species_prefix_Cs,Cs,Prx73,
CsPSY1a,B,species_prefix_Cs,Cs,PSY1a,
CsPSY1b,B,species_prefix_Cs,Cs,PSY1b,
CsPSY2,B,species_prefix_Cs,Cs,PSY2,
CsPSY3,B,species_prefix_Cs,Cs,PSY3,
CsPSY3 enzyme,D,descriptive_name,,,
CsPYL4,B,species_prefix_Cs,Cs,PYL4,
CSR,C,bare_gene_symbol,,,
CSR gene,D,descriptive_name,,,
CsRAB18,B,species_prefix_Cs,Cs,RAB18,
CsRad50,B,species_prefix_Cs,Cs,Rad50,
CsRAV1,B,species_prefix_Cs,Cs,RAV1,
CsRbcL,B,species_prefix_Cs,Cs,RbcL,
CsRFS5,B,species_prefix_Cs,Cs,RFS5,
CsSCD1,B,species_prefix_Cs,Cs,SCD1,
CsSuSy4,B,species_prefix_Cs,Cs,SuSy4,
CsSUT1,B,species_prefix_Cs,Cs,SUT1,
CsSWEET7a,B,species_prefix_Cs,Cs,SWEET7a,
CsTCTP,B,species_prefix_Cs,Cs,TCTP,
CsTCTP genes,D,descriptive_name,,,
CsTCTP proteins,D,descriptive_name,,,
CsTCTP1,B,species_prefix_Cs,Cs,TCTP1,
CsTCTP1 promoter sequence,D,descriptive_name,,,
CsTCTP2,B,species_prefix_Cs,Cs,TCTP2,
CsTCTP2 promoter,D,descriptive_name,,,
CsTFs,B,species_prefix_Cs,Cs,TFs,
CsTHR1,B,species_prefix_Cs,Cs,THR1,
CsTIP1b,B,species_prefix_Cs,Cs,TIP1b,
CsTPP,B,species_prefix_Cs,Cs,TPP,
CsTPP1,B,species_prefix_Cs,Cs,TPP1,
CsTPP5,B,species_prefix_Cs,Cs,TPP5,
CsTPS,B,species_prefix_Cs,Cs,TPS,
CsTPS1,B,species_prefix_Cs,Cs,TPS1,
CsTPS12,B,species_prefix_Cs,Cs,TPS12,
CsTPS3,B,species_prefix_Cs,Cs,TPS3,
CsTPS5,B,species_prefix_Cs,Cs,TPS5,
CsTRE,B,species_prefix_Cs,Cs,TRE,
CsTRE1,B,species_prefix_Cs,Cs,TRE1,
CsTRE2,B,species_prefix_Cs,Cs,TRE2,
CsTRE4,B,species_prefix_Cs,Cs,TRE4,
CsTS,D,descriptive_name,,,
CsTTG1,B,species_prefix_Cs,Cs,TTG1,
CsUGT73D1,B,species_prefix_Cs,Cs,UGT73D1,
CsVTC2,B,species_prefix_Cs,Cs,VTC2,
CsWAX2,B,species_prefix_Cs,Cs,WAX2,
CsWRKY13,B,species_prefix_Cs,Cs,WRKY13,
CsWRKY46,B,species_prefix_Cs,Cs,WRKY46,
CsWRKY76,B,species_prefix_Cs,Cs,WRKY76,
CSY2,C,bare_gene_symbol,,,
CSY3,C,bare_gene_symbol,,,
CsYUC genes,D,descriptive_name,,,
CsYUC10a,B,species_prefix_Cs,Cs,YUC10a,
CsYUC10b,B,species_prefix_Cs,Cs,YUC10b,
CsYUC11,B,species_prefix_Cs,Cs,YUC11,
CsYUC8,B,species_prefix_Cs,Cs,YUC8,
CsYUC9,B,species_prefix_Cs,Cs,YUC9,
CsZat12,B,species_prefix_Cs,Cs,Zat12,
CsZEP1,B,species_prefix_Cs,Cs,ZEP1,
CTA,C,bare_gene_symbol,,,
CTAG-motif,D,descriptive_name,,,
CTAP1,C,bare_gene_symbol,,,
CTAP2,C,bare_gene_symbol,,,
CTD phosphatase-like protein,D,descriptive_name,,,
CtHsfA2b,B,species_prefix_Ct,Ct,HsfA2b,
CTK receptors,D,descriptive_name,,,
CTK response genes,D,descriptive_name,,,
CTK synthesis and degradation enzymes,D,descriptive_name,,,
CTK-related genes,D,descriptive_name,,,
CTP:phosphocholine cytidylyltransferase,D,descriptive_name,,,
CTP:phosphoethanolamine cytidyltransferase,D,descriptive_name,,,
CTR family transporters,D,descriptive_name,,,
CTR1,C,bare_gene_symbol,,,
CTR1 kinase domain,D,descriptive_name,,,
CTR1 protein,D,descriptive_name,,,
CTR1-4,D,descriptive_name,,,
CTR1-like kinases,D,descriptive_name,,,
CTU1,C,bare_gene_symbol,,,
CTU2,C,bare_gene_symbol,,,
"Cu,Zn-SOD",D,descriptive_name,,,
CU-Gibberellin-1 genes,D,descriptive_name,,,
Cu-miRNA,D,descriptive_name,,,
Cu-SOD,D,descriptive_name,,,
Cu-Zn superoxide dismutase,D,descriptive_name,,,
Cu-Zn type K04565,D,descriptive_name,,,
Cu-Zn types,D,descriptive_name,,,
Cu-Zn-SOD,D,descriptive_name,,,
Cu/SOD,D,descriptive_name,,,
Cu/Zn,D,descriptive_name,,,
Cu/Zn SOD,D,descriptive_name,,,
Cu/Zn SOD isoform,D,descriptive_name,,,
Cu/Zn superoxide dismutase,D,descriptive_name,,,
Cu/Zn-SOD,D,descriptive_name,,,
Cu/Zn-SOD enzyme,D,descriptive_name,,,
Cu/Zn-SOD enzymes,D,descriptive_name,,,
Cu/Zn-SOD gene,D,descriptive_name,,,
Cu/Zn-superoxide dismutase,D,descriptive_name,,,
Cu/Zn-type SODs,D,descriptive_name,,,
Cu/ZnSOD,D,descriptive_name,,,
Cu/ZnSODs,D,descriptive_name,,,
CuAO,D,descriptive_name,,,
CuAO proteins,D,descriptive_name,,,
CuAO1,B,species_prefix_Cu,Cu,AO1,
CuAOs,B,species_prefix_Cu,Cu,AOs,
CUC,C,bare_gene_symbol,,,
CUC1,C,bare_gene_symbol,,,
CUC1/2,D,descriptive_name,,,
cucumber 7-HCAR,D,descriptive_name,,,
cucumber HSP90 gene family,D,descriptive_name,,,
cucumber HSP90 genes,D,descriptive_name,,,
Cucurbitin-related genes,D,descriptive_name,,,
CUL,C,bare_gene_symbol,,,
CUL1,C,bare_gene_symbol,,,
CUL3,C,bare_gene_symbol,,,
CUL4,C,bare_gene_symbol,,,
CUL4-based E3 ubiquitin ligases,D,descriptive_name,,,
Cullin 3,D,descriptive_name,,,
cullin subunits,D,descriptive_name,,,
Cullin-RING ubiquitin E3 ligases,D,descriptive_name,,,
CULLIN4,C,bare_gene_symbol,,,
Cupin genes,D,descriptive_name,,,
cupin seed storage proteins,D,descriptive_name,,,
Cupin superfamily,D,descriptive_name,,,
cupredoxin,D,descriptive_name,,,
cuproproteins,D,descriptive_name,,,
CuSOD,B,species_prefix_Cu,Cu,SOD,
CuSOD1,B,species_prefix_Cu,Cu,SOD1,
CuSOD2,B,species_prefix_Cu,Cu,SOD2,
CUT 1,D,descriptive_name,,,
cuticle-related genes,D,descriptive_name,,,
CuZn-SOD,B,species_prefix_Cu,Cu,Zn-SOD,
CuZnSOD,B,species_prefix_Cu,Cu,ZnSOD,
CuZnSODs,B,species_prefix_Cu,Cu,ZnSODs,
CW-PAO,D,descriptive_name,,,
CWDE-inhibiting proteins,D,descriptive_name,,,
CWDEs,D,descriptive_name,,,
CWI,C,bare_gene_symbol,,,
CWIN,C,bare_gene_symbol,,,
CWIN1,C,bare_gene_symbol,,,
CWIN2,C,bare_gene_symbol,,,
CWIN4,C,bare_gene_symbol,,,
CWINV,C,bare_gene_symbol,,,
CWINV1,C,bare_gene_symbol,,,
CWINV2,C,bare_gene_symbol,,,
CWINV5,C,bare_gene_symbol,,,
CWRP,C,bare_gene_symbol,,,
CyaA,D,descriptive_name,,,
CyaA reporter,D,descriptive_name,,,
CyaF1,B,species_prefix_Cya,Cya,F1,
Cyan Fluorescent Protein,D,descriptive_name,,,
cyanase,D,descriptive_name,,,
cyanate hydratase,D,descriptive_name,,,
cyanide-detoxifying gene,D,descriptive_name,,,
cyanobacterial flavodoxin,D,descriptive_name,,,
cyanobacterial flavodoxin gene,D,descriptive_name,,,
Cyanogenic glucosidases,D,descriptive_name,,,
cyanohydrin beta-glucosyltransferase,D,descriptive_name,,,
CYC6,C,bare_gene_symbol,,,
CycA1;1,D,descriptive_name,,,
CyCA2;1,D,descriptive_name,,,
CYCAS_010234,D,descriptive_name,,,
CYCAS_019000,D,descriptive_name,,,
CYCAS_022440,D,descriptive_name,,,
CYCAS_024227,D,descriptive_name,,,
CYCAS_030993,D,descriptive_name,,,
CYCB1;1,D,descriptive_name,,,
CYCB1;1:GFP,D,descriptive_name,,,
CYCD,C,bare_gene_symbol,,,
CycD2,B,species_prefix_Cyc,Cyc,D2,
CYCD2;1,D,descriptive_name,,,
CYCD3,C,bare_gene_symbol,,,
CYCD3-2 gene,D,descriptive_name,,,
CYCD3;1,D,descriptive_name,,,
CycD5;1,D,descriptive_name,,,
CycD5;2,D,descriptive_name,,,
cyclase-like protein 2,D,descriptive_name,,,
cyclic nucleotide-gated calcium channels,D,descriptive_name,,,
cyclic nucleotide-gated cation channels,D,descriptive_name,,,
cyclic nucleotide-gated channel,D,descriptive_name,,,
cyclic nucleotide-gated channels,D,descriptive_name,,,
cyclic nucleotide-gated ion channels,D,descriptive_name,,,
cyclin-B,D,descriptive_name,,,
cyclin-B genes,D,descriptive_name,,,
cyclin-dependent kinases,D,descriptive_name,,,
cycling-related genes,D,descriptive_name,,,
cyclins,D,descriptive_name,,,
cycloartenol synthase,D,descriptive_name,,,
cycloartenol synthase 1,D,descriptive_name,,,
cyclophilin,D,descriptive_name,,,
cyclophilin subfamily,D,descriptive_name,,,
cyclophilin-type peptidyl-prolyl cis-trans isomerase,D,descriptive_name,,,
cyclophilins,D,descriptive_name,,,
CyIN,D,descriptive_name,,,
CYN,C,bare_gene_symbol,,,
CYP,C,bare_gene_symbol,,,
CYP 78A5,D,descriptive_name,,,
CYP enzymes,D,descriptive_name,,,
CYP genes,D,descriptive_name,,,
cyp-29A3 gene,D,descriptive_name,,,
CYP1,C,bare_gene_symbol,,,
CYP17,C,bare_gene_symbol,,,
CYP2,C,bare_gene_symbol,,,
CYP20-2,D,descriptive_name,,,
CYP20-3,D,descriptive_name,,,
CYP2J,C,bare_gene_symbol,,,
CYP2J protein,D,descriptive_name,,,
CYP450,C,bare_gene_symbol,,,
CyP450 94B3,D,descriptive_name,,,
CYP450 enzyme,D,descriptive_name,,,
CYP450 enzymes,D,descriptive_name,,,
CyP450 superfamily proteins,D,descriptive_name,,,
CYP5,C,bare_gene_symbol,,,
CYP51,C,bare_gene_symbol,,,
CYP51G1,C,bare_gene_symbol,,,
CYP703,C,bare_gene_symbol,,,
CYP703A,C,bare_gene_symbol,,,
CYP704B,C,bare_gene_symbol,,,
CYP706A7,C,bare_gene_symbol,,,
CYP707,C,bare_gene_symbol,,,
CYP707A,C,bare_gene_symbol,,,
CYP707A1,C,bare_gene_symbol,,,
CYP707A2,C,bare_gene_symbol,,,
CYP707A3,C,bare_gene_symbol,,,
CYP707A4,C,bare_gene_symbol,,,
CYP707As,D,descriptive_name,,,
CYP71,C,bare_gene_symbol,,,
CYP71 subfamilies,D,descriptive_name,,,
CYP711A,C,bare_gene_symbol,,,
CYP711A1,C,bare_gene_symbol,,,
CYP716A12,C,bare_gene_symbol,,,
CYP71A1,C,bare_gene_symbol,,,
CYP71A1 genes,D,descriptive_name,,,
CYP71A12,C,bare_gene_symbol,,,
CYP71A28,C,bare_gene_symbol,,,
CYP71AV8,C,bare_gene_symbol,,,
CYP71BJ group,D,descriptive_name,,,
CYP71BL2,C,bare_gene_symbol,,,
CYP71BQ4,C,bare_gene_symbol,,,
CYP71C subfamilies,D,descriptive_name,,,
CYP71CD1,C,bare_gene_symbol,,,
CYP71D,C,bare_gene_symbol,,,
CYP71E subfamilies,D,descriptive_name,,,
CYP71E1,C,bare_gene_symbol,,,
CYP71P1,C,bare_gene_symbol,,,
CYP720B,C,bare_gene_symbol,,,
CYP722C,C,bare_gene_symbol,,,
CYP724,C,bare_gene_symbol,,,
CYP72A,C,bare_gene_symbol,,,
CYP72A1,C,bare_gene_symbol,,,
CYP72A219,C,bare_gene_symbol,,,
CYP72B,C,bare_gene_symbol,,,
CYP73,C,bare_gene_symbol,,,
CYP734A1,C,bare_gene_symbol,,,
CYP735,C,bare_gene_symbol,,,
CYP735A,C,bare_gene_symbol,,,
CYP73A,C,bare_gene_symbol,,,
CYP73A4,C,bare_gene_symbol,,,
CYP74D,C,bare_gene_symbol,,,
CYP75A,C,bare_gene_symbol,,,
CYP75B,C,bare_gene_symbol,,,
CYP75B1,C,bare_gene_symbol,,,
CYP75B2,C,bare_gene_symbol,,,
CYP76,C,bare_gene_symbol,,,
CYP76AD1,C,bare_gene_symbol,,,
CYP76C4,C,bare_gene_symbol,,,
CYP76M6,C,bare_gene_symbol,,,
CYP76M7,C,bare_gene_symbol,,,
CYP76M8,C,bare_gene_symbol,,,
CYP78A family,D,descriptive_name,,,
CYP78A family proteins,D,descriptive_name,,,
CYP78A10,C,bare_gene_symbol,,,
CYP78A5,C,bare_gene_symbol,,,
CYP78A7,C,bare_gene_symbol,,,
CYP79 enzymes,D,descriptive_name,,,
CYP79B,C,bare_gene_symbol,,,
CYP79B1,C,bare_gene_symbol,,,
CYP79B2,C,bare_gene_symbol,,,
CYP79B2/3 enzymes,D,descriptive_name,,,
CYP79B3,C,bare_gene_symbol,,,
CYP79D1,C,bare_gene_symbol,,,
CYP79F1,C,bare_gene_symbol,,,
CYP79F2,C,bare_gene_symbol,,,
CYP81D11,C,bare_gene_symbol,,,
CYP81E1,C,bare_gene_symbol,,,
CYP81F1,C,bare_gene_symbol,,,
CYP81F2,C,bare_gene_symbol,,,
CYP82C2,C,bare_gene_symbol,,,
CYP82C4,C,bare_gene_symbol,,,
CYP82D64,C,bare_gene_symbol,,,
CYP83A1,C,bare_gene_symbol,,,
CYP83A1 gene,D,descriptive_name,,,
CYP83B1,C,bare_gene_symbol,,,
CYP85A1,C,bare_gene_symbol,,,
CYP85A2,C,bare_gene_symbol,,,
CYP86A2,C,bare_gene_symbol,,,
CYP86A4S,C,bare_gene_symbol,,,
CYP86A8,C,bare_gene_symbol,,,
CYP86B1,C,bare_gene_symbol,,,
CYP90A,C,bare_gene_symbol,,,
CYP90A1,C,bare_gene_symbol,,,
CYP90B,C,bare_gene_symbol,,,
CYP90D,C,bare_gene_symbol,,,
CYP90D1,C,bare_gene_symbol,,,
CYP93A1,C,bare_gene_symbol,,,
CYP93A65,C,bare_gene_symbol,,,
CYP93D1,C,bare_gene_symbol,,,
CYP94 family,D,descriptive_name,,,
CYP94A1,C,bare_gene_symbol,,,
CYP94B1,C,bare_gene_symbol,,,
CYP94B3,C,bare_gene_symbol,,,
CYP96A15,C,bare_gene_symbol,,,
CYP97A,C,bare_gene_symbol,,,
CYP97A3,C,bare_gene_symbol,,,
CYP97C1,C,bare_gene_symbol,,,
CYP97C27,C,bare_gene_symbol,,,
CYP98A3,C,bare_gene_symbol,,,
CYP99A2,C,bare_gene_symbol,,,
cyPPDK,D,descriptive_name,,,
CYPs,D,descriptive_name,,,
CYS,C,bare_gene_symbol,,,
Cys residues,D,descriptive_name,,,
Cys synthase,D,descriptive_name,,,
CYS-C1,D,descriptive_name,,,
Cys-rich proteins,D,descriptive_name,,,
cysC,D,descriptive_name,,,
cysD,D,descriptive_name,,,
cysI,D,descriptive_name,,,
cysJ,D,descriptive_name,,,
cysK,D,descriptive_name,,,
cysN,D,descriptive_name,,,
CysR10P,B,species_prefix_Cys,Cys,R10P,
cystathionine beta-lyase,D,descriptive_name,,,
cystathionine gamma,D,descriptive_name,,,
cystathionine gamma synthase,D,descriptive_name,,,
cystathionine γ-synthese,D,descriptive_name,,,
cystatin,D,descriptive_name,,,
cystatin gene,D,descriptive_name,,,
cystatins,D,descriptive_name,,,
cysteine desulfurase,D,descriptive_name,,,
Cysteine protease,D,descriptive_name,,,
Cysteine protease coding genes,D,descriptive_name,,,
cysteine proteases,D,descriptive_name,,,
cysteine proteinase,D,descriptive_name,,,
Cysteine proteinase 3,D,descriptive_name,,,
cysteine proteinase inhibitors,D,descriptive_name,,,
cysteine proteinases,D,descriptive_name,,,
cysteine residue,D,descriptive_name,,,
cysteine residues,D,descriptive_name,,,
cysteine synthase,D,descriptive_name,,,
cysteine synthase A,D,descriptive_name,,,
cysteine synthase A/B,D,descriptive_name,,,
cysteine synthase complex,D,descriptive_name,,,
cysteine-related proteins,D,descriptive_name,,,
cysteine-rich 10-kDa prolamin,D,descriptive_name,,,
cysteine-rich 10-kDa prolamins,D,descriptive_name,,,
cysteine-rich antimicrobial peptides,D,descriptive_name,,,
cysteine-rich domains,D,descriptive_name,,,
cysteine-rich lipid transfer proteins,D,descriptive_name,,,
cysteine-rich peptide GASA family,D,descriptive_name,,,
cysteine-rich proteins,D,descriptive_name,,,
cysteine-rich receptor-like kinase,D,descriptive_name,,,
cysteine-rich receptor-like kinase genes,D,descriptive_name,,,
cysteine-rich receptor-like protein kinases,D,descriptive_name,,,
cysteine/glutamate antiporter,D,descriptive_name,,,
cystine lyase,D,descriptive_name,,,
cystine synthase A,D,descriptive_name,,,
Cyt b6f complex,D,descriptive_name,,,
cyt c,D,descriptive_name,,,
Cyt f,D,descriptive_name,,,
Cyt P450,D,descriptive_name,,,
cyt-ACO,D,descriptive_name,,,
Cyt-Cu/Zn SOD,D,descriptive_name,,,
cytb6f,D,descriptive_name,,,
CytG,D,descriptive_name,,,
cytidyltransferase,D,descriptive_name,,,
cytochrome b5 complexes,D,descriptive_name,,,
Cytochrome b5 family members,D,descriptive_name,,,
cytochrome b5 proteins,D,descriptive_name,,,
cytochrome b6,D,descriptive_name,,,
cytochrome b6-f complex,D,descriptive_name,,,
cytochrome b6-f complex iron-sulfur subunit,D,descriptive_name,,,
cytochrome b6-f complex subunit 8 gene,D,descriptive_name,,,
cytochrome b6/f complex,D,descriptive_name,,,
cytochrome b6f,D,descriptive_name,,,
cytochrome b6f complex,D,descriptive_name,,,
cytochrome bc1,D,descriptive_name,,,
cytochrome bc1 complex,D,descriptive_name,,,
Cytochrome c,D,descriptive_name,,,
Cytochrome c 6,D,descriptive_name,,,
Cytochrome c oxidase,D,descriptive_name,,,
cytochrome c oxidase subunit 1,D,descriptive_name,,,
cytochrome c oxidase subunit 6b-3,D,descriptive_name,,,
cytochrome c6,D,descriptive_name,,,
cytochrome complex,D,descriptive_name,,,
Cytochrome f,D,descriptive_name,,,
cytochrome genes,D,descriptive_name,,,
cytochrome monooxygenase gene,D,descriptive_name,,,
cytochrome oxidase,D,descriptive_name,,,
cytochrome P-450 monooxygenases,D,descriptive_name,,,
cytochrome P450,D,descriptive_name,,,
CYTOCHROME P450 51G1,D,descriptive_name,,,
cytochrome P450 734A1,D,descriptive_name,,,
Cytochrome P450 92B1,D,descriptive_name,,,
cytochrome P450 clan 71,D,descriptive_name,,,
cytochrome P450 clan 71 subfamilies,D,descriptive_name,,,
cytochrome P450 clans,D,descriptive_name,,,
cytochrome P450 CYP78A5 monooxygenase,D,descriptive_name,,,
cytochrome P450 enzyme,D,descriptive_name,,,
Cytochrome P450 enzyme family,D,descriptive_name,,,
cytochrome P450 enzymes,D,descriptive_name,,,
cytochrome P450 families,D,descriptive_name,,,
cytochrome P450 family,D,descriptive_name,,,
cytochrome P450 family 2 subfamily J,D,descriptive_name,,,
Cytochrome P450 family genes,D,descriptive_name,,,
cytochrome P450 family member,D,descriptive_name,,,
cytochrome P450 family proteins,D,descriptive_name,,,
cytochrome P450 gene,D,descriptive_name,,,
Cytochrome P450 genes,D,descriptive_name,,,
cytochrome P450 hydroxylase,D,descriptive_name,,,
cytochrome P450 mono-oxygenase,D,descriptive_name,,,
cytochrome P450 monooxygenase,D,descriptive_name,,,
Cytochrome P450 monooxygenase gene,D,descriptive_name,,,
Cytochrome P450 monooxygenases,D,descriptive_name,,,
cytochrome P450 protein,D,descriptive_name,,,
cytochrome P450 proteins,D,descriptive_name,,,
cytochrome P450 steroid C-22 hydroxylase,D,descriptive_name,,,
Cytochrome P450 superfamilies,D,descriptive_name,,,
cytochrome P450 superfamily,D,descriptive_name,,,
cytochrome P450s,D,descriptive_name,,,
Cytochrome proteins,D,descriptive_name,,,
cytochrome-related genes,D,descriptive_name,,,
Cytochromes,D,descriptive_name,,,
cytokines,D,descriptive_name,,,
Cytokinin biosynthesis and signaling genes,D,descriptive_name,,,
cytokinin biosynthesis genes,D,descriptive_name,,,
cytokinin dehydrogenase,D,descriptive_name,,,
cytokinin dehydrogenase 11,D,descriptive_name,,,
cytokinin dehydrogenase 3,D,descriptive_name,,,
cytokinin dehydrogenase 3 gene,D,descriptive_name,,,
cytokinin dehydrogenase 9,D,descriptive_name,,,
cytokinin dehydrogenase genes,D,descriptive_name,,,
cytokinin dehydrogenases,D,descriptive_name,,,
cytokinin hydroxylase,D,descriptive_name,,,
cytokinin hydroxylase-like,D,descriptive_name,,,
cytokinin metabolism-related genes,D,descriptive_name,,,
cytokinin oxidase,D,descriptive_name,,,
cytokinin oxidase/dehydrogenase,D,descriptive_name,,,
cytokinin oxidase/dehydrogenase enzymes,D,descriptive_name,,,
cytokinin oxidase/dehydrogenase genes,D,descriptive_name,,,
cytokinin oxidases,D,descriptive_name,,,
cytokinin receptor,D,descriptive_name,,,
cytokinin receptor 1,D,descriptive_name,,,
cytokinin receptor gene,D,descriptive_name,,,
cytokinin receptor histidine kinase,D,descriptive_name,,,
cytokinin receptor Histidine kinase 3,D,descriptive_name,,,
cytokinin receptors,D,descriptive_name,,,
Cytokinin Response Factors,D,descriptive_name,,,
cytokinin response genes,D,descriptive_name,,,
cytokinin responsive elements,D,descriptive_name,,,
cytokinin trans-hydroxylase,D,descriptive_name,,,
cytokinin-O-glucosyltransferase,D,descriptive_name,,,
cytokinin-O-glucosyltransferases,D,descriptive_name,,,
cytokinin-related DEGs,D,descriptive_name,,,
cytokinin-related genes,D,descriptive_name,,,
cytokinin-related UGTs,D,descriptive_name,,,
cytokinin-repressed protein,D,descriptive_name,,,
cytokinin-responsive elements,D,descriptive_name,,,
cytokinin-responsive factor,D,descriptive_name,,,
cytokinin-responsive genes,D,descriptive_name,,,
cytokinine,D,descriptive_name,,,
cytoplasmic aldolase-type proteins,D,descriptive_name,,,
cytoplasmic aspartate aminotransferase,D,descriptive_name,,,
cytoplasmic esterases,D,descriptive_name,,,
cytoplasmic FBA,D,descriptive_name,,,
cytoplasmic HSP70,D,descriptive_name,,,
cytoplasmic invertase,D,descriptive_name,,,
cytoplasmic malate dehydrogenase,D,descriptive_name,,,
cytoplasmic stress protein,D,descriptive_name,,,
cytoprotective enzymes,D,descriptive_name,,,
cytoprotective proteins,D,descriptive_name,,,
cytosolic,D,descriptive_name,,,
Cytosolic ACO,D,descriptive_name,,,
cytosolic AGPase,D,descriptive_name,,,
cytosolic APX,D,descriptive_name,,,
cytosolic APX1 protein,D,descriptive_name,,,
cytosolic ascorbate peroxidase,D,descriptive_name,,,
Cytosolic ascorbate peroxidase (spot 43),D,descriptive_name,,,
cytosolic ascorbate peroxidase 1,D,descriptive_name,,,
cytosolic ascorbate peroxidase 2,D,descriptive_name,,,
Cytosolic ascorbate peroxidase genes,D,descriptive_name,,,
cytosolic class I,D,descriptive_name,,,
cytosolic class I small heat shock proteins,D,descriptive_name,,,
cytosolic class I small HSP gene,D,descriptive_name,,,
cytosolic class II,D,descriptive_name,,,
cytosolic class II small heat shock protein,D,descriptive_name,,,
cytosolic enzyme GS1,D,descriptive_name,,,
cytosolic enzymes,D,descriptive_name,,,
cytosolic form,D,descriptive_name,,,
"cytosolic fructose-1,6-bisphosphatase",D,descriptive_name,,,
cytosolic glutamine synthetase,D,descriptive_name,,,
cytosolic h-type thioredoxin,D,descriptive_name,,,
cytosolic heat shock proteins,D,descriptive_name,,,
cytosolic invertases,D,descriptive_name,,,
cytosolic isocitrate dehydrogenase,D,descriptive_name,,,
cytosolic peroxidase,D,descriptive_name,,,
cytosolic pyruvate kinase,D,descriptive_name,,,
cytosolic redox sensors,D,descriptive_name,,,
cytosolic small heat shock protein gene,D,descriptive_name,,,
cytosolic SOD,D,descriptive_name,,,
cytosolic superoxide dismutase,D,descriptive_name,,,
cytosolic superoxide dismutase 4,D,descriptive_name,,,
cytosolic triose phosphate isomerase,D,descriptive_name,,,
Cytosolic triosephosphate isomerase,D,descriptive_name,,,
CZF1,C,bare_gene_symbol,,,
CZF1/ZFAR1,D,descriptive_name,,,
D,E,noise_too_short,,,
d mitochondrial,D,descriptive_name,,,
D-3-phosphoglycerate dehydrogenase,D,descriptive_name,,,
d-amino acid oxidase,D,descriptive_name,,,
D-clade phosphatases,D,descriptive_name,,,
D-cysteine desulfhydrase,D,descriptive_name,,,
D-galacturonic acid reductase 1,D,descriptive_name,,,
D-glycerate 3-kinase,D,descriptive_name,,,
d-mannose epimerase,D,descriptive_name,,,
d-myo-inositol 3-phosphate synthase,D,descriptive_name,,,
D-myo-inositol-3-phosphate synthase,D,descriptive_name,,,
"D-phosphoglycerate 2,3-phosphomutase",D,descriptive_name,,,
D-sorbitol-6-phosphate dehydrogenase,D,descriptive_name,,,
D-type cyclins,D,descriptive_name,,,
d/l-CD,D,descriptive_name,,,
d/l-cysteine desulfhydrase,D,descriptive_name,,,
D1,E,noise_too_short,,,
D1 protein,D,descriptive_name,,,
D1 proteins,D,descriptive_name,,,
D1 subfamily Cycling Dof Factor,D,descriptive_name,,,
D1 subfamily Dof transcription factor,D,descriptive_name,,,
D1 subunit,D,descriptive_name,,,
d10,D,descriptive_name,,,
D14,C,bare_gene_symbol,,,
D14 receptor,D,descriptive_name,,,
D14 receptors,D,descriptive_name,,,
d17,D,descriptive_name,,,
D1FR,C,bare_gene_symbol,,,
D1MN58,A,uniprot_accession,,,
D1–D2 heterodimer,D,descriptive_name,,,
D2,E,noise_too_short,,,
D2 reaction center polypeptide,D,descriptive_name,,,
D27,C,bare_gene_symbol,,,
D27 protein,D,descriptive_name,,,
D29,C,bare_gene_symbol,,,
D3,E,noise_too_short,,,
D34,C,bare_gene_symbol,,,
D4,E,noise_too_short,,,
D46,C,bare_gene_symbol,,,
D5,E,noise_too_short,,,
D5-HA-OX,D,descriptive_name,,,
D53,C,bare_gene_symbol,,,
D53-RFP,D,descriptive_name,,,
D57,C,bare_gene_symbol,,,
D58,C,bare_gene_symbol,,,
D6 phosphatases,D,descriptive_name,,,
D62,C,bare_gene_symbol,,,
D63,C,bare_gene_symbol,,,
D6PKL,C,bare_gene_symbol,,,
D7,E,noise_too_short,,,
D8,E,noise_too_short,,,
Da-dio1,D,descriptive_name,,,
Da-dio2,D,descriptive_name,,,
Da-dio3,D,descriptive_name,,,
Da-dio4,D,descriptive_name,,,
Da-dio5,D,descriptive_name,,,
dad1,D,descriptive_name,,,
DAD1-like lipase,D,descriptive_name,,,
DAD1-like lipases,D,descriptive_name,,,
DAG kinase,D,descriptive_name,,,
DAG kinases,D,descriptive_name,,,
DAG-CPT,D,descriptive_name,,,
DAG-EPT,D,descriptive_name,,,
DAG:cholinephosphotransferase,D,descriptive_name,,,
DAG:CPT,D,descriptive_name,,,
DAG:CPT1,D,descriptive_name,,,
DAG:CPT2,D,descriptive_name,,,
DAG:CPTs,D,descriptive_name,,,
DAGAT,C,bare_gene_symbol,,,
DAGK,C,bare_gene_symbol,,,
DAHP synthase,D,descriptive_name,,,
DAHPS,C,bare_gene_symbol,,,
DAHR,C,bare_gene_symbol,,,
DAISY,C,bare_gene_symbol,,,
DALLs,D,descriptive_name,,,
DAO,C,bare_gene_symbol,,,
DAO enzymes,D,descriptive_name,,,
DAO1,C,bare_gene_symbol,,,
DAOs,D,descriptive_name,,,
DapC,D,descriptive_name,,,
DAR2,C,bare_gene_symbol,,,
dark magenta gene module,D,descriptive_name,,,
dark magenta module,D,descriptive_name,,,
dark magenta WGCNA modules,D,descriptive_name,,,
DAS,C,bare_gene_symbol,,,
DBAT,C,bare_gene_symbol,,,
DBB,C,bare_gene_symbol,,,
DBD,C,bare_gene_symbol,,,
DBE,C,bare_gene_symbol,,,
DBEs,D,descriptive_name,,,
dbf1,D,descriptive_name,,,
DbhB,D,descriptive_name,,,
DbhE,D,descriptive_name,,,
DbhF,D,descriptive_name,,,
DBT,C,bare_gene_symbol,,,
DBTNBT,C,bare_gene_symbol,,,
Dc_14879,D,descriptive_name,,,
Dc_17123,D,descriptive_name,,,
Dc_21144,D,descriptive_name,,,
Dc_25550,D,descriptive_name,,,
Dc_34653,D,descriptive_name,,,
Dc_4138,D,descriptive_name,,,
Dc_61406,D,descriptive_name,,,
Dc_8940,D,descriptive_name,,,
Dc_89516,D,descriptive_name,,,
Dc_89779,D,descriptive_name,,,
Dc_91245,D,descriptive_name,,,
DCAF proteins,D,descriptive_name,,,
DcaHsf gene,D,descriptive_name,,,
DcaHsf genes,D,descriptive_name,,,
DcaHsf promoters,D,descriptive_name,,,
DcaHsf-A3,B,species_prefix_Dca,Dca,Hsf-A3,
DcaHsf-A5,B,species_prefix_Dca,Dca,Hsf-A5,
DcaHsf-A9a,B,species_prefix_Dca,Dca,Hsf-A9a,
DcaHsf-C1,B,species_prefix_Dca,Dca,Hsf-C1,
DcATP6,B,species_prefix_Dc,Dc,ATP6,
DcATP9,B,species_prefix_Dc,Dc,ATP9,
DcATPβ,D,descriptive_name,,,
DCD,C,bare_gene_symbol,,,
DchGRAS gene family,D,descriptive_name,,,
DchGRAS genes,D,descriptive_name,,,
DcLac1,B,species_prefix_Dc,Dc,Lac1,
DcLac2,B,species_prefix_Dc,Dc,Lac2,
DcNad2,B,species_prefix_Dc,Dc,Nad2,
DcNad5,B,species_prefix_Dc,Dc,Nad5,
DcNad9,B,species_prefix_Dc,Dc,Nad9,
DCP1,C,bare_gene_symbol,,,
dcp1-3,D,descriptive_name,,,
DCP2,C,bare_gene_symbol,,,
DCT2,C,bare_gene_symbol,,,
dcyD,D,descriptive_name,,,
ddb1a,D,descriptive_name,,,
DDB1B,C,bare_gene_symbol,,,
ddb1b-2,D,descriptive_name,,,
DDC,C,bare_gene_symbol,,,
dde2-2,D,descriptive_name,,,
DDF1,C,bare_gene_symbol,,,
DDF1 orthologues,D,descriptive_name,,,
DDM1,C,bare_gene_symbol,,,
de-epoxidase,D,descriptive_name,,,
de-epoxidase enzyme,D,descriptive_name,,,
deacetylase,D,descriptive_name,,,
deacetylases,D,descriptive_name,,,
DEAD box RNA helicase,D,descriptive_name,,,
DEAD-box ATP-dependent RNA helicase family proteins,D,descriptive_name,,,
DEAD-box helicases,D,descriptive_name,,,
DEAD-box RNA helicase,D,descriptive_name,,,
DEAD/DEAH box helicases,D,descriptive_name,,,
debranching enzyme,D,descriptive_name,,,
decarboxylases,D,descriptive_name,,,
dechelatase,D,descriptive_name,,,
DECs,D,descriptive_name,,,
defense enzymes,D,descriptive_name,,,
defense gene,D,descriptive_name,,,
defense genes,D,descriptive_name,,,
defense protein,D,descriptive_name,,,
defense proteins,D,descriptive_name,,,
defense-inducing genes,D,descriptive_name,,,
defense-linked genes,D,descriptive_name,,,
defense-related cis-elements,D,descriptive_name,,,
defense-related enzymes,D,descriptive_name,,,
defense-related gene,D,descriptive_name,,,
defense-related genes,D,descriptive_name,,,
defense-related Heat Shock Protein genes,D,descriptive_name,,,
defense-related proteins,D,descriptive_name,,,
defense-related transcription factors,D,descriptive_name,,,
defense-responsive genes,D,descriptive_name,,,
Defensin,D,descriptive_name,,,
defensin-like,D,descriptive_name,,,
Defensins,D,descriptive_name,,,
defensive enzymes,D,descriptive_name,,,
defensive genes,D,descriptive_name,,,
defensive proteins,D,descriptive_name,,,
DEG,C,bare_gene_symbol,,,
Deg1,C,bare_gene_symbol,,,
Deg5,C,bare_gene_symbol,,,
Deg5 (S266A),D,descriptive_name,,,
Deg8,C,bare_gene_symbol,,,
degradation,D,descriptive_name,,,
degradation genes,D,descriptive_name,,,
degrading enzyme,D,descriptive_name,,,
degrading enzymes,D,descriptive_name,,,
DEGs,D,descriptive_name,,,
DEGs related to ABA,D,descriptive_name,,,
dehydratase family gene,D,descriptive_name,,,
dehydration-responsive element binding protein,D,descriptive_name,,,
dehydration-responsive element-binding transcription factor,D,descriptive_name,,,
dehydration-responsive elements,D,descriptive_name,,,
dehydration-responsive genes,D,descriptive_name,,,
dehydrin,D,descriptive_name,,,
dehydrin COR410,D,descriptive_name,,,
dehydrin gene,D,descriptive_name,,,
dehydrin genes,D,descriptive_name,,,
dehydrin isoforms,D,descriptive_name,,,
dehydrin protein,D,descriptive_name,,,
dehydrin proteins,D,descriptive_name,,,
dehydrin8,D,descriptive_name,,,
dehydrins,D,descriptive_name,,,
dehydroascorbate reductase,D,descriptive_name,,,
dehydroascorbate reductase 1,D,descriptive_name,,,
DEHYDROASCORBATE REDUCTASE 3,D,descriptive_name,,,
dehydroascorbate reductases,D,descriptive_name,,,
dehydroascorbic acid reductase,D,descriptive_name,,,
dehydroascorbic reductase,D,descriptive_name,,,
dehydroflavonols 4-reductase,D,descriptive_name,,,
dehydrogenase,D,descriptive_name,,,
dehydrogenase carboxylase,D,descriptive_name,,,
dehydrogenase respiratory enzymes,D,descriptive_name,,,
dehydrogenase/reductase SDR family,D,descriptive_name,,,
dehydrogenases,D,descriptive_name,,,
Del 2,D,descriptive_name,,,
Del 2 fragment,D,descriptive_name,,,
Del 3 fragments,D,descriptive_name,,,
DELLA,C,bare_gene_symbol,,,
DELLA factor,D,descriptive_name,,,
DELLA factors,D,descriptive_name,,,
DELLA family member,D,descriptive_name,,,
DELLA genes,D,descriptive_name,,,
DELLA group,D,descriptive_name,,,
DELLA protein,D,descriptive_name,,,
DELLA protein GAI,D,descriptive_name,,,
DELLA proteins,D,descriptive_name,,,
DELLA repressor,D,descriptive_name,,,
DELLA repressor protein,D,descriptive_name,,,
DELLA repressor proteins,D,descriptive_name,,,
DELLA repressors,D,descriptive_name,,,
DELLA subfamily,D,descriptive_name,,,
DELLA unigenes,D,descriptive_name,,,
DELLAs,D,descriptive_name,,,
delta,D,descriptive_name,,,
Delta (24)-sterol reductase,D,descriptive_name,,,
delta 1 pyrroline-5-carboxylate synthase,D,descriptive_name,,,
delta 1-pyrroline-5-carboxylate synthase,D,descriptive_name,,,
delta 1-pyrroline-5-carboxylate synthase 2,D,descriptive_name,,,
delta 1-pyrroline-5-carboxylate synthetase,D,descriptive_name,,,
Delta 8 sphingolipid desaturase,D,descriptive_name,,,
delta tonoplast intrinsic protein TIP2;1,D,descriptive_name,,,
Delta(24)-sterol reductase,D,descriptive_name,,,
delta-(12)-acyl-lipid-desaturase,D,descriptive_name,,,
delta-1-pyrroline-5-carboxylate dehydrogenase,D,descriptive_name,,,
delta-1-pyrroline-5-carboxylate synthase,D,descriptive_name,,,
Delta-1-pyrroline-5-carboxylate synthase 2,D,descriptive_name,,,
delta-1-pyrroline-5-carboxylate synthase A,D,descriptive_name,,,
delta-1-pyrroline-5-carboxylate synthetase,D,descriptive_name,,,
delta-15 fatty acid desaturase,D,descriptive_name,,,
delta-5 desaturase,D,descriptive_name,,,
delta-7 desaturase,D,descriptive_name,,,
delta-9 fatty acid desaturase,D,descriptive_name,,,
delta-9-desaturase,D,descriptive_name,,,
delta-9-stearoyl-ACP desaturase,D,descriptive_name,,,
delta-aminolevulinic acid dehydratase,D,descriptive_name,,,
delta-aminolevulinic acid synthase,D,descriptive_name,,,
delta-endotoxin Cry8Ea1 family protein,D,descriptive_name,,,
delta-fatty acid desaturases,D,descriptive_name,,,
delta-guaiene synthases,D,descriptive_name,,,
delta-guaiene synthases gene,D,descriptive_name,,,
delta-selinene synthase,D,descriptive_name,,,
delta-selinene-like synthases,D,descriptive_name,,,
Delta1-pyrroline-5-carboxylate reductase,D,descriptive_name,,,
delta1-pyrroline-5-carboxylate synthase 1,D,descriptive_name,,,
Delta1-pyrroline-5-carboxylate synthetase,D,descriptive_name,,,
Delta5-desaturase,D,descriptive_name,,,
Delta6-desaturase,D,descriptive_name,,,
Delta6-elongase,D,descriptive_name,,,
demethylases,D,descriptive_name,,,
denatured proteins,D,descriptive_name,,,
deneddylase,D,descriptive_name,,,
DenHsp20,B,species_prefix_Den,Den,Hsp20,
DenHsp20-5,B,species_prefix_Den,Den,Hsp20-5,
DenHsp70,B,species_prefix_Den,Den,Hsp70,
DenHsp70-4,B,species_prefix_Den,Den,Hsp70-4,
DenHsp90,B,species_prefix_Den,Den,Hsp90,
Deoxyuridine 5'-triphosphate nucleotide hydrolase,D,descriptive_name,,,
deoxyuridine 5'-triphosphate nucleotidohydrolase,D,descriptive_name,,,
DEOXYXYLULOSE 5-PHOSPHATE REDUCTOISOMERASE,D,descriptive_name,,,
deoxyxylulose 5-phosphate synthase,D,descriptive_name,,,
dephosphorylation enzymes,D,descriptive_name,,,
DEPs,D,descriptive_name,,,
DES,C,bare_gene_symbol,,,
DesA-D,D,descriptive_name,,,
desaturase,D,descriptive_name,,,
desaturase enzyme,D,descriptive_name,,,
desaturase enzymes,D,descriptive_name,,,
desaturase genes,D,descriptive_name,,,
desaturases,D,descriptive_name,,,
desaturating enzymes,D,descriptive_name,,,
"desaturating, oxidizing, and acylating enzymes",D,descriptive_name,,,
desaturation genes,D,descriptive_name,,,
desC1,D,descriptive_name,,,
desferrioxamine E,D,descriptive_name,,,
desiccation-related proteins,D,descriptive_name,,,
DET1,C,bare_gene_symbol,,,
DET2,C,bare_gene_symbol,,,
detoxification enzymes,D,descriptive_name,,,
detoxification genes,D,descriptive_name,,,
detoxifying antioxidant enzyme,D,descriptive_name,,,
detoxifying enzyme,D,descriptive_name,,,
detoxifying enzymes,D,descriptive_name,,,
development-related genes,D,descriptive_name,,,
DEWAX,C,bare_gene_symbol,,,
DfFPS,B,species_prefix_Df,Df,FPS,
DfFPS genes,D,descriptive_name,,,
DfFPS proteins,D,descriptive_name,,,
DfFPS1,B,species_prefix_Df,Df,FPS1,
DfFPS2,B,species_prefix_Df,Df,FPS2,
DfHMGR,B,species_prefix_Df,Df,HMGR,
DfHMGR gene family,D,descriptive_name,,,
DfHMGR genes,D,descriptive_name,,,
DfHMGR promoters,D,descriptive_name,,,
DfHMGR proteins,D,descriptive_name,,,
DfHMGR1,B,species_prefix_Df,Df,HMGR1,
DfHMGR1 gene,D,descriptive_name,,,
DfHMGR2,B,species_prefix_Df,Df,HMGR2,
DfHMGR3,B,species_prefix_Df,Df,HMGR3,
DfPRK gene,D,descriptive_name,,,
DFR,C,bare_gene_symbol,,,
DFR gene,D,descriptive_name,,,
DFR promoter,D,descriptive_name,,,
DFR1,C,bare_gene_symbol,,,
DFR2,C,bare_gene_symbol,,,
DfRaf,B,species_prefix_Df,Df,Raf,
DfRaf gene,D,descriptive_name,,,
DG acyltransferase,D,descriptive_name,,,
DG kinases,D,descriptive_name,,,
DGAT,C,bare_gene_symbol,,,
DGAT enzymes,D,descriptive_name,,,
DGAT genes,D,descriptive_name,,,
DGAT1,C,bare_gene_symbol,,,
DGAT1A,C,bare_gene_symbol,,,
DGAT1b,D,descriptive_name,,,
DGAT2,C,bare_gene_symbol,,,
DGAT2 enzymes,D,descriptive_name,,,
DGAT2D,C,bare_gene_symbol,,,
DGAT3,C,bare_gene_symbol,,,
DGATs,D,descriptive_name,,,
DgAXR1,B,species_prefix_Dg,Dg,AXR1,
DgCCD7,B,species_prefix_Dg,Dg,CCD7,
DgCspC,B,species_prefix_Dg,Dg,CspC,
DGD,C,bare_gene_symbol,,,
DGD1,C,bare_gene_symbol,,,
DGD2,C,bare_gene_symbol,,,
DGDG synthase 1,D,descriptive_name,,,
DGDG synthases,D,descriptive_name,,,
DGDG synthesis genes,D,descriptive_name,,,
DGDs,D,descriptive_name,,,
DgHAB1,B,species_prefix_Dg,Dg,HAB1,
DgIPT3,B,species_prefix_Dg,Dg,IPT3,
DGK,C,bare_gene_symbol,,,
DgMAX2,B,species_prefix_Dg,Dg,MAX2,
DgPDS1,B,species_prefix_Dg,Dg,PDS1,
DgPIN1,B,species_prefix_Dg,Dg,PIN1,
DGS1,C,bare_gene_symbol,,,
DGTA,C,bare_gene_symbol,,,
dgtt1,D,descriptive_name,,,
DHA reductase,D,descriptive_name,,,
DHAR,C,bare_gene_symbol,,,
DHAR gene,D,descriptive_name,,,
DHAR1,C,bare_gene_symbol,,,
DHAR1 gene,D,descriptive_name,,,
DHAR2,C,bare_gene_symbol,,,
DHAR3,C,bare_gene_symbol,,,
dhbB,D,descriptive_name,,,
dhcA,D,descriptive_name,,,
dhcAB operon,D,descriptive_name,,,
dhcB,D,descriptive_name,,,
dhcR,D,descriptive_name,,,
DHHC09,C,bare_gene_symbol,,,
DHN,C,bare_gene_symbol,,,
DHN K-segments,D,descriptive_name,,,
Dhn1,C,bare_gene_symbol,,,
Dhn13,C,bare_gene_symbol,,,
DHN2,C,bare_gene_symbol,,,
DHN3,C,bare_gene_symbol,,,
DHN5,C,bare_gene_symbol,,,
DHN8,C,bare_gene_symbol,,,
DHN9,C,bare_gene_symbol,,,
DHNs,D,descriptive_name,,,
DhPLR1,B,species_prefix_Dh,Dh,PLR1,
DI,E,noise_too_short,,,
DI19,C,bare_gene_symbol,,,
diacyl-glycerol kinase,D,descriptive_name,,,
diacylglycerol acetyltransferase WSD1,D,descriptive_name,,,
diacylglycerol acyltransferase,D,descriptive_name,,,
diacylglycerol acyltransferase 1,D,descriptive_name,,,
DIACYLGLYCEROL ACYLTRANSFERASE 2,D,descriptive_name,,,
diacylglycerol acyltransferases,D,descriptive_name,,,
diacylglycerol cholinephosphotransferase 1,D,descriptive_name,,,
diacylglycerol kinase,D,descriptive_name,,,
diacylglycerol kinase 4-like,D,descriptive_name,,,
diacylglycerol kinase 4-like phosphoprotein,D,descriptive_name,,,
diacylglycerol O-acyltransferase,D,descriptive_name,,,
diamine oxidase,D,descriptive_name,,,
diaminopimelate epimerase,D,descriptive_name,,,
DIC,C,bare_gene_symbol,,,
dicarboxylate carrier,D,descriptive_name,,,
dicarboxylate transporter,D,descriptive_name,,,
Dienelactone hydrolase,D,descriptive_name,,,
differential genes,D,descriptive_name,,,
Differential proteins,D,descriptive_name,,,
differentially expressed circRNAs,D,descriptive_name,,,
differentially expressed circular RNAs,D,descriptive_name,,,
differentially expressed gene,D,descriptive_name,,,
differentially expressed genes,D,descriptive_name,,,
differentially expressed protein,D,descriptive_name,,,
Differentially expressed proteins,D,descriptive_name,,,
differentially methylated genes,D,descriptive_name,,,
differentially reacting genes,D,descriptive_name,,,
digalactosyldiacylglycerol synthase 1,D,descriptive_name,,,
dihydroflavonol 4-reductase,D,descriptive_name,,,
dihydroflavonol 4-reductases,D,descriptive_name,,,
dihydroflavonol reductase,D,descriptive_name,,,
dihydroflavonol reductase gene,D,descriptive_name,,,
dihydroflavonol reductase genes,D,descriptive_name,,,
Dihydroflavonol-4-reductase,D,descriptive_name,,,
dihydrolipoamide dehydrogenase,D,descriptive_name,,,
dihydrolipoyl dehydrogenase,D,descriptive_name,,,
Dihydrolipoyllysine-residue acetyltransferase,D,descriptive_name,,,
dihydropyrimidine dehydrogenase,D,descriptive_name,,,
dihyrolipoamide branched chain transacylase E2,D,descriptive_name,,,
DII-Venus,D,descriptive_name,,,
DII-VENUS marker,D,descriptive_name,,,
DII-VENUS markers,D,descriptive_name,,,
DIL1 protein,D,descriptive_name,,,
DIM,C,bare_gene_symbol,,,
DIMBOA glucosidases,D,descriptive_name,,,
DIMBOA UDP-glucosyltransferase BX8,D,descriptive_name,,,
DIN10,C,bare_gene_symbol,,,
DIN3,C,bare_gene_symbol,,,
dinitrogenase reductase enzyme,D,descriptive_name,,,
Dinv14422,C,bare_gene_symbol,,,
Dinv17401,C,bare_gene_symbol,,,
Dinv22790,C,bare_gene_symbol,,,
Dinv44528,C,bare_gene_symbol,,,
dioxygenase,D,descriptive_name,,,
dioxygenase superfamily,D,descriptive_name,,,
Diphosphate-dependent phosphofructokinase,D,descriptive_name,,,
diphospho-MVA decarboxylase,D,descriptive_name,,,
DIR,C,bare_gene_symbol,,,
DIR gene,D,descriptive_name,,,
DIR genes,D,descriptive_name,,,
DIR proteins,D,descriptive_name,,,
DIR-a subfamily proteins,D,descriptive_name,,,
DIR5,C,bare_gene_symbol,,,
dirigent,D,descriptive_name,,,
dirigent protein 5,D,descriptive_name,,,
Dirigent protein 6-like,D,descriptive_name,,,
dirigent proteins,D,descriptive_name,,,
DIRs,D,descriptive_name,,,
disease resistance genes,D,descriptive_name,,,
disease-related protein genes,D,descriptive_name,,,
disulfide isomerase,D,descriptive_name,,,
DIT2,C,bare_gene_symbol,,,
diterpene synthases,D,descriptive_name,,,
diterpenoid-related genes,D,descriptive_name,,,
DJ-1 homolog,D,descriptive_name,,,
DkbZIP5 transcription factor,D,descriptive_name,,,
DkMyb4 gene,D,descriptive_name,,,
Dl4CL,D,descriptive_name,,,
DlARF10,B,species_prefix_Dl,Dl,ARF10,
DlARF16,B,species_prefix_Dl,Dl,ARF16,
DlARF17,B,species_prefix_Dl,Dl,ARF17,
DlARF3/4,D,descriptive_name,,,
DLAT,C,bare_gene_symbol,,,
DlCCR,B,species_prefix_Dl,Dl,CCR,
DlCHS,B,species_prefix_Dl,Dl,CHS,
DlERF6,B,species_prefix_Dl,Dl,ERF6,
DlF3H,B,species_prefix_Dl,Dl,F3H,
DlFLS,B,species_prefix_Dl,Dl,FLS,
DlGH3.5,D,descriptive_name,,,
DlGLP gene family,D,descriptive_name,,,
DlGLP genes,D,descriptive_name,,,
DlGLP1-5-1,B,species_prefix_Dl,Dl,GLP1-5-1,
DlGLP1-5–1,D,descriptive_name,,,
DlGLP5-7-4,B,species_prefix_Dl,Dl,GLP5-7-4,
DlGLP5-8-2,B,species_prefix_Dl,Dl,GLP5-8-2,
DlGLPs,B,species_prefix_Dl,Dl,GLPs,
DlPAL,B,species_prefix_Dl,Dl,PAL,
DlRan3A,B,species_prefix_Dl,Dl,Ran3A,
DlRan3B,B,species_prefix_Dl,Dl,Ran3B,
DLT,C,bare_gene_symbol,,,
DLT gene,D,descriptive_name,,,
DLT subfamily gene,D,descriptive_name,,,
DLT subfamily genes,D,descriptive_name,,,
DlTAS3,B,species_prefix_Dl,Dl,TAS3,
DME,C,bare_gene_symbol,,,
DMG,C,bare_gene_symbol,,,
DMGs,D,descriptive_name,,,
DMK,C,bare_gene_symbol,,,
DML2,C,bare_gene_symbol,,,
DML3,C,bare_gene_symbol,,,
DN10505,C,bare_gene_symbol,,,
DN15471,C,bare_gene_symbol,,,
DN174,C,bare_gene_symbol,,,
DN54719,C,bare_gene_symbol,,,
DNA,C,bare_gene_symbol,,,
DNA binding proteins,D,descriptive_name,,,
DNA gyrase,D,descriptive_name,,,
DNA methyltransferase,D,descriptive_name,,,
DNA methyltransferases,D,descriptive_name,,,
DNA Pol λ,D,descriptive_name,,,
DNA topoisomerases,D,descriptive_name,,,
DNA-binding domain,D,descriptive_name,,,
DNAJ,C,bare_gene_symbol,,,
DnaJ cochaperones,D,descriptive_name,,,
DnaJ family genes,D,descriptive_name,,,
DnaJ gene,D,descriptive_name,,,
DnaJ genes,D,descriptive_name,,,
DNAJ heat shock protein,D,descriptive_name,,,
DnaJ heat shock proteins,D,descriptive_name,,,
DnaJ HSP-like proteins,D,descriptive_name,,,
DnaJ protein,D,descriptive_name,,,
DnaJ proteins,D,descriptive_name,,,
DnaJ-like chaperone,D,descriptive_name,,,
DnaJ-like zinc finger protein OR,D,descriptive_name,,,
DnaJ/Hsp70 machinery,D,descriptive_name,,,
DNAJC,C,bare_gene_symbol,,,
DnaK,D,descriptive_name,,,
dnd1,D,descriptive_name,,,
Dnf1p,D,descriptive_name,,,
Dnf2p,D,descriptive_name,,,
DnSIZ1,B,species_prefix_Dn,Dn,SIZ1,
DODA,C,bare_gene_symbol,,,
Dof,D,descriptive_name,,,
DOF family,D,descriptive_name,,,
DOF genes,D,descriptive_name,,,
Dof transcription factor,D,descriptive_name,,,
Dof transcription factors,D,descriptive_name,,,
DOF5.7,C,bare_gene_symbol,,,
DOF6,C,bare_gene_symbol,,,
DOG1,C,bare_gene_symbol,,,
DOG1 protein,D,descriptive_name,,,
DOG1-like family genes,D,descriptive_name,,,
DoGMP1,B,species_prefix_Do,Do,GMP1,
Domain I,D,descriptive_name,,,
DON biosynthetic enzymes,D,descriptive_name,,,
down-regulated genes,D,descriptive_name,,,
downregulated genes,D,descriptive_name,,,
downstream effectors,D,descriptive_name,,,
downstream genes,D,descriptive_name,,,
downstream protective genes,D,descriptive_name,,,
DOX1,C,bare_gene_symbol,,,
DPBF5,C,bare_gene_symbol,,,
DPBFCOREDCDC3,D,descriptive_name,,,
DPE1,C,bare_gene_symbol,,,
DPW,C,bare_gene_symbol,,,
DR,E,noise_too_short,,,
DR5,C,bare_gene_symbol,,,
DR5 reporters,D,descriptive_name,,,
DR5-GUS,D,descriptive_name,,,
DR5-reporter systems,D,descriptive_name,,,
DR5::GFP,D,descriptive_name,,,
DR5::GUS,D,descriptive_name,,,
DR5::GUS reporter system,D,descriptive_name,,,
DR5::GUS-bzr4,D,descriptive_name,,,
DR5::N7-VENUS,D,descriptive_name,,,
DR5:GFP,D,descriptive_name,,,
DR5:GUS,D,descriptive_name,,,
DR5:LUC,D,descriptive_name,,,
DR5rev,D,descriptive_name,,,
DR5rev::GFP,D,descriptive_name,,,
DR5v2,C,bare_gene_symbol,,,
DRE,C,bare_gene_symbol,,,
DRE core motifs,D,descriptive_name,,,
DRE cores,D,descriptive_name,,,
DRE elements,D,descriptive_name,,,
DRE motifs,D,descriptive_name,,,
DRE2COREZMRAB17,D,descriptive_name,,,
DREB,C,bare_gene_symbol,,,
DREB factors,D,descriptive_name,,,
DREB genes,D,descriptive_name,,,
DREB proteins,D,descriptive_name,,,
DREB transcription factors,D,descriptive_name,,,
DREB-type,D,descriptive_name,,,
DREB-type regulators,D,descriptive_name,,,
DREB-type transcription factors,D,descriptive_name,,,
DREB/AP2-type transcription factor,D,descriptive_name,,,
DREB/CBF factors,D,descriptive_name,,,
DREB1,C,bare_gene_symbol,,,
DREB1 transcription factor,D,descriptive_name,,,
DREB1A,C,bare_gene_symbol,,,
DREB1a transcription factor,D,descriptive_name,,,
DREB1b,D,descriptive_name,,,
DREB1D-F1,D,descriptive_name,,,
DREB1E,C,bare_gene_symbol,,,
DREB2A,C,bare_gene_symbol,,,
DREB2B,C,bare_gene_symbol,,,
DREB3,C,bare_gene_symbol,,,
DREBA1 subfamily,D,descriptive_name,,,
DREBs,D,descriptive_name,,,
DRG,C,bare_gene_symbol,,,
DRGs,D,descriptive_name,,,
DRM1,C,bare_gene_symbol,,,
DRM2,C,bare_gene_symbol,,,
Drought and Salt Tolerance,D,descriptive_name,,,
drought memory gene,D,descriptive_name,,,
drought memory gene ortholog groups,D,descriptive_name,,,
drought memory genes,D,descriptive_name,,,
drought-inducible genes,D,descriptive_name,,,
drought-resistance genes,D,descriptive_name,,,
drought-responsive elements,D,descriptive_name,,,
drought-responsive gene,D,descriptive_name,,,
drought-responsive genes,D,descriptive_name,,,
drought-responsive regulatory gene,D,descriptive_name,,,
Drs2p,D,descriptive_name,,,
DRT100,C,bare_gene_symbol,,,
drug-resistance genes,D,descriptive_name,,,
DSF synthase,D,descriptive_name,,,
dsr1,D,descriptive_name,,,
DsRed,B,species_prefix_Ds,Ds,Red,
DST,C,bare_gene_symbol,,,
DST protein,D,descriptive_name,,,
DST transcription factor,D,descriptive_name,,,
DTC isogenes,D,descriptive_name,,,
"dTDP-glucose 4,6-dehydratase",D,descriptive_name,,,
DTM1,C,bare_gene_symbol,,,
DTNB-GSSG reductase,D,descriptive_name,,,
DTX,C,bare_gene_symbol,,,
dual-affinity nitrate transporters,D,descriptive_name,,,
DUF genes,D,descriptive_name,,,
DUF1768 domain,D,descriptive_name,,,
DUF1768 protein domain,D,descriptive_name,,,
DUF221,C,bare_gene_symbol,,,
DUF2921,C,bare_gene_symbol,,,
DUF538 domain-containing protein,D,descriptive_name,,,
DUF538 genes,D,descriptive_name,,,
DUF642 proteins,D,descriptive_name,,,
DUR3s,D,descriptive_name,,,
dUTP diphosphatase gene,D,descriptive_name,,,
DVR,C,bare_gene_symbol,,,
DWA1,C,bare_gene_symbol,,,
DWA2,C,bare_gene_symbol,,,
DWA3,C,bare_gene_symbol,,,
DWARF 4,D,descriptive_name,,,
DWARF14,C,bare_gene_symbol,,,
DWARF27,C,bare_gene_symbol,,,
DWARF4,C,bare_gene_symbol,,,
DWF1,C,bare_gene_symbol,,,
DWF4,C,bare_gene_symbol,,,
DWF5,C,bare_gene_symbol,,,
DXP synthase,D,descriptive_name,,,
DXPS,C,bare_gene_symbol,,,
DXR,C,bare_gene_symbol,,,
DXS,C,bare_gene_symbol,,,
DXS gene,D,descriptive_name,,,
DXS2,C,bare_gene_symbol,,,
DY307167,C,bare_gene_symbol,,,
dynein motors,D,descriptive_name,,,
DZ-HRGP,D,descriptive_name,,,
dzs10,D,descriptive_name,,,
dzs18,D,descriptive_name,,,
e,E,noise_too_short,,,
e-LCY,D,descriptive_name,,,
E. coli AlkB protein,D,descriptive_name,,,
E. coli RNAse H1,D,descriptive_name,,,
e/f,D,descriptive_name,,,
E1,E,noise_too_short,,,
E1 alpha subunit,D,descriptive_name,,,
E1 alpha subunit gene,D,descriptive_name,,,
E1 enzymes,D,descriptive_name,,,
E1 subunit-like 2-oxoglutarate dehydrogenase,D,descriptive_name,,,
E1-mediated activation,D,descriptive_name,,,
E1.11.1.7,D,descriptive_name,,,
E1.11.1.7 genes,D,descriptive_name,,,
E2,E,noise_too_short,,,
E2 conjugating enzymes,D,descriptive_name,,,
E2 enzymes,D,descriptive_name,,,
E2 ubiquitin-conjugating enzyme,D,descriptive_name,,,
E2 ubiquitin-conjugating enzymes,D,descriptive_name,,,
E2.1.1.95,D,descriptive_name,,,
E2Fa,D,descriptive_name,,,
E3,E,noise_too_short,,,
E3 genes,D,descriptive_name,,,
E3 ligase,D,descriptive_name,,,
E3 ligase activator,D,descriptive_name,,,
E3 ligase gene,D,descriptive_name,,,
E3 ligase genes,D,descriptive_name,,,
E3 ligases,D,descriptive_name,,,
E3 SUMO ligase,D,descriptive_name,,,
E3 ubiquitin ligase,D,descriptive_name,,,
E3 ubiquitin ligase complex,D,descriptive_name,,,
E3 ubiquitin ligase components,D,descriptive_name,,,
E3 ubiquitin-ligase SINAT2-like,D,descriptive_name,,,
E3 ubiquitin-ligases,D,descriptive_name,,,
E3 ubiquitin-protein ligase,D,descriptive_name,,,
E3-SCF ligases,D,descriptive_name,,,
E4 isoform,D,descriptive_name,,,
ead1,D,descriptive_name,,,
EARLI1,C,bare_gene_symbol,,,
early auxin response genes,D,descriptive_name,,,
early ethylene-responsive α-expansin,D,descriptive_name,,,
Early Light Inducible Proteins,D,descriptive_name,,,
Early light-induced proteins,D,descriptive_name,,,
Early Light-Inducible Protein 2,D,descriptive_name,,,
Early light-inducible proteins,D,descriptive_name,,,
early response factors,D,descriptive_name,,,
early-responsive defense gene,D,descriptive_name,,,
early-responsive dehydration-stress protein,D,descriptive_name,,,
EARS,C,bare_gene_symbol,,,
EAT1,C,bare_gene_symbol,,,
EBF,C,bare_gene_symbol,,,
EBF1,C,bare_gene_symbol,,,
EBF1/2,D,descriptive_name,,,
EBF2,C,bare_gene_symbol,,,
EBP,C,bare_gene_symbol,,,
EBRI,C,bare_gene_symbol,,,
EBS::YPet,D,descriptive_name,,,
EC 1.1.1.137,D,descriptive_name,,,
EC 1.1.1.26,D,descriptive_name,,,
EC 1.1.1.4,D,descriptive_name,,,
EC 1.1.137,D,descriptive_name,,,
EC 1.10.3.1,D,descriptive_name,,,
EC 1.11.1.11,D,descriptive_name,,,
EC 1.11.1.6,D,descriptive_name,,,
EC 1.11.1.7,D,descriptive_name,,,
EC 1.15.1.1,D,descriptive_name,,,
EC 1.2.4.-,D,descriptive_name,,,
EC 1.3.1.74,D,descriptive_name,,,
EC 1.8.1.7,D,descriptive_name,,,
EC 2.1.1.14,D,descriptive_name,,,
EC 2.4.1.13,D,descriptive_name,,,
EC 2.4.1.14,D,descriptive_name,,,
EC 2.4.2.8,D,descriptive_name,,,
EC 2.7.1.40,D,descriptive_name,,,
EC 2.7.7.27,D,descriptive_name,,,
EC 3.1.1.1,D,descriptive_name,,,
EC 3.1.2.14,D,descriptive_name,,,
EC 3.1.3.1,D,descriptive_name,,,
EC 3.1.3.12,D,descriptive_name,,,
EC 3.2.1.1,D,descriptive_name,,,
EC 3.2.1.14,D,descriptive_name,,,
EC 3.2.1.145,D,descriptive_name,,,
EC 3.2.1.2,D,descriptive_name,,,
EC 3.2.1.26,D,descriptive_name,,,
EC 3.2.1.37,D,descriptive_name,,,
EC 3.2.1.55,D,descriptive_name,,,
EC 3.2.1.8,D,descriptive_name,,,
EC 3.2.1.99,D,descriptive_name,,,
EC 3.5.5.1,D,descriptive_name,,,
EC 3.6.1.1,D,descriptive_name,,,
EC 3.6.1.11,D,descriptive_name,,,
EC 4.1.1.31,D,descriptive_name,,,
EC 4.1.1.39,D,descriptive_name,,,
EC 4.1.1.5,D,descriptive_name,,,
EC 4.3.1.24,D,descriptive_name,,,
EC 5.5.1.4,D,descriptive_name,,,
EC 6.3.1.2,D,descriptive_name,,,
EC 6.4.1.2,D,descriptive_name,,,
EC 6.4.1.21,D,descriptive_name,,,
EC: 1.1.1.81,D,descriptive_name,,,
EC: 1.11.1.11,D,descriptive_name,,,
EC: 1.2.1.3,D,descriptive_name,,,
EC: 2.3.1.16,D,descriptive_name,,,
EC: 2.6.1.44,D,descriptive_name,,,
EC: 2.7.1.39,D,descriptive_name,,,
EC: 2.7.2.4,D,descriptive_name,,,
EC: 2.7.7.64,D,descriptive_name,,,
EC: 2.7.7.69,D,descriptive_name,,,
EC: 4.1.2.48,D,descriptive_name,,,
EC: 4.2.1.20,D,descriptive_name,,,
EC: 4.3.1.19,D,descriptive_name,,,
EC: 5.4.2.12,D,descriptive_name,,,
EC:1.1.1.195,D,descriptive_name,,,
EC:1.1.1.38,D,descriptive_name,,,
EC:1.2.1.12,D,descriptive_name,,,
EC:1.2.1.44,D,descriptive_name,,,
EC:1.2.1.68,D,descriptive_name,,,
EC:1.2.1.9,D,descriptive_name,,,
EC:2.3.1.74,D,descriptive_name,,,
EC:2.4.1.242,D,descriptive_name,,,
EC:2.4.1.82,D,descriptive_name,,,
EC:2.7.7.27,D,descriptive_name,,,
EC:2.7.7.9,D,descriptive_name,,,
EC:3.2.1.21,D,descriptive_name,,,
EC:4.1.1.49,D,descriptive_name,,,
EC:5.3.1.9,D,descriptive_name,,,
EC:5.4.2.2,D,descriptive_name,,,
EC:5.5.1.6,D,descriptive_name,,,
ECA1,C,bare_gene_symbol,,,
ECAs,D,descriptive_name,,,
EcbZIP17,B,species_prefix_Ecb,Ecb,ZIP17,
EcbZIP17 transcription factor,D,descriptive_name,,,
Eceriferum,D,descriptive_name,,,
ECERIFERUM 1,D,descriptive_name,,,
Eceriferum1,C,bare_gene_symbol,,,
ECH,C,bare_gene_symbol,,,
ECH/HCD,D,descriptive_name,,,
ECH/HCD multienzymatic complex,D,descriptive_name,,,
ECH/HCD multifunctional protein,D,descriptive_name,,,
ECHIDNA,C,bare_gene_symbol,,,
EcMt gene,D,descriptive_name,,,
EcNAC67,B,species_prefix_Ec,Ec,NAC67,
EcPAPR,B,species_prefix_Ec,Ec,PAPR,
ECR,C,bare_gene_symbol,,,
ECT,C,bare_gene_symbol,,,
ecto-apyrases,D,descriptive_name,,,
Ectocarpus gene,D,descriptive_name,,,
ectonucleotide pyrophosphatase/phosphodiesterase family member 1/3,D,descriptive_name,,,
ECTs,D,descriptive_name,,,
edestin,D,descriptive_name,,,
EDR1,C,bare_gene_symbol,,,
EDS1,C,bare_gene_symbol,,,
eds1-2,D,descriptive_name,,,
eds16-2,D,descriptive_name,,,
EDS5,C,bare_gene_symbol,,,
eds5-1,D,descriptive_name,,,
EE257979,C,bare_gene_symbol,,,
EEF-1α,D,descriptive_name,,,
eEF1A,D,descriptive_name,,,
EEL,C,bare_gene_symbol,,,
EER5,C,bare_gene_symbol,,,
EF-1α,D,descriptive_name,,,
EF-G,D,descriptive_name,,,
EF-hand,D,descriptive_name,,,
EF-hand domains,D,descriptive_name,,,
"EF-hand, abscisic acid–responsive 27-kDa protein",D,descriptive_name,,,
EF-hands,D,descriptive_name,,,
EF-Tu,D,descriptive_name,,,
EF1a,D,descriptive_name,,,
EF1beta,D,descriptive_name,,,
EF1α,D,descriptive_name,,,
EFE,C,bare_gene_symbol,,,
EFE26,C,bare_gene_symbol,,,
effector proteins,D,descriptive_name,,,
effectors,D,descriptive_name,,,
efflux carrier,D,descriptive_name,,,
efflux carriers,D,descriptive_name,,,
efflux pump,D,descriptive_name,,,
efflux/influx carriers,D,descriptive_name,,,
EG,E,noise_too_short,,,
EG1,C,bare_gene_symbol,,,
EG1 lipase,D,descriptive_name,,,
EG2,C,bare_gene_symbol,,,
EgAP2.25,D,descriptive_name,,,
EgDREB1,B,species_prefix_Eg,Eg,DREB1,
eGFP,D,descriptive_name,,,
EgHsf,B,species_prefix_Eg,Eg,Hsf,
EgHsf24,B,species_prefix_Eg,Eg,Hsf24,
EgHsf32,B,species_prefix_Eg,Eg,Hsf32,
EGL,C,bare_gene_symbol,,,
EGY3,C,bare_gene_symbol,,,
EGY3 metalloprotease,D,descriptive_name,,,
EGY3 protein,D,descriptive_name,,,
EIF,C,bare_gene_symbol,,,
eIF-4α,D,descriptive_name,,,
eIF2,D,descriptive_name,,,
eIF2 ternary complex,D,descriptive_name,,,
eIF2 α-subunit,D,descriptive_name,,,
eIF2B,D,descriptive_name,,,
eIF2B-like factor,D,descriptive_name,,,
eIF2α,D,descriptive_name,,,
eIF3h,D,descriptive_name,,,
eIF4A,D,descriptive_name,,,
EIL,C,bare_gene_symbol,,,
EIL1,C,bare_gene_symbol,,,
EIL1/2,D,descriptive_name,,,
EIL2,C,bare_gene_symbol,,,
EIN,C,bare_gene_symbol,,,
EIN2,C,bare_gene_symbol,,,
ein2-1,D,descriptive_name,,,
EIN2-C',D,descriptive_name,,,
EIN3,C,bare_gene_symbol,,,
EIN3 gene,D,descriptive_name,,,
EIN3 protein,D,descriptive_name,,,
EIN4,C,bare_gene_symbol,,,
EIN4-like,D,descriptive_name,,,
EIN5,C,bare_gene_symbol,,,
EIN5 orthologue,D,descriptive_name,,,
EINECS,C,bare_gene_symbol,,,
Ej4CL1,C,bare_gene_symbol,,,
Ej4CL5,C,bare_gene_symbol,,,
EjHSF3,B,species_prefix_Ej,Ej,HSF3,
EjJAZ2,B,species_prefix_Ej,Ej,JAZ2,
EjJAZ4,B,species_prefix_Ej,Ej,JAZ4,
EjJAZ9,B,species_prefix_Ej,Ej,JAZ9,
EjMYB1,B,species_prefix_Ej,Ej,MYB1,
EjMYB2,B,species_prefix_Ej,Ej,MYB2,
EjMYB8,B,species_prefix_Ej,Ej,MYB8,
EjNAC1,B,species_prefix_Ej,Ej,NAC1,
EjPAL1,B,species_prefix_Ej,Ej,PAL1,
EjTIFY gene family,D,descriptive_name,,,
EjTIFY genes,D,descriptive_name,,,
EK,E,noise_too_short,,,
EKS,C,bare_gene_symbol,,,
electron transfer flavoproteins,D,descriptive_name,,,
electron transport chains,E,noise_generic_term,,,
electron transport components,D,descriptive_name,,,
electron transport protein,D,descriptive_name,,,
electron transport proteins,D,descriptive_name,,,
electron transporters,D,descriptive_name,,,
ELF3,C,bare_gene_symbol,,,
elicitors,D,descriptive_name,,,
ELIP,C,bare_gene_symbol,,,
ELIP2,C,bare_gene_symbol,,,
ELIPs,D,descriptive_name,,,
ELO,C,bare_gene_symbol,,,
elongation factor 2,D,descriptive_name,,,
elongation factor G,D,descriptive_name,,,
elongation factor Tu,D,descriptive_name,,,
elongation factor TuB,D,descriptive_name,,,
Elongator,D,descriptive_name,,,
Elongator complex,D,descriptive_name,,,
Elongator HAT complex,D,descriptive_name,,,
ELP3,C,bare_gene_symbol,,,
Em,E,noise_too_short,,,
Em protein CS41,D,descriptive_name,,,
emb564,D,descriptive_name,,,
embryogenesis,D,descriptive_name,,,
embryogenesis-associated genes,D,descriptive_name,,,
embryonic protein,D,descriptive_name,,,
embryonic protein DC-8,D,descriptive_name,,,
ENA1,C,bare_gene_symbol,,,
ENDO,C,bare_gene_symbol,,,
"endo-(1,3; 1,4)-β-glucanases",D,descriptive_name,,,
"endo-1,4-beta-glucanase",D,descriptive_name,,,
"endo-1,4-beta-xylanase",D,descriptive_name,,,
"endo-1,4-β-xylanase",D,descriptive_name,,,
endo-apyrases,D,descriptive_name,,,
endo-arabinanase,D,descriptive_name,,,
"endo-beta-1,3-glucanase",D,descriptive_name,,,
"endo-beta-1,4-xylanase",D,descriptive_name,,,
endo-polygalacturonases,D,descriptive_name,,,
endo-transglycosylase,D,descriptive_name,,,
"Endo-β-1,4-xylanases",D,descriptive_name,,,
endochitinase,D,descriptive_name,,,
endochitinase protein3-3,D,descriptive_name,,,
endogenous antioxidant enzyme,D,descriptive_name,,,
endogenous proteases,D,descriptive_name,,,
endoglucanase,D,descriptive_name,,,
endoglucanase genes,D,descriptive_name,,,
endoglucanases,D,descriptive_name,,,
endoglucanse-8-like,D,descriptive_name,,,
endopeptidase,D,descriptive_name,,,
endopeptidase inhibitors,D,descriptive_name,,,
endoplasmic reticulum FAD3,D,descriptive_name,,,
endoplasmic reticulum-type Ca2+-ATPase1,D,descriptive_name,,,
endosperm storage proteins,D,descriptive_name,,,
endosperm yellow pigment gene,D,descriptive_name,,,
endotransglucosylases,D,descriptive_name,,,
endotransglycolase/hydrolase,D,descriptive_name,,,
enhanced serine sensitivity protein,D,descriptive_name,,,
ENHYDROUS,C,bare_gene_symbol,,,
enloase,D,descriptive_name,,,
ENO,C,bare_gene_symbol,,,
ENO1,C,bare_gene_symbol,,,
enolase,D,descriptive_name,,,
enolpyruvyl shikimate phosphate synthase,D,descriptive_name,,,
enolpyruvyl shikimate-3-phosphate synthase,D,descriptive_name,,,
enoyl-acyl carrier protein reductase,D,descriptive_name,,,
enoyl-CoA hydratase,D,descriptive_name,,,
enoyl-CoA hydratase 1,D,descriptive_name,,,
ENR,C,bare_gene_symbol,,,
EnsVib0002,B,species_prefix_Ens,Ens,Vib0002,
EnsVib0516,B,species_prefix_Ens,Ens,Vib0516,
"Ent-cassa-12,15-diene synthase",D,descriptive_name,,,
ent-copalyl diphosphate synthase,D,descriptive_name,,,
ent-kaurene oxidase,D,descriptive_name,,,
ent-kaurene oxidase 1,D,descriptive_name,,,
ent-kaurene synthase,D,descriptive_name,,,
ent-kaurene synthase 5,D,descriptive_name,,,
ent-kaurenic acid oxidase,D,descriptive_name,,,
ent-kaurenoic acid hydroxylase 2,D,descriptive_name,,,
ent-kaurenoic acid oxidase,D,descriptive_name,,,
Ent-kaurenoic acid oxidase 2,D,descriptive_name,,,
ent-KO,D,descriptive_name,,,
entB,D,descriptive_name,,,
entC,D,descriptive_name,,,
enzymatic,D,descriptive_name,,,
enzymatic and non-enzymatic antioxidant defense systems,D,descriptive_name,,,
enzymatic and non-enzymatic antioxidant systems,D,descriptive_name,,,
enzymatic antioxidant,D,descriptive_name,,,
enzymatic antioxidant genes,D,descriptive_name,,,
enzymatic antioxidant system,D,descriptive_name,,,
enzymatic antioxidant systems,D,descriptive_name,,,
enzymatic antioxidants,D,descriptive_name,,,
enzymatic defense systems,D,descriptive_name,,,
enzymatic ROS scavengers,D,descriptive_name,,,
enzymatic systems,D,descriptive_name,,,
enzyme,D,descriptive_name,,,
enzyme activities,D,descriptive_name,,,
enzyme system,D,descriptive_name,,,
enzyme-encoding genes,D,descriptive_name,,,
enzymes,D,descriptive_name,,,
enzymes involved in carbon fixation,D,descriptive_name,,,
enzymes involved in sucrose metabolism,D,descriptive_name,,,
enzymes related to starch accumulation,D,descriptive_name,,,
EOL1,C,bare_gene_symbol,,,
EP3-3,D,descriptive_name,,,
EPF1,C,bare_gene_symbol,,,
EPFL9,C,bare_gene_symbol,,,
EPFM1/3,D,descriptive_name,,,
epithiospecifier protein,D,descriptive_name,,,
epoxicarotenoid dioxygenase,D,descriptive_name,,,
epoxide hydrolase,D,descriptive_name,,,
epsilon,D,descriptive_name,,,
epsilon cyclases,D,descriptive_name,,,
EPSPS,C,bare_gene_symbol,,,
EPSPS enzyme,D,descriptive_name,,,
EPSPS gene,D,descriptive_name,,,
EPT,C,bare_gene_symbol,,,
ER,E,noise_too_short,,,
ER Ca(2+)-ATPase,D,descriptive_name,,,
ER membrane-localized protein,D,descriptive_name,,,
ER proteins,D,descriptive_name,,,
ER resident chaperones,D,descriptive_name,,,
ER-localized E2 ubiquitin-conjugating enzyme,D,descriptive_name,,,
ER-localized enzyme,D,descriptive_name,,,
ER-localized FAD2,D,descriptive_name,,,
ER-localized PaFAD3,D,descriptive_name,,,
ER-retention protein,D,descriptive_name,,,
ER1,C,bare_gene_symbol,,,
ER21,C,bare_gene_symbol,,,
ER24,C,bare_gene_symbol,,,
ER5,C,bare_gene_symbol,,,
ERA1,C,bare_gene_symbol,,,
era1-2,D,descriptive_name,,,
ERAD components,D,descriptive_name,,,
ERD10,C,bare_gene_symbol,,,
ERD10 protein,D,descriptive_name,,,
ERD4,C,bare_gene_symbol,,,
ERD6,C,bare_gene_symbol,,,
ERD6-like 3,D,descriptive_name,,,
ERD6-like 4,D,descriptive_name,,,
ERD6-like transporters,D,descriptive_name,,,
ERD7,C,bare_gene_symbol,,,
ERE,C,bare_gene_symbol,,,
ERE promoter elements,D,descriptive_name,,,
ereB,D,descriptive_name,,,
EREBP,C,bare_gene_symbol,,,
EREBP1,C,bare_gene_symbol,,,
EREBPs,D,descriptive_name,,,
EREBT,C,bare_gene_symbol,,,
ERECTA,C,bare_gene_symbol,,,
ERECTA gene family,D,descriptive_name,,,
ERECTA receptor-like kinase,D,descriptive_name,,,
ERECTA signaling family,D,descriptive_name,,,
ERELEE4,C,bare_gene_symbol,,,
EREs,D,descriptive_name,,,
ERETC,C,bare_gene_symbol,,,
ERF,C,bare_gene_symbol,,,
ERF CRF4-like,D,descriptive_name,,,
ERF family,D,descriptive_name,,,
ERF family members,D,descriptive_name,,,
ERF genes,D,descriptive_name,,,
ERF modules,D,descriptive_name,,,
ERF subfamily,D,descriptive_name,,,
ERF subfamily B-3,D,descriptive_name,,,
ERF transcription factor,D,descriptive_name,,,
ERF transcription factor family,D,descriptive_name,,,
ERF transcription factors,D,descriptive_name,,,
ERF VII,D,descriptive_name,,,
ERF VII transcription factors,D,descriptive_name,,,
ERF-1,D,descriptive_name,,,
ERF-104,D,descriptive_name,,,
ERF-family transcription factors,D,descriptive_name,,,
ERF-related transcripts,D,descriptive_name,,,
ERF012,C,bare_gene_symbol,,,
ERF014,C,bare_gene_symbol,,,
ERF016,C,bare_gene_symbol,,,
ERF017,C,bare_gene_symbol,,,
ERF017-like,D,descriptive_name,,,
ERF019,C,bare_gene_symbol,,,
ERF023-like,D,descriptive_name,,,
ERF035,C,bare_gene_symbol,,,
ERF062,C,bare_gene_symbol,,,
ERF071,C,bare_gene_symbol,,,
ERF1,C,bare_gene_symbol,,,
ERF1/2,D,descriptive_name,,,
ERF10,C,bare_gene_symbol,,,
ERF104,C,bare_gene_symbol,,,
ERF105,C,bare_gene_symbol,,,
ERF109,C,bare_gene_symbol,,,
erf11,D,descriptive_name,,,
ERF114,C,bare_gene_symbol,,,
ERF115,C,bare_gene_symbol,,,
ERF12,C,bare_gene_symbol,,,
ERF13,C,bare_gene_symbol,,,
erf1a,D,descriptive_name,,,
ERF1B,C,bare_gene_symbol,,,
ERF2,C,bare_gene_symbol,,,
ERF25,C,bare_gene_symbol,,,
ERF3,C,bare_gene_symbol,,,
ERF36,C,bare_gene_symbol,,,
ERF4,C,bare_gene_symbol,,,
ERF49,C,bare_gene_symbol,,,
ERF5,C,bare_gene_symbol,,,
ERF5-1,D,descriptive_name,,,
ERF6,C,bare_gene_symbol,,,
ERF7,C,bare_gene_symbol,,,
ERF71,C,bare_gene_symbol,,,
ERF72,C,bare_gene_symbol,,,
ERF8,C,bare_gene_symbol,,,
ERF9,C,bare_gene_symbol,,,
ERF95,C,bare_gene_symbol,,,
ERF95/97,D,descriptive_name,,,
ERF97,C,bare_gene_symbol,,,
ERF98,C,bare_gene_symbol,,,
ERFs,D,descriptive_name,,,
ERFVII,C,bare_gene_symbol,,,
ERFVII transcription factors,D,descriptive_name,,,
ERG3,C,bare_gene_symbol,,,
ERG9,C,bare_gene_symbol,,,
ERS,C,bare_gene_symbol,,,
ERS-like ethylene receptor,D,descriptive_name,,,
ERS-like receptor,D,descriptive_name,,,
ERS1,C,bare_gene_symbol,,,
ERSs,D,descriptive_name,,,
EsbZIP1,B,species_prefix_Esb,Esb,ZIP1,
EsbZIP2,B,species_prefix_Esb,Esb,ZIP2,
EsbZIP5,B,species_prefix_Esb,Esb,ZIP5,
Escherichia coli AlkB protein,D,descriptive_name,,,
Esi0017_0056,D,descriptive_name,,,
Esi3,C,bare_gene_symbol,,,
ESK1,C,bare_gene_symbol,,,
EsKLU,B,species_prefix_Es,Es,KLU,
ESM1,C,bare_gene_symbol,,,
ESP,C,bare_gene_symbol,,,
ESP gene,D,descriptive_name,,,
ESPS,C,bare_gene_symbol,,,
esr1,D,descriptive_name,,,
essential cuproproteins,D,descriptive_name,,,
essential enzymes,D,descriptive_name,,,
esterase,D,descriptive_name,,,
esterase enzyme,D,descriptive_name,,,
esterases,D,descriptive_name,,,
ET biosynthesis genes,D,descriptive_name,,,
ET receptors,D,descriptive_name,,,
ET signaling genes,D,descriptive_name,,,
ET-activated signaling proteins,D,descriptive_name,,,
ET-regulated transcription factor,D,descriptive_name,,,
ET-related genes,D,descriptive_name,,,
ET-related transcription factors,D,descriptive_name,,,
ET-related transcripts,D,descriptive_name,,,
ET-responsive element,D,descriptive_name,,,
ET-responsive elements,D,descriptive_name,,,
ET-responsive factors,D,descriptive_name,,,
ET-responsive gene,D,descriptive_name,,,
ET-responsive transcription factors,D,descriptive_name,,,
ET0/RC,D,descriptive_name,,,
eta3,D,descriptive_name,,,
ETH biosynthesis genes,D,descriptive_name,,,
ethanolamine kinase,D,descriptive_name,,,
ethyl-,D,descriptive_name,,,
ethylene biosynthesis and signaling genes,D,descriptive_name,,,
ethylene biosynthesis enzymes,D,descriptive_name,,,
ethylene forming enzymes,D,descriptive_name,,,
ethylene genes,D,descriptive_name,,,
ethylene insensitive 2,D,descriptive_name,,,
ethylene insensitive 3,D,descriptive_name,,,
ethylene insensitive protein 2,D,descriptive_name,,,
ethylene insensitive-like,D,descriptive_name,,,
Ethylene Receptor,D,descriptive_name,,,
ethylene receptor 2,D,descriptive_name,,,
ethylene receptor 2-like,D,descriptive_name,,,
ethylene receptor 4,D,descriptive_name,,,
ethylene receptor gene,D,descriptive_name,,,
ethylene receptor protein,D,descriptive_name,,,
ethylene receptor proteins,D,descriptive_name,,,
Ethylene receptors,D,descriptive_name,,,
Ethylene regulation genes,D,descriptive_name,,,
ethylene response,D,descriptive_name,,,
ethylene response elements,D,descriptive_name,,,
Ethylene Response Factor,D,descriptive_name,,,
ethylene response factor 1,D,descriptive_name,,,
ethylene response factor 5,D,descriptive_name,,,
ETHYLENE RESPONSE FACTOR 6,D,descriptive_name,,,
ethylene response factor genes,D,descriptive_name,,,
ethylene response factor1,D,descriptive_name,,,
Ethylene Response Factor110,D,descriptive_name,,,
ethylene response factors,D,descriptive_name,,,
ethylene response genes,D,descriptive_name,,,
ethylene response sensor,D,descriptive_name,,,
ethylene response transcription factors,D,descriptive_name,,,
Ethylene Responsive Factor,D,descriptive_name,,,
Ethylene Responsive Factors,D,descriptive_name,,,
Ethylene Responsive Factors 1/2,D,descriptive_name,,,
ethylene signaling genes,D,descriptive_name,,,
ethylene-activated proteins,D,descriptive_name,,,
ethylene-activating proteins,D,descriptive_name,,,
ethylene-forming enzymes,D,descriptive_name,,,
ethylene-inducing proteins,D,descriptive_name,,,
ETHYLENE-INSENSITIVE,D,descriptive_name,,,
ethylene-insensitive 2,D,descriptive_name,,,
ethylene-insensitive factor,D,descriptive_name,,,
ethylene-insensitive protein,D,descriptive_name,,,
Ethylene-insensitive protein 2,D,descriptive_name,,,
ethylene-insensitive proteins,D,descriptive_name,,,
Ethylene-insensitive-3,D,descriptive_name,,,
ethylene-insensitive3-like,D,descriptive_name,,,
ethylene-producing enzyme,D,descriptive_name,,,
ethylene-regulated cis-acting elements,D,descriptive_name,,,
ethylene-related gene,D,descriptive_name,,,
ethylene-related genes,D,descriptive_name,,,
ethylene-related proteins,D,descriptive_name,,,
ethylene-related TFs,D,descriptive_name,,,
ethylene-responsive,D,descriptive_name,,,
ethylene-responsive element,D,descriptive_name,,,
ethylene-responsive element binding factor 13,D,descriptive_name,,,
ethylene-responsive element binding factors,D,descriptive_name,,,
Ethylene-responsive element binding protein,D,descriptive_name,,,
ethylene-responsive element-binding proteins,D,descriptive_name,,,
ethylene-responsive elements,D,descriptive_name,,,
ethylene-responsive factor,D,descriptive_name,,,
ethylene-responsive factor 1,D,descriptive_name,,,
ethylene-responsive factors,D,descriptive_name,,,
ethylene-responsive genes,D,descriptive_name,,,
ethylene-responsive nuclear protein,D,descriptive_name,,,
ethylene-responsive nuclear proteins,D,descriptive_name,,,
Ethylene-responsive protein,D,descriptive_name,,,
ethylene-responsive transcription factor,D,descriptive_name,,,
ethylene-responsive transcription factor 1B-like,D,descriptive_name,,,
ethylene-responsive transcription factor abr1,D,descriptive_name,,,
ethylene-responsive transcription factors,D,descriptive_name,,,
ethylene-responsive transcriptional co-activator,D,descriptive_name,,,
ethylene-responsive transcriptional coactivator proteins,D,descriptive_name,,,
ethylene-responsive transcriptional coactivators,D,descriptive_name,,,
ethylene-signaling components,D,descriptive_name,,,
ethylene-signaling protein,D,descriptive_name,,,
ETIF-5A-2,D,descriptive_name,,,
ETIF5A,C,bare_gene_symbol,,,
eTMs,D,descriptive_name,,,
ETO1,C,bare_gene_symbol,,,
eto1-1,D,descriptive_name,,,
ETR,C,bare_gene_symbol,,,
ETR genes,D,descriptive_name,,,
ETR receptor gene,D,descriptive_name,,,
ETR receptors,D,descriptive_name,,,
etr-1,D,descriptive_name,,,
ETR/ERS receptors,D,descriptive_name,,,
ETR1,C,bare_gene_symbol,,,
ETR1 receptor,D,descriptive_name,,,
etr1-1,D,descriptive_name,,,
ETR1-7,D,descriptive_name,,,
ETR2,C,bare_gene_symbol,,,
ETR4,C,bare_gene_symbol,,,
ETRs,D,descriptive_name,,,
ETTIN,C,bare_gene_symbol,,,
Eucgr.A02229,D,descriptive_name,,,
Eucgr.B00948,D,descriptive_name,,,
Eucgr.G02187,D,descriptive_name,,,
Eucgr.H02264,D,descriptive_name,,,
eugenol synthase 1,D,descriptive_name,,,
eugenol synthase gene,D,descriptive_name,,,
EUI,C,bare_gene_symbol,,,
Eukaryotic initiation factor 2,D,descriptive_name,,,
eukaryotic initiation factor 2 α-subunit,D,descriptive_name,,,
EV193181,C,bare_gene_symbol,,,
EVD,C,bare_gene_symbol,,,
EX089759,C,bare_gene_symbol,,,
EX1,C,bare_gene_symbol,,,
EX2,C,bare_gene_symbol,,,
exchange factor OceIF2B,D,descriptive_name,,,
EXECUTER1,C,bare_gene_symbol,,,
EXLA2,C,bare_gene_symbol,,,
EXO,C,bare_gene_symbol,,,
exo-acting glycosyl-hydrolases,D,descriptive_name,,,
"exo-beta-(1,4)-galactanases",D,descriptive_name,,,
exocyst subunit family,D,descriptive_name,,,
exoglycosidase,D,descriptive_name,,,
exoglycosidases,D,descriptive_name,,,
exopolyphosphatase,D,descriptive_name,,,
exoproteins,D,descriptive_name,,,
EXORDIUM,C,bare_gene_symbol,,,
EXP,C,bare_gene_symbol,,,
EXP gene,D,descriptive_name,,,
EXP1,C,bare_gene_symbol,,,
EXP10,C,bare_gene_symbol,,,
EXPA,C,bare_gene_symbol,,,
EXPA subfamily,D,descriptive_name,,,
EXPA4,C,bare_gene_symbol,,,
EXPA7,C,bare_gene_symbol,,,
EXPA8,C,bare_gene_symbol,,,
expansin 1,D,descriptive_name,,,
expansin families,D,descriptive_name,,,
expansin gene,D,descriptive_name,,,
expansin gene family,D,descriptive_name,,,
expansin genes,D,descriptive_name,,,
expansin protein family,D,descriptive_name,,,
Expansin proteins,D,descriptive_name,,,
expansin-like B genes,D,descriptive_name,,,
expansin-like B1,D,descriptive_name,,,
expansin-like enzymes,D,descriptive_name,,,
expansin-like genes,D,descriptive_name,,,
expansin-like proteins,D,descriptive_name,,,
expansins,D,descriptive_name,,,
EXPB,C,bare_gene_symbol,,,
EXPB1,C,bare_gene_symbol,,,
EXPL1,C,bare_gene_symbol,,,
exporter genes,D,descriptive_name,,,
expression genes,D,descriptive_name,,,
EXT1,C,bare_gene_symbol,,,
EXT14,C,bare_gene_symbol,,,
extensins,D,descriptive_name,,,
extracellular cell wall-degrading enzymes,D,descriptive_name,,,
extracellular cell-wall-degrading enzymes,D,descriptive_name,,,
Extracellular cysteine protease,D,descriptive_name,,,
extracellular enzyme,D,descriptive_name,,,
extracellular GDSL esterase/lipase,D,descriptive_name,,,
extracellular hydrolytic enzyme,D,descriptive_name,,,
extracellular protein,D,descriptive_name,,,
extracted proteins,D,descriptive_name,,,
extrinsic proteins,D,descriptive_name,,,
f,E,noise_too_short,,,
F-ATPase subunits,D,descriptive_name,,,
F-box,D,descriptive_name,,,
F-box auxin receptors,D,descriptive_name,,,
F-box component,D,descriptive_name,,,
F-box domains,D,descriptive_name,,,
F-box E3 ubiquitin ligase,D,descriptive_name,,,
F-box family proteins,D,descriptive_name,,,
F-box gene,D,descriptive_name,,,
F-box genes,D,descriptive_name,,,
F-box protein,D,descriptive_name,,,
F-box protein MAX2,D,descriptive_name,,,
F-box proteins,D,descriptive_name,,,
F-BOX STRESS INDUCED 1,D,descriptive_name,,,
F-box-like gene,D,descriptive_name,,,
F-box-Nictaba,D,descriptive_name,,,
F-box-Nictaba gene,D,descriptive_name,,,
F-box-Nictaba lectin,D,descriptive_name,,,
F-box-Nictaba protein,D,descriptive_name,,,
F-box-Nictaba proteins,D,descriptive_name,,,
F-box/Kelch,D,descriptive_name,,,
F-box/Kelch gene,D,descriptive_name,,,
F-box/Kelch protein,D,descriptive_name,,,
F-type and V-type h+-transporting ATPases,D,descriptive_name,,,
F-type ATP synthase complex,D,descriptive_name,,,
F-type ATPase complex,D,descriptive_name,,,
F-type ATPase proteins,D,descriptive_name,,,
F-type H+/Na+ transport ATPase subunits,D,descriptive_name,,,
F0F1 ATP synthase,D,descriptive_name,,,
F1F0-ATPase inhibitor,D,descriptive_name,,,
F1FO-ATP synthase beta-subunit,D,descriptive_name,,,
F1Fo-ATPase,D,descriptive_name,,,
f2,E,noise_too_short,,,
F3'-5'H,D,descriptive_name,,,
F3'5'H,D,descriptive_name,,,
F3'H,D,descriptive_name,,,
F3-1,D,descriptive_name,,,
F3H,C,bare_gene_symbol,,,
F3H gene,D,descriptive_name,,,
F3´H,D,descriptive_name,,,
F3’H,D,descriptive_name,,,
F3′5’H,D,descriptive_name,,,
F3′5′H,D,descriptive_name,,,
F3′H,D,descriptive_name,,,
F50s,D,descriptive_name,,,
F5H,C,bare_gene_symbol,,,
F6'H1,D,descriptive_name,,,
F6H,C,bare_gene_symbol,,,
FA desaturases,D,descriptive_name,,,
Fa_novel11,D,descriptive_name,,,
Fa_novel23,D,descriptive_name,,,
Fa_novel7,D,descriptive_name,,,
FAAH,C,bare_gene_symbol,,,
FaANS,B,species_prefix_Fa,Fa,ANS,
FaApx2,B,species_prefix_Fa,Fa,Apx2,
FaAREB3,B,species_prefix_Fa,Fa,AREB3,
FaAWPM,B,species_prefix_Fa,Fa,AWPM,
Fab genes,D,descriptive_name,,,
FAB1,C,bare_gene_symbol,,,
FAB2,C,bare_gene_symbol,,,
FabD,D,descriptive_name,,,
FabF,D,descriptive_name,,,
fabF1XL,D,descriptive_name,,,
fabF2XL,D,descriptive_name,,,
FabG,D,descriptive_name,,,
FabH,D,descriptive_name,,,
FabHLH3,B,species_prefix_Fab,Fab,HLH3,
FabI,D,descriptive_name,,,
FabK,D,descriptive_name,,,
fabZXL,D,descriptive_name,,,
FaCHS,B,species_prefix_Fa,Fa,CHS,
FaCRK8,B,species_prefix_Fa,Fa,CRK8,
FaCYTC2,B,species_prefix_Fa,Fa,CYTC2,
FAD,C,bare_gene_symbol,,,
FAD enzymes,D,descriptive_name,,,
FAD gene,D,descriptive_name,,,
FAD gene family,D,descriptive_name,,,
FAD genes,D,descriptive_name,,,
FAD synthetase,D,descriptive_name,,,
FAD-containing polyamine oxidases,D,descriptive_name,,,
FAD-dependent oxidoreductases,D,descriptive_name,,,
FAD-dependent PAOs,D,descriptive_name,,,
FAD-New,D,descriptive_name,,,
FAD/NAD(P)-binding oxidoreductase,D,descriptive_name,,,
FAD2,C,bare_gene_symbol,,,
FAD2 desaturase,D,descriptive_name,,,
FAD2 enzyme,D,descriptive_name,,,
FAD2 enzymes,D,descriptive_name,,,
FAD2 genes,D,descriptive_name,,,
FAD2-1,D,descriptive_name,,,
FAD2-1 gene,D,descriptive_name,,,
FAD2-1A,D,descriptive_name,,,
FAD2-1A gene,D,descriptive_name,,,
FAD2-1B,D,descriptive_name,,,
FAD2-2C,D,descriptive_name,,,
FAD2-2C isoforms,D,descriptive_name,,,
FAD2-4,D,descriptive_name,,,
FAD2a-1,D,descriptive_name,,,
FAD2a-2,D,descriptive_name,,,
FAD2b-2,D,descriptive_name,,,
FAD3,C,bare_gene_symbol,,,
FAD3 desaturase enzymes,D,descriptive_name,,,
FAD3 enzyme,D,descriptive_name,,,
FAD3 enzymes,D,descriptive_name,,,
fad3-2,D,descriptive_name,,,
FAD3a,D,descriptive_name,,,
FAD3b,D,descriptive_name,,,
FAD3C,C,bare_gene_symbol,,,
FAD4,C,bare_gene_symbol,,,
FAD4L2,C,bare_gene_symbol,,,
FAD5,C,bare_gene_symbol,,,
FAD5-8,D,descriptive_name,,,
FAD5/ADS clade,D,descriptive_name,,,
FAD5–8,D,descriptive_name,,,
FAD6,C,bare_gene_symbol,,,
FAD6 subfamily,D,descriptive_name,,,
FAD7,C,bare_gene_symbol,,,
fad7-2,D,descriptive_name,,,
FAD7/8,D,descriptive_name,,,
FAD8,C,bare_gene_symbol,,,
FAD8 enzyme,D,descriptive_name,,,
FADA,C,bare_gene_symbol,,,
FaDREB2A,B,species_prefix_Fa,Fa,DREB2A,
FADs,D,descriptive_name,,,
FAE,C,bare_gene_symbol,,,
FAE complex,D,descriptive_name,,,
FAE1,C,bare_gene_symbol,,,
fae1-3,D,descriptive_name,,,
fae1-4,D,descriptive_name,,,
FaF3H,B,species_prefix_Fa,Fa,F3H,
FaGAMYB,B,species_prefix_Fa,Fa,GAMYB,
FaHsfA2c,B,species_prefix_Fa,Fa,HsfA2c,
FaHSFA3,B,species_prefix_Fa,Fa,HSFA3,
FaHSFB2B,B,species_prefix_Fa,Fa,HSFB2B,
FaHsfC1b,B,species_prefix_Fa,Fa,HsfC1b,
FaHsfs,B,species_prefix_Fa,Fa,Hsfs,
FaHSPs,B,species_prefix_Fa,Fa,HSPs,
FAMA,C,bare_gene_symbol,,,
FaMAN8,B,species_prefix_Fa,Fa,MAN8,
Family 4 carbohydrate-binding domains,D,descriptive_name,,,
family proteins,D,descriptive_name,,,
Family-1 UDP-glycosyltransferase,D,descriptive_name,,,
Family-1 UDP-glycosyltransferases,D,descriptive_name,,,
Family-1 UGT enzymes,D,descriptive_name,,,
Family-1 UGT group,D,descriptive_name,,,
Family-1 UGTs,D,descriptive_name,,,
FaMYB10,B,species_prefix_Fa,Fa,MYB10,
FaMYB11,B,species_prefix_Fa,Fa,MYB11,
FaMYB9,B,species_prefix_Fa,Fa,MYB9,
FaNES1,B,species_prefix_Fa,Fa,NES1,
FAOMT,C,bare_gene_symbol,,,
FaPAL,B,species_prefix_Fa,Fa,PAL,
FaPG,D,descriptive_name,,,
FAR,C,bare_gene_symbol,,,
Far-red impaired response protein,D,descriptive_name,,,
Far-red impaired response protein-like protein,D,descriptive_name,,,
FAR1,C,bare_gene_symbol,,,
Farnesol dehydrogenase,D,descriptive_name,,,
farnesyl diphosphate synthase,D,descriptive_name,,,
farnesyl diphosphate synthase gene,D,descriptive_name,,,
farnesyl pyrophosphate synthase,D,descriptive_name,,,
farnesyl pyrophosphate synthase 1,D,descriptive_name,,,
farnesyl transferase,D,descriptive_name,,,
farnesyltransferase,D,descriptive_name,,,
farnyl-PP synthase,D,descriptive_name,,,
FAS,C,bare_gene_symbol,,,
FAS complex,D,descriptive_name,,,
FAS complexes,D,descriptive_name,,,
FAS system,D,descriptive_name,,,
FAS2,C,bare_gene_symbol,,,
fasciclin 2 gene,D,descriptive_name,,,
fasciclin-like arabinogalactan protein 11,D,descriptive_name,,,
FATA,C,bare_gene_symbol,,,
FATA protein,D,descriptive_name,,,
FATA proteins,D,descriptive_name,,,
FATA1,C,bare_gene_symbol,,,
FATB,C,bare_gene_symbol,,,
FaTTG1,B,species_prefix_Fa,Fa,TTG1,
Fatty acid alpha-dioxygenase,D,descriptive_name,,,
Fatty acid amide hydrolase,D,descriptive_name,,,
fatty acid clusters,D,descriptive_name,,,
fatty acid dehydrogenase,D,descriptive_name,,,
fatty acid desaturase,D,descriptive_name,,,
Fatty Acid Desaturase 3,D,descriptive_name,,,
fatty acid desaturase gene family,D,descriptive_name,,,
fatty acid desaturase genes,D,descriptive_name,,,
Fatty acid desaturases,D,descriptive_name,,,
fatty acid elongase,D,descriptive_name,,,
Fatty Acid Elongation complex,D,descriptive_name,,,
fatty acid genes,D,descriptive_name,,,
fatty acid hydroxylase,D,descriptive_name,,,
Fatty acid hydroxylases,D,descriptive_name,,,
fatty acid omega-hydroxylase,D,descriptive_name,,,
fatty acid reductase,D,descriptive_name,,,
fatty acid synthase,D,descriptive_name,,,
fatty acid synthase complex,D,descriptive_name,,,
fatty acid thioesterase,D,descriptive_name,,,
fatty acyl Co-A reductase,D,descriptive_name,,,
fatty acyl ω-hydroxylase,D,descriptive_name,,,
fatty acyl-ACP thioesterases,D,descriptive_name,,,
fatty acyl-CoA reductase,D,descriptive_name,,,
fatty acyl-CoA synthetase,D,descriptive_name,,,
fatty alcohol oxidase,D,descriptive_name,,,
FaUFGT,B,species_prefix_Fa,Fa,UFGT,
FAX3,C,bare_gene_symbol,,,
FaZnF,B,species_prefix_Fa,Fa,ZnF,
FBA,C,bare_gene_symbol,,,
FBA 1,D,descriptive_name,,,
FBA gene,D,descriptive_name,,,
FBA5,C,bare_gene_symbol,,,
FBG1,C,bare_gene_symbol,,,
FBG2,C,bare_gene_symbol,,,
FBG5,C,bare_gene_symbol,,,
FBK,C,bare_gene_symbol,,,
FBKs,D,descriptive_name,,,
FBN,C,bare_gene_symbol,,,
FBN1,C,bare_gene_symbol,,,
FBN11,C,bare_gene_symbol,,,
FBN5,C,bare_gene_symbol,,,
FBNs,D,descriptive_name,,,
Fbox,D,descriptive_name,,,
FBP,C,bare_gene_symbol,,,
FBP aldolase,D,descriptive_name,,,
fbpA,D,descriptive_name,,,
FBPase,D,descriptive_name,,,
FBS1,C,bare_gene_symbol,,,
fbs1-1,D,descriptive_name,,,
FBS1-dependent genes,D,descriptive_name,,,
FCA,C,bare_gene_symbol,,,
FCGs,D,descriptive_name,,,
FCLY,C,bare_gene_symbol,,,
fcp,D,descriptive_name,,,
Fd,E,noise_too_short,,,
Fd-GOGAT,D,descriptive_name,,,
Fd-GOGAT1,D,descriptive_name,,,
FDB2,C,bare_gene_symbol,,,
FDI,C,bare_gene_symbol,,,
FDR1 reporter strains,D,descriptive_name,,,
Fds,D,descriptive_name,,,
FDX,C,bare_gene_symbol,,,
FDX-dependent enzyme,D,descriptive_name,,,
FDX-dependent enzymes,D,descriptive_name,,,
FDX-NADPH-oxidoreductase,D,descriptive_name,,,
FDX2,C,bare_gene_symbol,,,
FDX5,C,bare_gene_symbol,,,
FDX6,C,bare_gene_symbol,,,
FDXs,D,descriptive_name,,,
Fe,E,noise_too_short,,,
Fe (II)-dependent oxygenase superfamily proteins,D,descriptive_name,,,
Fe SOD,D,descriptive_name,,,
Fe SOD isoform,D,descriptive_name,,,
Fe transporters,D,descriptive_name,,,
Fe(II) oxygenase,D,descriptive_name,,,
Fe(II) root transporter,D,descriptive_name,,,
Fe(III) chelate-reductase,D,descriptive_name,,,
Fe+-SOD,D,descriptive_name,,,
Fe+SOD,D,descriptive_name,,,
Fe-Mn type K04564,D,descriptive_name,,,
Fe-related transporters,D,descriptive_name,,,
Fe-SOD,D,descriptive_name,,,
Fe-superoxide dismutase 1,D,descriptive_name,,,
Fe-type SODs,D,descriptive_name,,,
Fe-type superoxide dismutases,D,descriptive_name,,,
Fe/Mn-SOD,D,descriptive_name,,,
Fe3+-chelate-reductase,D,descriptive_name,,,
FEH,C,bare_gene_symbol,,,
fenA,D,descriptive_name,,,
fenD,D,descriptive_name,,,
feoAB,D,descriptive_name,,,
FER,C,bare_gene_symbol,,,
FER-like regulators,D,descriptive_name,,,
Fer1-3-4,D,descriptive_name,,,
fermentation-related enzymes,D,descriptive_name,,,
fermentation-related genes,D,descriptive_name,,,
FERONIA,C,bare_gene_symbol,,,
FERONIA homologs,D,descriptive_name,,,
ferredoxin,D,descriptive_name,,,
ferredoxin gene,D,descriptive_name,,,
ferredoxin gene family,D,descriptive_name,,,
ferredoxin genes,D,descriptive_name,,,
ferredoxin reductase,D,descriptive_name,,,
ferredoxin thioredoxin reductase,D,descriptive_name,,,
ferredoxin-dependent glutamate synthase,D,descriptive_name,,,
FERREDOXIN-DEPENDENT GLUTAMINE OXOGLUTARATE AMINOTRANSFERASE 1,D,descriptive_name,,,
ferredoxin-NADP oxidoreductase,D,descriptive_name,,,
Ferredoxin-NADP reductase,D,descriptive_name,,,
Ferredoxin-NADP(H) oxidoreductase,D,descriptive_name,,,
Ferredoxin-NADP+ Reductase,D,descriptive_name,,,
ferredoxin-nitrite reductase,D,descriptive_name,,,
ferredoxin-quinone oxidoreductase,D,descriptive_name,,,
ferredoxin-thioredoxin reductase,D,descriptive_name,,,
ferredoxin:NADP reductase,D,descriptive_name,,,
ferredoxins,D,descriptive_name,,,
ferric chelate reductase,D,descriptive_name,,,
ferric hydroxamate uptake gene,D,descriptive_name,,,
ferric reduction oxidase 1,D,descriptive_name,,,
FERRIC REDUCTION OXIDASE 2,D,descriptive_name,,,
ferric reduction oxidase family,D,descriptive_name,,,
ferric transporters,D,descriptive_name,,,
ferricoxigenin-NADP+ reductase,D,descriptive_name,,,
ferritin,D,descriptive_name,,,
ferritin gene,D,descriptive_name,,,
ferritin genes,D,descriptive_name,,,
ferritins,D,descriptive_name,,,
ferrochelatase,D,descriptive_name,,,
ferulate 5-hydroxylase,D,descriptive_name,,,
ferulate 5-hydroxylase 2,D,descriptive_name,,,
Ferulate-5-hydroxylase,D,descriptive_name,,,
ferulic acid 5-hydroxylase,D,descriptive_name,,,
Feruloyl esterases,D,descriptive_name,,,
Feruloyl transferase,D,descriptive_name,,,
Feruloyl-CoA 6-hydroxylase,D,descriptive_name,,,
feruloyl-CoA 6-Hydroxylase 1,D,descriptive_name,,,
FeSOD,B,species_prefix_Fe,Fe,SOD,
FeSOD1,B,species_prefix_Fe,Fe,SOD1,
FeSODs,B,species_prefix_Fe,Fe,SODs,
fetB,D,descriptive_name,,,
Fe–S cluster enzymes,D,descriptive_name,,,
FFT,C,bare_gene_symbol,,,
FgBmh2,B,species_prefix_Fg,Fg,Bmh2,
FgHOG1,B,species_prefix_Fg,Fg,HOG1,
FgMyo-5,B,species_prefix_Fg,Fg,Myo-5,
FgOS2,B,species_prefix_Fg,Fg,OS2,
FgPMA1,B,species_prefix_Fg,Fg,PMA1,
FgPMA1-GFP fusion protein,D,descriptive_name,,,
FgPMA2,B,species_prefix_Fg,Fg,PMA2,
fgr,D,descriptive_name,,,
fgr(E7),D,descriptive_name,,,
FGT2,C,bare_gene_symbol,,,
FGT2 protein,D,descriptive_name,,,
FHA-J3C417S,D,descriptive_name,,,
FHA-J3WT,D,descriptive_name,,,
FHL,C,bare_gene_symbol,,,
FhTTG1,B,species_prefix_Fh,Fh,TTG1,
fhuA,D,descriptive_name,,,
fhuB,D,descriptive_name,,,
fhuC,D,descriptive_name,,,
fhuCDB,D,descriptive_name,,,
fhuD,D,descriptive_name,,,
fhuG,D,descriptive_name,,,
FHY,C,bare_gene_symbol,,,
FIB1/2,D,descriptive_name,,,
fibrillin,D,descriptive_name,,,
fibrillins,D,descriptive_name,,,
fig|69370.7.peg.1847,D,descriptive_name,,,
fig|69370.7.peg.2340,D,descriptive_name,,,
fig|69370.7.peg.2482,D,descriptive_name,,,
final PSI acceptors,D,descriptive_name,,,
FIP37,C,bare_gene_symbol,,,
fip37-4,D,descriptive_name,,,
firefly LUC,D,descriptive_name,,,
firefly luciferase,D,descriptive_name,,,
first EF-hand,D,descriptive_name,,,
FIT1,C,bare_gene_symbol,,,
five genes,D,descriptive_name,,,
fix,D,descriptive_name,,,
FK,E,noise_too_short,,,
FK2,C,bare_gene_symbol,,,
FK506-binding domain,D,descriptive_name,,,
FK506-binding domains,D,descriptive_name,,,
FK506-binding protein,D,descriptive_name,,,
FK506/rapamycin-binding protein,D,descriptive_name,,,
FKBd,D,descriptive_name,,,
FKBD domains,D,descriptive_name,,,
FKBP,C,bare_gene_symbol,,,
FKBP family,D,descriptive_name,,,
FKBP gene,D,descriptive_name,,,
FKBP gene family,D,descriptive_name,,,
FKBP genes,D,descriptive_name,,,
FKBP proteins,D,descriptive_name,,,
FKBP subfamily,D,descriptive_name,,,
FKBP62,C,bare_gene_symbol,,,
FKBPs,D,descriptive_name,,,
FL,E,noise_too_short,,,
FLA10,C,bare_gene_symbol,,,
FLA8,C,bare_gene_symbol,,,
FLAG-tagged HSP90.7,D,descriptive_name,,,
FLAG-tagged proteins,D,descriptive_name,,,
Flagellin,D,descriptive_name,,,
flagellin protein,D,descriptive_name,,,
flagellin sensing 2,D,descriptive_name,,,
FLAGELLIN-SENSING2,D,descriptive_name,,,
flavanol 3-hydroxylase,D,descriptive_name,,,
Flavanone 3-dioxygenase genes,D,descriptive_name,,,
Flavanone 3-hydroxylase,D,descriptive_name,,,
flavanone 3β-hydroxylase,D,descriptive_name,,,
Flavanone 4-reductase,D,descriptive_name,,,
flavanone-3-beta-hydroxylase,D,descriptive_name,,,
flavanone-3-hydroxylase,D,descriptive_name,,,
flavanone-3-hydroxylase-like protein,D,descriptive_name,,,
flavin monooxygenase,D,descriptive_name,,,
Flavin monooxygenase glucosinolate S-oxygenase 2,D,descriptive_name,,,
flavin monooxygenases,D,descriptive_name,,,
Flavin-binding monooxygenase,D,descriptive_name,,,
flavin-containing monooxygenases,D,descriptive_name,,,
Flavin-containing PAOs,D,descriptive_name,,,
FLAVIN-DEPENDENT MONOOXYGENASE 1,D,descriptive_name,,,
flavin-dependent polyamine oxidases,D,descriptive_name,,,
flavinases,D,descriptive_name,,,
flavodiiron proteins,D,descriptive_name,,,
flavodoxin,D,descriptive_name,,,
Flavodoxins,D,descriptive_name,,,
flavohemoglobin denitrosylase,D,descriptive_name,,,
flavohemoprotein nitric oxide dioxygenase,D,descriptive_name,,,
flavone synthase,D,descriptive_name,,,
flavone synthase II,D,descriptive_name,,,
flavone-related genes,D,descriptive_name,,,
Flavone-related oxidases,D,descriptive_name,,,
"flavonoid 3', 5'-hydroxylase",D,descriptive_name,,,
"flavonoid 3',5'-hydroxylase",D,descriptive_name,,,
flavonoid 3'-hydroxylase,D,descriptive_name,,,
flavonoid 3'-monooxygenase,D,descriptive_name,,,
flavonoid 3'5' hydroxylase,D,descriptive_name,,,
flavonoid 3'5'-hydroxylase,D,descriptive_name,,,
"flavonoid 3’,5’-hydroxylase",D,descriptive_name,,,
flavonoid 3’-hydroxylase,D,descriptive_name,,,
"flavonoid 3′,5′-hydroxylase",D,descriptive_name,,,
flavonoid 3′-hydroxylase,D,descriptive_name,,,
flavonoid 3′-monooxygenase,D,descriptive_name,,,
flavonoid biosynthesis genes,D,descriptive_name,,,
flavonoid biosynthetic genes,D,descriptive_name,,,
flavonoid biosynthetic transcripts,D,descriptive_name,,,
flavonoid enzymes,D,descriptive_name,,,
flavonoid hydroxylases,D,descriptive_name,,,
flavonoid structural genes,D,descriptive_name,,,
flavonoid synthesis genes,D,descriptive_name,,,
"flavonoid-3',5'-hydroxylase",D,descriptive_name,,,
flavonoid-3'-hydroxylase,D,descriptive_name,,,
flavonoid-related gene,D,descriptive_name,,,
flavonoid-related genes,D,descriptive_name,,,
flavonoids,D,descriptive_name,,,
flavonol 3-O-glucosyltransferase,D,descriptive_name,,,
flavonol glycosyltransferase,D,descriptive_name,,,
Flavonol O (3)-glucosyltransferase,D,descriptive_name,,,
flavonol synthase,D,descriptive_name,,,
flavonol synthase flavanone 3-hydroxylase-like,D,descriptive_name,,,
flavonol synthase gene,D,descriptive_name,,,
flavonol synthetase,D,descriptive_name,,,
flavonone 3-hydrolase,D,descriptive_name,,,
flavonone 3-hydroxylase,D,descriptive_name,,,
flavoproteins,D,descriptive_name,,,
flavorhemoglobin denitrosylase,D,descriptive_name,,,
flavorubredoxin nitric oxide reductase,D,descriptive_name,,,
FLC,C,bare_gene_symbol,,,
FLC locus,D,descriptive_name,,,
FLC-luciferase,D,descriptive_name,,,
FLC::GUS,D,descriptive_name,,,
FLC::LUC,D,descriptive_name,,,
Fld,D,descriptive_name,,,
Flds,D,descriptive_name,,,
flg22,D,descriptive_name,,,
flg22/FLS2 complex,D,descriptive_name,,,
flippase,D,descriptive_name,,,
flippase-deficient mutants,D,descriptive_name,,,
flippases,D,descriptive_name,,,
FLN,C,bare_gene_symbol,,,
FLO2,C,bare_gene_symbol,,,
FLO4,C,bare_gene_symbol,,,
FLO6,C,bare_gene_symbol,,,
FLO6-4B,D,descriptive_name,,,
FLO6-4D,D,descriptive_name,,,
floral development cessation-associated genes,D,descriptive_name,,,
floral identity genes,D,descriptive_name,,,
floral integrator genes,D,descriptive_name,,,
floridoside phosphate synthase,D,descriptive_name,,,
floridoside-6-phosphate synthases,D,descriptive_name,,,
florigen gene,D,descriptive_name,,,
FLOURY ENDOSPERM 6,D,descriptive_name,,,
flower regulator gene,D,descriptive_name,,,
FLOWERING LOCUS C,D,descriptive_name,,,
FLOWERING LOCUS T,D,descriptive_name,,,
flowering regulators,D,descriptive_name,,,
flowering repressor gene,D,descriptive_name,,,
flowering suppressor,D,descriptive_name,,,
Flowering-promoting factor 1-like protein,D,descriptive_name,,,
flowering-related DEGs,D,descriptive_name,,,
flowering-related genes,D,descriptive_name,,,
FLS,C,bare_gene_symbol,,,
FLS DMR6-like oxygenase 2,D,descriptive_name,,,
FLS gene,D,descriptive_name,,,
FLS1,C,bare_gene_symbol,,,
FLS2,C,bare_gene_symbol,,,
FLS2 gene,D,descriptive_name,,,
FLS2 receptor,D,descriptive_name,,,
FLS2-BAK1,D,descriptive_name,,,
FLS2-BAK1 complex,D,descriptive_name,,,
FLS4,C,bare_gene_symbol,,,
FLSs,D,descriptive_name,,,
flu,D,descriptive_name,,,
fluoride transmembrane transporter,D,descriptive_name,,,
Flv3 protein,D,descriptive_name,,,
FMH,C,bare_gene_symbol,,,
FMN adenylyltransferase,D,descriptive_name,,,
FMO1,C,bare_gene_symbol,,,
FMOGS-OX1,D,descriptive_name,,,
FMOGS-OX2,D,descriptive_name,,,
FNR,C,bare_gene_symbol,,,
FNS,C,bare_gene_symbol,,,
FNS2,C,bare_gene_symbol,,,
FNSII,C,bare_gene_symbol,,,
FOA1,C,bare_gene_symbol,,,
Fom-2,D,descriptive_name,,,
formamidopyrimidine DNA glycosylase,D,descriptive_name,,,
four conserved domains,D,descriptive_name,,,
FOXP3,C,bare_gene_symbol,,,
FPG,C,bare_gene_symbol,,,
FPP-utilizing RcTPS genes,D,descriptive_name,,,
FPPS,C,bare_gene_symbol,,,
FPPS protein,D,descriptive_name,,,
FPPS1,C,bare_gene_symbol,,,
FPS,C,bare_gene_symbol,,,
FPS enzymes,D,descriptive_name,,,
FPS genes,D,descriptive_name,,,
FPS proteins,D,descriptive_name,,,
FPS2,C,bare_gene_symbol,,,
FPSs,D,descriptive_name,,,
fpv,D,descriptive_name,,,
FQR,C,bare_gene_symbol,,,
FQR1,C,bare_gene_symbol,,,
Fragment O24626,D,descriptive_name,,,
free radical scavenger,D,descriptive_name,,,
freezing-responsive genes,D,descriptive_name,,,
FRH,C,bare_gene_symbol,,,
FRK,C,bare_gene_symbol,,,
FRK1,C,bare_gene_symbol,,,
frmA,D,descriptive_name,,,
FRO1,C,bare_gene_symbol,,,
FRO2,C,bare_gene_symbol,,,
FRO5,C,bare_gene_symbol,,,
fructan-catalytic enzymes,D,descriptive_name,,,
fructan-synthesizing genes,D,descriptive_name,,,
fructanases,D,descriptive_name,,,
Fructokinase,D,descriptive_name,,,
fructokinase 2,D,descriptive_name,,,
fructokinase-1,D,descriptive_name,,,
fructokinase-7,D,descriptive_name,,,
fructokinases,D,descriptive_name,,,
"Fructose 1,6-biphosphatase",D,descriptive_name,,,
"fructose 1,6-bisphosphate aldolase",D,descriptive_name,,,
Fructose 6-phospahate 1-phosphotransferase,D,descriptive_name,,,
fructose bisphosphate aldolase,D,descriptive_name,,,
"Fructose-1, 6-bisphosphatase",D,descriptive_name,,,
"fructose-1,6-bis-phosphatase",D,descriptive_name,,,
"fructose-1,6-bisphosphatase",D,descriptive_name,,,
"fructose-1,6-bisphosphate aldolase",D,descriptive_name,,,
"fructose-1,6-bisphosphate aldolase gene",D,descriptive_name,,,
"fructose-2,6-biphosphatase",D,descriptive_name,,,
fructose-binding proteins,D,descriptive_name,,,
fructose-bisphosphate aldolase,D,descriptive_name,,,
Fructose-bisphosphate aldolase (spot 24),D,descriptive_name,,,
fructose-bisphosphate aldolase 6,D,descriptive_name,,,
Fructose-bisphosphate aldolase-like protein,D,descriptive_name,,,
fruit protein PKIWI502,D,descriptive_name,,,
fry2-1,D,descriptive_name,,,
FSD1,C,bare_gene_symbol,,,
FSD2,C,bare_gene_symbol,,,
FsGASA4,B,species_prefix_Fs,Fs,GASA4,
FSPDS,C,bare_gene_symbol,,,
FT,E,noise_too_short,,,
FtABI5,B,species_prefix_Ft,Ft,ABI5,
FTase,D,descriptive_name,,,
FtJAZ,B,species_prefix_Ft,Ft,JAZ,
FtJAZ proteins,D,descriptive_name,,,
FtJAZ1,B,species_prefix_Ft,Ft,JAZ1,
FtJAZ10,B,species_prefix_Ft,Ft,JAZ10,
FtJAZ12,B,species_prefix_Ft,Ft,JAZ12,
FtJAZ2,B,species_prefix_Ft,Ft,JAZ2,
FtJAZ6,B,species_prefix_Ft,Ft,JAZ6,
FtJAZ7,B,species_prefix_Ft,Ft,JAZ7,
FTO,C,bare_gene_symbol,,,
FtPYL gene promoters,D,descriptive_name,,,
FtPYL genes,D,descriptive_name,,,
FtPYL14,B,species_prefix_Ft,Ft,PYL14,
FtPYL17,B,species_prefix_Ft,Ft,PYL17,
FTR,C,bare_gene_symbol,,,
FtsH,D,descriptive_name,,,
FTSH 1,D,descriptive_name,,,
FtsH protease,D,descriptive_name,,,
FtsH11 gene,D,descriptive_name,,,
FtsH11 protease,D,descriptive_name,,,
FtsH2 protease,D,descriptive_name,,,
FTSH5,C,bare_gene_symbol,,,
FtsH6,B,species_prefix_Fts,Fts,H6,
ftsZ,D,descriptive_name,,,
FtTIFY,B,species_prefix_Ft,Ft,TIFY,
FtTIFY1,B,species_prefix_Ft,Ft,TIFY1,
FtZML1,B,species_prefix_Ft,Ft,ZML1,
FtZML2,B,species_prefix_Ft,Ft,ZML2,
FtZML3,B,species_prefix_Ft,Ft,ZML3,
fucoxanthin-chlorophyll a-c-binding protein A/C,D,descriptive_name,,,
fucoxanthin-chlorophyll a–c binding proteins,D,descriptive_name,,,
FucT,D,descriptive_name,,,
FUM1,C,bare_gene_symbol,,,
fumarate hydratase,D,descriptive_name,,,
fumarylacetoacetate hydrolase,D,descriptive_name,,,
functional enzyme,D,descriptive_name,,,
functional gene,D,descriptive_name,,,
functional gene sequences,D,descriptive_name,,,
functional genes,D,descriptive_name,,,
functional protein,D,descriptive_name,,,
functional proteins,D,descriptive_name,,,
fungal acid alpha-galactosidase,D,descriptive_name,,,
Fungal endo-polygalacturonases,D,descriptive_name,,,
fungal enzymes,D,descriptive_name,,,
fungal NADP(H)-GDH gene,D,descriptive_name,,,
fungal proteins,D,descriptive_name,,,
FUS3,C,bare_gene_symbol,,,
FUS3 protein,D,descriptive_name,,,
fus3-3,D,descriptive_name,,,
FUS3-GFP protein,D,descriptive_name,,,
Fusarium hydrolytic enzymes,D,descriptive_name,,,
Fusarium proteinases,D,descriptive_name,,,
FUSC3,C,bare_gene_symbol,,,
fusion proteins,D,descriptive_name,,,
fusion transgene,D,descriptive_name,,,
fusions,D,descriptive_name,,,
FUT13,C,bare_gene_symbol,,,
FvDIR13,B,species_prefix_Fv,Fv,DIR13,
FveGA20ox4,B,species_prefix_Fve,Fve,GA20ox4,
FveGRAS,B,species_prefix_Fve,Fve,GRAS,
FveGRAS genes,D,descriptive_name,,,
FveGRAS1,B,species_prefix_Fve,Fve,GRAS1,
FveGRAS14,B,species_prefix_Fve,Fve,GRAS14,
FveGRAS30,B,species_prefix_Fve,Fve,GRAS30,
FveGRAS34,B,species_prefix_Fve,Fve,GRAS34,
FveGRAS49,B,species_prefix_Fve,Fve,GRAS49,
FveGRAS52,B,species_prefix_Fve,Fve,GRAS52,
FveRGA1,B,species_prefix_Fve,Fve,RGA1,
FvGRF,B,species_prefix_Fv,Fv,GRF,
FvGRF10,B,species_prefix_Fv,Fv,GRF10,
FvGRF2,B,species_prefix_Fv,Fv,GRF2,
FvGRF3,B,species_prefix_Fv,Fv,GRF3,
FvGRF6,B,species_prefix_Fv,Fv,GRF6,
FvGRF7,B,species_prefix_Fv,Fv,GRF7,
FvGRF8,B,species_prefix_Fv,Fv,GRF8,
FvGRF9,B,species_prefix_Fv,Fv,GRF9,
FvHsf genes,D,descriptive_name,,,
FvHsfA2a,B,species_prefix_Fv,Fv,HsfA2a,
FvHsfA3a,B,species_prefix_Fv,Fv,HsfA3a,
FvHsfA4a,B,species_prefix_Fv,Fv,HsfA4a,
FvHsfA5a,B,species_prefix_Fv,Fv,HsfA5a,
FvHsfA6a,B,species_prefix_Fv,Fv,HsfA6a,
FvHsfA9a,B,species_prefix_Fv,Fv,HsfA9a,
FvHsfB1a,B,species_prefix_Fv,Fv,HsfB1a,
FvHsfB2a,B,species_prefix_Fv,Fv,HsfB2a,
FvHsfC1a,B,species_prefix_Fv,Fv,HsfC1a,
FvNAC genes,D,descriptive_name,,,
FvNAC transcription factors,D,descriptive_name,,,
FvNAC02,B,species_prefix_Fv,Fv,NAC02,
FvNAC03,B,species_prefix_Fv,Fv,NAC03,
FvNAC04,B,species_prefix_Fv,Fv,NAC04,
FvNAC11,B,species_prefix_Fv,Fv,NAC11,
FvNAC14,B,species_prefix_Fv,Fv,NAC14,
FvNAC15,B,species_prefix_Fv,Fv,NAC15,
FvNAC17,B,species_prefix_Fv,Fv,NAC17,
FvNAC18,B,species_prefix_Fv,Fv,NAC18,
FvNAC20,B,species_prefix_Fv,Fv,NAC20,
FvNAC23,B,species_prefix_Fv,Fv,NAC23,
FvNAC24,B,species_prefix_Fv,Fv,NAC24,
FvNAC27,B,species_prefix_Fv,Fv,NAC27,
FvNAC28,B,species_prefix_Fv,Fv,NAC28,
FvNAC29,B,species_prefix_Fv,Fv,NAC29,
FvNAC30,B,species_prefix_Fv,Fv,NAC30,
FvNAC31,B,species_prefix_Fv,Fv,NAC31,
FvNAC36,B,species_prefix_Fv,Fv,NAC36,
FvPDB,B,species_prefix_Fv,Fv,PDB,
FvWRKY75,B,species_prefix_Fv,Fv,WRKY75,
FW2.2,C,bare_gene_symbol,,,
FxxhVQxhTG motif,D,descriptive_name,,,
FyPP3,B,species_prefix_Fy,Fy,PP3,
g,E,noise_too_short,,,
G protein γ subunit,D,descriptive_name,,,
G protein-coupled receptors,D,descriptive_name,,,
G proteins,D,descriptive_name,,,
G-3-PD,D,descriptive_name,,,
G-6-PDH,D,descriptive_name,,,
G-alpha subunit,D,descriptive_name,,,
G-box,D,descriptive_name,,,
G-box cis-elements,D,descriptive_name,,,
G-box coupler elements,D,descriptive_name,,,
G-boxes,D,descriptive_name,,,
G-POD,D,descriptive_name,,,
G-POX,D,descriptive_name,,,
G-protein,D,descriptive_name,,,
G-protein γ subunits,D,descriptive_name,,,
G-proteins,D,descriptive_name,,,
G-type LecRLKs,D,descriptive_name,,,
G-type lectin receptor-like kinases,D,descriptive_name,,,
G-type lectin S-receptor-like serine threonine-protein kinase,D,descriptive_name,,,
G-type lectin S-receptor-like serine threonine-protein kinases,D,descriptive_name,,,
G1 cyclins,D,descriptive_name,,,
G1-D1,D,descriptive_name,,,
G14317,C,bare_gene_symbol,,,
g17573,D,descriptive_name,,,
g18115.t1,D,descriptive_name,,,
G1P adenylyltransferase,D,descriptive_name,,,
g20539,D,descriptive_name,,,
g22345.t1,D,descriptive_name,,,
G27744,C,bare_gene_symbol,,,
G2DT,C,bare_gene_symbol,,,
g30636,D,descriptive_name,,,
G3BP,C,bare_gene_symbol,,,
G3PDH,C,bare_gene_symbol,,,
g43412,D,descriptive_name,,,
G5K,C,bare_gene_symbol,,,
G6DPH,C,bare_gene_symbol,,,
G6P dehydrogenase,D,descriptive_name,,,
G6PC,C,bare_gene_symbol,,,
G6PD,C,bare_gene_symbol,,,
G6PDH,C,bare_gene_symbol,,,
g8994.t1,D,descriptive_name,,,
g8997.t1,D,descriptive_name,,,
g9735,D,descriptive_name,,,
g9738,D,descriptive_name,,,
G9941,C,bare_gene_symbol,,,
G_117717,D,descriptive_name,,,
G_221740,D,descriptive_name,,,
G_88909,D,descriptive_name,,,
GA 2-beta-dioxygenase,D,descriptive_name,,,
GA 2-oxidase,D,descriptive_name,,,
GA 2-oxidase gene,D,descriptive_name,,,
GA 20-oxidase,D,descriptive_name,,,
GA 20-oxidases,D,descriptive_name,,,
GA 3-oxidase,D,descriptive_name,,,
GA 3-oxidases,D,descriptive_name,,,
GA 3-β-hydroxylase,D,descriptive_name,,,
GA biosynthetic enzyme,D,descriptive_name,,,
GA biosynthetic gene,D,descriptive_name,,,
GA catabolic genes,D,descriptive_name,,,
GA deactivation enzymes,D,descriptive_name,,,
GA insensitive dwarf 1,D,descriptive_name,,,
GA oxidase,D,descriptive_name,,,
GA oxidase family genes,D,descriptive_name,,,
GA oxidases,D,descriptive_name,,,
GA receptor,D,descriptive_name,,,
GA receptor GID1 genes,D,descriptive_name,,,
GA receptors,D,descriptive_name,,,
GA regulatory genes,D,descriptive_name,,,
GA response element,D,descriptive_name,,,
GA signaling genes,D,descriptive_name,,,
GA-2-oxidases,D,descriptive_name,,,
GA-20-oxidases,D,descriptive_name,,,
GA-3-oxidases,D,descriptive_name,,,
GA-biosynthetic gene,D,descriptive_name,,,
GA-deactivating gene,D,descriptive_name,,,
GA-insensitive dwarf 1,D,descriptive_name,,,
GA-motif,D,descriptive_name,,,
GA-regulated DELLA proteins,D,descriptive_name,,,
GA-regulated family protein genes,D,descriptive_name,,,
GA-regulated protein 1-like,D,descriptive_name,,,
GA-regulated proteins,D,descriptive_name,,,
GA-related DEGs,D,descriptive_name,,,
GA-related DELLA proteins,D,descriptive_name,,,
GA-related gene,D,descriptive_name,,,
GA-related genes,D,descriptive_name,,,
GA-related stress-resistance genes,D,descriptive_name,,,
GA-responsive cis-acting elements,D,descriptive_name,,,
GA-responsive cis-elements,D,descriptive_name,,,
GA-responsive elements,D,descriptive_name,,,
GA-responsive gene,D,descriptive_name,,,
GA-responsive genes,D,descriptive_name,,,
GA-responsive motifs,D,descriptive_name,,,
GA-responsive transcription factors,D,descriptive_name,,,
GA-sensitive alleles,D,descriptive_name,,,
GA-stimulated Arabidopsis,D,descriptive_name,,,
GA-stimulated like,D,descriptive_name,,,
GA-stimulated protein 1,D,descriptive_name,,,
GA1,C,bare_gene_symbol,,,
ga1 mutant,D,descriptive_name,,,
ga1-3,D,descriptive_name,,,
ga1-3 mutant,D,descriptive_name,,,
GA2,C,bare_gene_symbol,,,
GA2 oxidase 1,D,descriptive_name,,,
GA2-like,D,descriptive_name,,,
GA2-ox,D,descriptive_name,,,
GA2-oxidase,D,descriptive_name,,,
GA2-oxidases,D,descriptive_name,,,
GA20 oxidase 1,D,descriptive_name,,,
GA20 oxidase gene,D,descriptive_name,,,
GA20 oxidases,D,descriptive_name,,,
GA20-oxidase,D,descriptive_name,,,
GA20-oxidases,D,descriptive_name,,,
GA20ox,D,descriptive_name,,,
GA20OX1,C,bare_gene_symbol,,,
GA20OX2,C,bare_gene_symbol,,,
GA20ox3,C,bare_gene_symbol,,,
GA20ox4,C,bare_gene_symbol,,,
GA20oxs,D,descriptive_name,,,
GA2ox,D,descriptive_name,,,
GA2ox family,D,descriptive_name,,,
GA2ox-related gene,D,descriptive_name,,,
GA2OX1,C,bare_gene_symbol,,,
GA2ox2,C,bare_gene_symbol,,,
GA2ox3,C,bare_gene_symbol,,,
GA2OX5,C,bare_gene_symbol,,,
GA2ox6,C,bare_gene_symbol,,,
GA2ox7,C,bare_gene_symbol,,,
GA2ox8,C,bare_gene_symbol,,,
GA2ox8c,D,descriptive_name,,,
GA2oxs,D,descriptive_name,,,
GA3,C,bare_gene_symbol,,,
GA3 response elements,D,descriptive_name,,,
GA3-ox,D,descriptive_name,,,
GA3-oxidase,D,descriptive_name,,,
GA3-oxidases,D,descriptive_name,,,
GA3-responsive cis-elements,D,descriptive_name,,,
GA3ox,D,descriptive_name,,,
GA3ox1,C,bare_gene_symbol,,,
GA3ox2,C,bare_gene_symbol,,,
GA3OX4,C,bare_gene_symbol,,,
GA3oxs,D,descriptive_name,,,
GAAGAAGAA,C,bare_gene_symbol,,,
GABA,C,bare_gene_symbol,,,
GABA A receptor gene,D,descriptive_name,,,
GABA aminotransferase,D,descriptive_name,,,
GABA receptor,D,descriptive_name,,,
GABA receptors,D,descriptive_name,,,
GABA transaminase,D,descriptive_name,,,
GABA transaminase 1,D,descriptive_name,,,
GABA-gated chloride channels,D,descriptive_name,,,
GABA-metabolizing enzymes,D,descriptive_name,,,
GABA-T,D,descriptive_name,,,
GABA-TK,D,descriptive_name,,,
GABA-TP,D,descriptive_name,,,
GABAA receptors,D,descriptive_name,,,
gabD,D,descriptive_name,,,
gabT,D,descriptive_name,,,
gacA,D,descriptive_name,,,
gacS,D,descriptive_name,,,
gacS/gacA two-component system,D,descriptive_name,,,
GAD,C,bare_gene_symbol,,,
GAD enzyme,D,descriptive_name,,,
GAD enzymes,D,descriptive_name,,,
GAD family members,D,descriptive_name,,,
GAD gene family,D,descriptive_name,,,
GAD isoforms,D,descriptive_name,,,
GAD promoters,D,descriptive_name,,,
GAD proteins,D,descriptive_name,,,
GAD1,C,bare_gene_symbol,,,
GAD1/2,D,descriptive_name,,,
GAD2,C,bare_gene_symbol,,,
GAD3,C,bare_gene_symbol,,,
GAD5,C,bare_gene_symbol,,,
GADPH,C,bare_gene_symbol,,,
GADPH A,D,descriptive_name,,,
GADPH B,D,descriptive_name,,,
GAE,C,bare_gene_symbol,,,
GAE1,C,bare_gene_symbol,,,
GAI,C,bare_gene_symbol,,,
gai-D,D,descriptive_name,,,
GAI-like,D,descriptive_name,,,
GAL1 promoter,D,descriptive_name,,,
"Galactan 1,3-beta-galactosidase",D,descriptive_name,,,
galactanase,D,descriptive_name,,,
galactinol sucrose galactosyl transferase,D,descriptive_name,,,
galactinol synthase,D,descriptive_name,,,
galactinol synthase 1,D,descriptive_name,,,
galactinol synthase 2,D,descriptive_name,,,
galactinol synthase enzymes,D,descriptive_name,,,
galactinol synthase family,D,descriptive_name,,,
galactinol synthase genes,D,descriptive_name,,,
galactinol synthases,D,descriptive_name,,,
Galactinol synthetase,D,descriptive_name,,,
Galactinol--sucrose galactosyltransferase-like,D,descriptive_name,,,
galactinol-sucrose galactosyltransferase,D,descriptive_name,,,
galactinol-sucrose galactosyltransferase 2,D,descriptive_name,,,
galactitol synthase,D,descriptive_name,,,
galactolipase,D,descriptive_name,,,
galactonolactone dehydrogenase,D,descriptive_name,,,
galactose mutarotase,D,descriptive_name,,,
galactose mutarotases,D,descriptive_name,,,
Galactose oxidase,D,descriptive_name,,,
Galactose oxidase-like,D,descriptive_name,,,
Galactosidases,D,descriptive_name,,,
galactoside 2-alpha-L-fucosyltransferase,D,descriptive_name,,,
galactosyl transferase,D,descriptive_name,,,
galactosyltransferases,D,descriptive_name,,,
galacturonate reductase,D,descriptive_name,,,
GALACTURONOSYLTRANSFERASE-LIKE 5,D,descriptive_name,,,
galacturonosyltransferases,D,descriptive_name,,,
galM,D,descriptive_name,,,
GALMs,D,descriptive_name,,,
GALS-promoter genes,D,descriptive_name,,,
GALT1,C,bare_gene_symbol,,,
GAME,C,bare_gene_symbol,,,
GAME genes,D,descriptive_name,,,
GAME11,C,bare_gene_symbol,,,
GAME12,C,bare_gene_symbol,,,
gamma,D,descriptive_name,,,
gamma subunits,D,descriptive_name,,,
Gamma-aminobutyrate transaminase 1,D,descriptive_name,,,
gamma-ECS,D,descriptive_name,,,
gamma-glutamyl kinase,D,descriptive_name,,,
gamma-glutamyl transferase,D,descriptive_name,,,
gamma-glutamyl transpeptidase,D,descriptive_name,,,
gamma-glutamylcyclotransferase,D,descriptive_name,,,
gamma-glutamylcysteine synthetase,D,descriptive_name,,,
gamma-glutamylcysteine synthetase1,D,descriptive_name,,,
Gamma-thionin,D,descriptive_name,,,
gamma-TMT,D,descriptive_name,,,
gamma-tocopherol methyl transferase,D,descriptive_name,,,
gamma-tocopherol methyltransferase,D,descriptive_name,,,
gamma-zeathionins,D,descriptive_name,,,
GAMYB,C,bare_gene_symbol,,,
GAMYB transcription factor,D,descriptive_name,,,
GAMYB transcription factors,D,descriptive_name,,,
GAMYB-like transcription factors,D,descriptive_name,,,
GAMYB-like1,D,descriptive_name,,,
GAMYB1,C,bare_gene_symbol,,,
GAox,D,descriptive_name,,,
GAP-DH,D,descriptive_name,,,
GAPA,C,bare_gene_symbol,,,
GAPB,C,bare_gene_symbol,,,
GAPC,C,bare_gene_symbol,,,
GAPC1,C,bare_gene_symbol,,,
GAPCP-1,D,descriptive_name,,,
GAPCP-2,D,descriptive_name,,,
GAPCP1,C,bare_gene_symbol,,,
GAPCP1-GFP,D,descriptive_name,,,
GAPDH,C,bare_gene_symbol,,,
GAPDH beta subunit,D,descriptive_name,,,
GAPDH gene,D,descriptive_name,,,
GARE,C,bare_gene_symbol,,,
GARE cis-element,D,descriptive_name,,,
GARE motif,D,descriptive_name,,,
GARE promoter elements,D,descriptive_name,,,
GARE-motif,D,descriptive_name,,,
GARE-motifs,D,descriptive_name,,,
GAREs,D,descriptive_name,,,
GaRPL18,B,species_prefix_Ga,Ga,RPL18,
GAS,C,bare_gene_symbol,,,
GASA,C,bare_gene_symbol,,,
GASA family,D,descriptive_name,,,
GASA family genes,D,descriptive_name,,,
GASA family members,D,descriptive_name,,,
GASA gene expression,D,descriptive_name,,,
GASA gene family,D,descriptive_name,,,
GASA genes,D,descriptive_name,,,
GASA proteins,D,descriptive_name,,,
GASA transcripts,D,descriptive_name,,,
GASA1,C,bare_gene_symbol,,,
GASA1-like,D,descriptive_name,,,
GASA14,C,bare_gene_symbol,,,
GASA4,C,bare_gene_symbol,,,
GASA4/6,D,descriptive_name,,,
GASA5,C,bare_gene_symbol,,,
GASA5 protein,D,descriptive_name,,,
GASA6,C,bare_gene_symbol,,,
GASR1,C,bare_gene_symbol,,,
GASR10,C,bare_gene_symbol,,,
GASR5,C,bare_gene_symbol,,,
GAST1 precursor,D,descriptive_name,,,
GAT,C,bare_gene_symbol,,,
GAT transporters,D,descriptive_name,,,
GAT1,C,bare_gene_symbol,,,
GAT1 gene,D,descriptive_name,,,
GATA,C,bare_gene_symbol,,,
GATA factors,D,descriptive_name,,,
GATA families,D,descriptive_name,,,
GATA family genes,D,descriptive_name,,,
GATA family members,D,descriptive_name,,,
GATA family proteins,D,descriptive_name,,,
GATA family transcription factors,D,descriptive_name,,,
GATA genes,D,descriptive_name,,,
GATA proteins,D,descriptive_name,,,
GATA transcription factor,D,descriptive_name,,,
GATA transcription factors,D,descriptive_name,,,
GATA22,C,bare_gene_symbol,,,
GATA7,C,bare_gene_symbol,,,
GATAs,D,descriptive_name,,,
GATL10,C,bare_gene_symbol,,,
GAUT,C,bare_gene_symbol,,,
GAUT1,C,bare_gene_symbol,,,
GAUT12,C,bare_gene_symbol,,,
GAUT7,C,bare_gene_symbol,,,
Gb_01260,D,descriptive_name,,,
Gb_01536,D,descriptive_name,,,
Gb_01539,D,descriptive_name,,,
Gb_02181,D,descriptive_name,,,
Gb_03208,D,descriptive_name,,,
Gb_04811,D,descriptive_name,,,
Gb_06259,D,descriptive_name,,,
Gb_11538,D,descriptive_name,,,
Gb_13947,D,descriptive_name,,,
Gb_16297,D,descriptive_name,,,
Gb_17714,D,descriptive_name,,,
Gb_19030,D,descriptive_name,,,
Gb_19037,D,descriptive_name,,,
Gb_23485,D,descriptive_name,,,
Gb_27241,D,descriptive_name,,,
Gb_35734,D,descriptive_name,,,
Gb_37290,D,descriptive_name,,,
GbANR47,B,species_prefix_Gb,Gb,ANR47,
GbEDS1,B,species_prefix_Gb,Gb,EDS1,
GbERF1-like,B,species_prefix_Gb,Gb,ERF1-like,
GBF2,C,bare_gene_symbol,,,
GBF6,C,bare_gene_symbol,,,
GbHSP16.8,D,descriptive_name,,,
GbHSP17,B,species_prefix_Gb,Gb,HSP17,
GbHSP70,B,species_prefix_Gb,Gb,HSP70,
GbHyPRP1,B,species_prefix_Gb,Gb,HyPRP1,
GBL,C,bare_gene_symbol,,,
GbMPK3,B,species_prefix_Gb,Gb,MPK3,
GbPrx52,B,species_prefix_Gb,Gb,Prx52,
GbRCI3,B,species_prefix_Gb,Gb,RCI3,
GBSS,C,bare_gene_symbol,,,
GBSS I,D,descriptive_name,,,
GBSS-I,D,descriptive_name,,,
GBSS1,C,bare_gene_symbol,,,
gbss1b,D,descriptive_name,,,
GBSSI,C,bare_gene_symbol,,,
GBSSI/II,D,descriptive_name,,,
GBSSII,C,bare_gene_symbol,,,
Gbvdr6,C,bare_gene_symbol,,,
GC-motif,D,descriptive_name,,,
GCaMP6,C,bare_gene_symbol,,,
GCaMP6-based reporters,D,descriptive_name,,,
GCaMP6f,D,descriptive_name,,,
GCC box elements,D,descriptive_name,,,
GCC box motif,D,descriptive_name,,,
GCCCORE,C,bare_gene_symbol,,,
gcl,D,descriptive_name,,,
GCLC,C,bare_gene_symbol,,,
GCLM,C,bare_gene_symbol,,,
GCN2,C,bare_gene_symbol,,,
GCN2 kinase,D,descriptive_name,,,
GCN5,C,bare_gene_symbol,,,
GCS,C,bare_gene_symbol,,,
GDC,C,bare_gene_symbol,,,
GDC complex,D,descriptive_name,,,
GDC P protein,D,descriptive_name,,,
GDC P-protein,D,descriptive_name,,,
GDC protein,D,descriptive_name,,,
GDC-P,D,descriptive_name,,,
GDE1,C,bare_gene_symbol,,,
GDE1-like GDPD genes,D,descriptive_name,,,
GDE3,C,bare_gene_symbol,,,
GDE3-like,D,descriptive_name,,,
GDH,C,bare_gene_symbol,,,
GDH genes,D,descriptive_name,,,
GDH members,D,descriptive_name,,,
GDP synthase,D,descriptive_name,,,
"GDP-D-mannose 3',5' epimerase",D,descriptive_name,,,
"GDP-D-mannose 3’,5’-epimerase",D,descriptive_name,,,
GDP-D-mannose pyrophosphorylase,D,descriptive_name,,,
GDP-L-galactose phosphorylase,D,descriptive_name,,,
"GDP-Man-3',5'-epimerase",D,descriptive_name,,,
"GDP-mannose 3,5-epimerase 1",D,descriptive_name,,,
GDP-mannose pyrophosphorylase,D,descriptive_name,,,
GDPD genes,D,descriptive_name,,,
GDPD1,C,bare_gene_symbol,,,
GDPD1 enzyme,D,descriptive_name,,,
GDPD3,C,bare_gene_symbol,,,
GDPD4,C,bare_gene_symbol,,,
GDPDs,D,descriptive_name,,,
GDSL,C,bare_gene_symbol,,,
GDSL esterase/lipase,D,descriptive_name,,,
GDSL esterase/lipase protein,D,descriptive_name,,,
GDSL esterases,D,descriptive_name,,,
GDSL esterases/lipases,D,descriptive_name,,,
GDSL lipase gene,D,descriptive_name,,,
GDSL lipase/esterase,D,descriptive_name,,,
GDSL lipases,D,descriptive_name,,,
GDSL-like,D,descriptive_name,,,
GDSL-like lipases,D,descriptive_name,,,
GDSL-lipase,D,descriptive_name,,,
GDSL-lipases,D,descriptive_name,,,
GDSL1,C,bare_gene_symbol,,,
GELP,C,bare_gene_symbol,,,
GEM,C,bare_gene_symbol,,,
gene,D,descriptive_name,,,
gene activator,D,descriptive_name,,,
gene clusters,D,descriptive_name,,,
gene expression,D,descriptive_name,,,
gene families,D,descriptive_name,,,
gene modules,D,descriptive_name,,,
gene promoter regions,D,descriptive_name,,,
gene promoters,D,descriptive_name,,,
gene transcripts for IAA,D,descriptive_name,,,
gene transcripts of IAA,D,descriptive_name,,,
gene-20ox-3,D,descriptive_name,,,
gene-Cem18215,D,descriptive_name,,,
gene-Cem18750,D,descriptive_name,,,
gene-Cem21474,D,descriptive_name,,,
genes,D,descriptive_name,,,
genes associated with iron ion binding,D,descriptive_name,,,
genes associated with stress adaptation,D,descriptive_name,,,
genes encoding GA,D,descriptive_name,,,
genes for ABA degradation,D,descriptive_name,,,
genes for ABA synthesis and response,D,descriptive_name,,,
genes for ammonia assimilation,D,descriptive_name,,,
genes for capsular and extracellular polysaccharides,D,descriptive_name,,,
genes for DNA integrity checkpoints,D,descriptive_name,,,
genes for nitrate/nitrite ammonification,D,descriptive_name,,,
genes for nitrogen fixation,D,descriptive_name,,,
genes in the flavonoid pathway,D,descriptive_name,,,
genes involved in amino acid metabolism,D,descriptive_name,,,
Genes involved in brassinosteroid signaling,D,descriptive_name,,,
genes involved in direct protection from stress,D,descriptive_name,,,
genes involved in disulfide bond formation,D,descriptive_name,,,
"genes involved in energy, starch, and lipid biosynthesis",D,descriptive_name,,,
genes involved in flavonoid biosynthesis,D,descriptive_name,,,
genes involved in fructose metabolism,D,descriptive_name,,,
"genes involved in lipid, starch, and energy biosynthesis",D,descriptive_name,,,
genes involved in nucleotide synthesis,D,descriptive_name,,,
genes involved in starch accumulation and metabolism,D,descriptive_name,,,
genes involved in sugar metabolism and biosynthesis,D,descriptive_name,,,
genes related to carbohydrate metabolism,D,descriptive_name,,,
genes related to carbohydrate transport,D,descriptive_name,,,
genes related to gibberellin signaling,D,descriptive_name,,,
genes related to late grain development,D,descriptive_name,,,
genes related to starch and sucrose metabolism,D,descriptive_name,,,
genes related to xylan biosynthesis,D,descriptive_name,,,
genes required for cytokinin synthesis and response,D,descriptive_name,,,
genes responsible for aeration tissue formation,D,descriptive_name,,,
genes responsive to wounding,D,descriptive_name,,,
genes specific to germination,D,descriptive_name,,,
genetic markers,D,descriptive_name,,,
genetic regions,D,descriptive_name,,,
genetic regulators,D,descriptive_name,,,
gene–CQW23_26103,D,descriptive_name,,,
geraniol 10-hydroxylase gene,D,descriptive_name,,,
geraniol 8-hydroxylase-like protein,D,descriptive_name,,,
Geraniol biosynthesis genes,D,descriptive_name,,,
geranyl diphosphate synthase,D,descriptive_name,,,
geranylgeranyl diphosphate synthase,D,descriptive_name,,,
geranylgeranyl pyrophosphate synthase,D,descriptive_name,,,
Geranylgeranyl pyrophosphate synthase subunits,D,descriptive_name,,,
geranylgeranyl reductase,D,descriptive_name,,,
geranylgeranyl transferase,D,descriptive_name,,,
geranylgeranytransferase type I,D,descriptive_name,,,
geranylgeranytransferase type II,D,descriptive_name,,,
GERD,C,bare_gene_symbol,,,
germacrene A synthase,D,descriptive_name,,,
germacrene D synthase,D,descriptive_name,,,
Germacrene synthase,D,descriptive_name,,,
germacrene synthases,D,descriptive_name,,,
germacrene-D-synthase gene,D,descriptive_name,,,
germacrene-D-synthases,D,descriptive_name,,,
germin gene,D,descriptive_name,,,
germin-like protein,D,descriptive_name,,,
germin-like protein 3,D,descriptive_name,,,
germin-like proteins,D,descriptive_name,,,
germination-related genes,D,descriptive_name,,,
germins,D,descriptive_name,,,
GES,C,bare_gene_symbol,,,
gf-2.8,D,descriptive_name,,,
GFP,C,bare_gene_symbol,,,
GFP fusions,D,descriptive_name,,,
GFP-CP,D,descriptive_name,,,
GFP-tagged,D,descriptive_name,,,
GFP-tagged fusion proteins,D,descriptive_name,,,
GFP-tagged proteins,D,descriptive_name,,,
GFP-tagged α-tubulin,D,descriptive_name,,,
gfpmut2,D,descriptive_name,,,
Gfr7.1 QTL,D,descriptive_name,,,
gfs9,D,descriptive_name,,,
GGAT1,C,bare_gene_symbol,,,
GGAT2,C,bare_gene_symbol,,,
GGB,C,bare_gene_symbol,,,
GGB gene,D,descriptive_name,,,
ggb-1,D,descriptive_name,,,
GGCT,C,bare_gene_symbol,,,
GGDP,C,bare_gene_symbol,,,
GGDR,C,bare_gene_symbol,,,
GGP,C,bare_gene_symbol,,,
GGPPS,C,bare_gene_symbol,,,
GGPPS1,C,bare_gene_symbol,,,
GGPPS11 gene,D,descriptive_name,,,
GGPPS2,C,bare_gene_symbol,,,
ggpS,D,descriptive_name,,,
GGPS genes,D,descriptive_name,,,
GGPS2,C,bare_gene_symbol,,,
GGPS4,C,bare_gene_symbol,,,
GGPS6,C,bare_gene_symbol,,,
GGPSs,D,descriptive_name,,,
GGT,C,bare_gene_symbol,,,
GGTase I,D,descriptive_name,,,
GGTase II,D,descriptive_name,,,
gh-miR397a-2,D,descriptive_name,,,
GH10,C,bare_gene_symbol,,,
GH12,C,bare_gene_symbol,,,
GH16,C,bare_gene_symbol,,,
GH2.1698,C,bare_gene_symbol,,,
GH23 family lysozymes,D,descriptive_name,,,
GH28 polygalacturonase family,D,descriptive_name,,,
GH28 polygalacturonases,D,descriptive_name,,,
GH3,C,bare_gene_symbol,,,
GH3 amido synthetases,D,descriptive_name,,,
GH3 auxin-responsive promoters,D,descriptive_name,,,
GH3 enzymes,D,descriptive_name,,,
GH3 family,D,descriptive_name,,,
GH3 family amido-synthetases,D,descriptive_name,,,
GH3 family enzyme,D,descriptive_name,,,
GH3 family enzymes,D,descriptive_name,,,
GH3 gene family,D,descriptive_name,,,
GH3 genes,D,descriptive_name,,,
GH3 sub-family,D,descriptive_name,,,
GH3-6,D,descriptive_name,,,
GH3-8,D,descriptive_name,,,
GH3-class enzymes,D,descriptive_name,,,
GH3-like proteins,D,descriptive_name,,,
GH3.1,C,bare_gene_symbol,,,
GH3.1 ortholog,D,descriptive_name,,,
GH3.10,C,bare_gene_symbol,,,
GH3.12,C,bare_gene_symbol,,,
GH3.17,C,bare_gene_symbol,,,
GH3.2,C,bare_gene_symbol,,,
GH3.3,C,bare_gene_symbol,,,
GH3.4,C,bare_gene_symbol,,,
GH3.5,C,bare_gene_symbol,,,
GH3.6,C,bare_gene_symbol,,,
GH3.8,C,bare_gene_symbol,,,
GH3.9,C,bare_gene_symbol,,,
GH310,C,bare_gene_symbol,,,
GH32,C,bare_gene_symbol,,,
GH32 family protein,D,descriptive_name,,,
GH35,C,bare_gene_symbol,,,
GH35 clan A members,D,descriptive_name,,,
GH43,C,bare_gene_symbol,,,
GH43 CAZyme,D,descriptive_name,,,
GH43 family CAZymes,D,descriptive_name,,,
GH5,C,bare_gene_symbol,,,
GH61,C,bare_gene_symbol,,,
GH7,C,bare_gene_symbol,,,
GH7.188,C,bare_gene_symbol,,,
Gh9S-LOX4,D,descriptive_name,,,
Gh_A12G0132,D,descriptive_name,,,
GH_D06G0408,D,descriptive_name,,,
GH_D06G0409,D,descriptive_name,,,
GhABF2,B,species_prefix_Gh,Gh,ABF2,
GhABF3,B,species_prefix_Gh,Gh,ABF3,
GhABF4,B,species_prefix_Gh,Gh,ABF4,
GhABI2,B,species_prefix_Gh,Gh,ABI2,
GhABI5,B,species_prefix_Gh,Gh,ABI5,
GhANK169,B,species_prefix_Gh,Gh,ANK169,
GhANR,B,species_prefix_Gh,Gh,ANR,
GhAOC,B,species_prefix_Gh,Gh,AOC,
GhAOC2,B,species_prefix_Gh,Gh,AOC2,
GhAOS,B,species_prefix_Gh,Gh,AOS,
GhARF18-1,B,species_prefix_Gh,Gh,ARF18-1,
GhARF18-5,B,species_prefix_Gh,Gh,ARF18-5,
GhARF6,B,species_prefix_Gh,Gh,ARF6,
GhAux,B,species_prefix_Gh,Gh,Aux,
GhBLH6,B,species_prefix_Gh,Gh,BLH6,
GhCAD1,B,species_prefix_Gh,Gh,CAD1,
GhCAT family,D,descriptive_name,,,
GhCAT family genes,D,descriptive_name,,,
GhCAT gene,D,descriptive_name,,,
GhCAT genes,D,descriptive_name,,,
GhCAT promoters,D,descriptive_name,,,
GhCAT10D,B,species_prefix_Gh,Gh,CAT10D,
GhCcmFc,B,species_prefix_Gh,Gh,CcmFc,
GhCcmFc-GhCCMH complex,D,descriptive_name,,,
GhCCMH,B,species_prefix_Gh,Gh,CCMH,
GhCDPK,B,species_prefix_Gh,Gh,CDPK,
GhCDPK family,D,descriptive_name,,,
GhCDPK16,B,species_prefix_Gh,Gh,CDPK16,
GhCesA4B,B,species_prefix_Gh,Gh,CesA4B,
GhCesA7B,B,species_prefix_Gh,Gh,CesA7B,
GhCesA8B,B,species_prefix_Gh,Gh,CesA8B,
GhCKI,B,species_prefix_Gh,Gh,CKI,
GhCKI promoter,D,descriptive_name,,,
GhCLA1,B,species_prefix_Gh,Gh,CLA1,
GhCNGC32,B,species_prefix_Gh,Gh,CNGC32,
GhCNGC35,B,species_prefix_Gh,Gh,CNGC35,
GhCYP707A,B,species_prefix_Gh,Gh,CYP707A,
GhCYP71A13,B,species_prefix_Gh,Gh,CYP71A13,
Ghd7,C,bare_gene_symbol,,,
GhDBP2,B,species_prefix_Gh,Gh,DBP2,
GhDFR,B,species_prefix_Gh,Gh,DFR,
GhDi19-1/2,D,descriptive_name,,,
GhDIR1,B,species_prefix_Gh,Gh,DIR1,
GhERF061,B,species_prefix_Gh,Gh,ERF061,
GhERF114,B,species_prefix_Gh,Gh,ERF114,
GhGASA10-1,B,species_prefix_Gh,Gh,GASA10-1,
GhGPA,B,species_prefix_Gh,Gh,GPA,
GhGPXL8,B,species_prefix_Gh,Gh,GPXL8,
GhGST3,B,species_prefix_Gh,Gh,GST3,
GhHAI2,B,species_prefix_Gh,Gh,HAI2,
GhHMAD5,B,species_prefix_Gh,Gh,HMAD5,
GhHSFA4a,B,species_prefix_Gh,Gh,HSFA4a,
GhHSFB2a,B,species_prefix_Gh,Gh,HSFB2a,
GhHsp17.1A,D,descriptive_name,,,
GhHsp17.9C,D,descriptive_name,,,
GhHsp20 gene family,D,descriptive_name,,,
GhHsp20 genes,D,descriptive_name,,,
GhHsp20 proteins,D,descriptive_name,,,
GhHSP24.7,D,descriptive_name,,,
GhHSP70-26,B,species_prefix_Gh,Gh,HSP70-26,
Ghir_CP12_10,D,descriptive_name,,,
Ghir_D02G013530,D,descriptive_name,,,
Ghir_D03G016230,D,descriptive_name,,,
Ghir_D13G010950.1,D,descriptive_name,,,
GhJAZ2,B,species_prefix_Gh,Gh,JAZ2,
GhJMT,B,species_prefix_Gh,Gh,JMT,
GHKL superfamily,D,descriptive_name,,,
GhLAC15,B,species_prefix_Gh,Gh,LAC15,
GhLox1,B,species_prefix_Gh,Gh,Lox1,
GhLOX6,B,species_prefix_Gh,Gh,LOX6,
GhMAP3K65,B,species_prefix_Gh,Gh,MAP3K65,
GhMPK10,B,species_prefix_Gh,Gh,MPK10,
GhMT3a,B,species_prefix_Gh,Gh,MT3a,
GhMYB4,B,species_prefix_Gh,Gh,MYB4,
GhMYB4 promoter,D,descriptive_name,,,
GhMYB66,B,species_prefix_Gh,Gh,MYB66,
GhNAC72L,B,species_prefix_Gh,Gh,NAC72L,
GhNCED2,B,species_prefix_Gh,Gh,NCED2,
GhNCED3,B,species_prefix_Gh,Gh,NCED3,
GhNCED6,B,species_prefix_Gh,Gh,NCED6,
GhNCED8,B,species_prefix_Gh,Gh,NCED8,
GhNCED9,B,species_prefix_Gh,Gh,NCED9,
GhOPR3,B,species_prefix_Gh,Gh,OPR3,
GhPAS1,B,species_prefix_Gh,Gh,PAS1,
GhPERK2,B,species_prefix_Gh,Gh,PERK2,
GhPIP2;7,D,descriptive_name,,,
GhPRA1,B,species_prefix_Gh,Gh,PRA1,
GhPRA1.B1-1A,D,descriptive_name,,,
GhPRA1.D-2D,D,descriptive_name,,,
GhPRA1.E-1A,D,descriptive_name,,,
GhPRA1.E-2D,D,descriptive_name,,,
GhPRA1.G2-1D,D,descriptive_name,,,
ghr-MIR156d-p3,D,descriptive_name,,,
ghr-miR390a,D,descriptive_name,,,
GhRboh genes,D,descriptive_name,,,
GhRbohK-2A,B,species_prefix_Gh,Gh,RbohK-2A,
GhRbohLA,B,species_prefix_Gh,Gh,RbohLA,
GhRFS genes,D,descriptive_name,,,
GhRFS11D,B,species_prefix_Gh,Gh,RFS11D,
GhRFS1A,B,species_prefix_Gh,Gh,RFS1A,
GhRFS2D,B,species_prefix_Gh,Gh,RFS2D,
GhRFS6A,B,species_prefix_Gh,Gh,RFS6A,
GhROD1,B,species_prefix_Gh,Gh,ROD1,
GhROP3,B,species_prefix_Gh,Gh,ROP3,
GHs,D,descriptive_name,,,
GhSnRK2,B,species_prefix_Gh,Gh,SnRK2,
GhTPS-C2,B,species_prefix_Gh,Gh,TPS-C2,
GhTPS-XC14,B,species_prefix_Gh,Gh,TPS-XC14,
GhVOZ2,B,species_prefix_Gh,Gh,VOZ2,
GhVOZ2 gene,D,descriptive_name,,,
GhVOZ2 transcription factor,D,descriptive_name,,,
GhWOX4,B,species_prefix_Gh,Gh,WOX4,
GhWRKY15,B,species_prefix_Gh,Gh,WRKY15,
GhWRKY40,B,species_prefix_Gh,Gh,WRKY40,
GhYUC2,B,species_prefix_Gh,Gh,YUC2,
GhYUC22,B,species_prefix_Gh,Gh,YUC22,
GhZEP,B,species_prefix_Gh,Gh,ZEP,
GhZFN56L,B,species_prefix_Gh,Gh,ZFN56L,
GI,E,noise_too_short,,,
gibberelin-related heat-responsive genes,D,descriptive_name,,,
gibberellic acid insensitive,D,descriptive_name,,,
gibberellic acid receptor,D,descriptive_name,,,
gibberellic acid-related DEGs,D,descriptive_name,,,
Gibberellic Acid-Stimulated Like,D,descriptive_name,,,
GIBBERELLICACID INSENSITIVE,D,descriptive_name,,,
gibberellin,D,descriptive_name,,,
Gibberellin (GA) biosynthesis genes,D,descriptive_name,,,
gibberellin (GA) catabolism genes,D,descriptive_name,,,
gibberellin 2-beta-dioxygenase,D,descriptive_name,,,
gibberellin 2-beta-dioxygenase 1,D,descriptive_name,,,
gibberellin 2-beta-dioxygenase 6,D,descriptive_name,,,
gibberellin 2-oxidase,D,descriptive_name,,,
gibberellin 2-oxidase genes,D,descriptive_name,,,
gibberellin 20 oxidase,D,descriptive_name,,,
gibberellin 20 oxidase 1,D,descriptive_name,,,
gibberellin 20 oxidase 2,D,descriptive_name,,,
gibberellin 20-oxidase,D,descriptive_name,,,
Gibberellin 20-oxidase 4,D,descriptive_name,,,
gibberellin 20-oxidase genes,D,descriptive_name,,,
Gibberellin 20-oxidase-1,D,descriptive_name,,,
Gibberellin 3-beta-dioxygenase,D,descriptive_name,,,
gibberellin 3-oxidase 4,D,descriptive_name,,,
gibberellin biosynthesis genes,D,descriptive_name,,,
Gibberellin Insensitive Dwarf1,D,descriptive_name,,,
gibberellin insensitive dwarfs,D,descriptive_name,,,
Gibberellin metabolism genes,D,descriptive_name,,,
gibberellin oxidase,D,descriptive_name,,,
gibberellin receptor,D,descriptive_name,,,
gibberellin receptor GID1,D,descriptive_name,,,
gibberellin receptor GID1B12,D,descriptive_name,,,
gibberellin receptor GID1L2,D,descriptive_name,,,
gibberellin receptors,D,descriptive_name,,,
Gibberellin regulatory genes,D,descriptive_name,,,
gibberellin response element,D,descriptive_name,,,
gibberellin response elements,D,descriptive_name,,,
gibberellin stimulus genes,D,descriptive_name,,,
Gibberellin-2-beta-dioxygenase7,D,descriptive_name,,,
gibberellin-44 dioxygenase,D,descriptive_name,,,
GIBBERELLIN-ACID INSENSITIVE,D,descriptive_name,,,
gibberellin-induced regulatory protein,D,descriptive_name,,,
gibberellin-regulated family protein,D,descriptive_name,,,
gibberellin-regulated protein,D,descriptive_name,,,
gibberellin-regulated protein 1-like,D,descriptive_name,,,
gibberellin-regulated protein 8,D,descriptive_name,,,
Gibberellin-regulated proteins,D,descriptive_name,,,
gibberellin-related genes,D,descriptive_name,,,
gibberellin-response elements,D,descriptive_name,,,
gibberellin-responsive cis-acting elements,D,descriptive_name,,,
gibberellin-responsive cis-elements,D,descriptive_name,,,
gibberellin-responsive elements,D,descriptive_name,,,
gibberellin-responsive motifs,D,descriptive_name,,,
GID,C,bare_gene_symbol,,,
GID1,C,bare_gene_symbol,,,
GID1 gene,D,descriptive_name,,,
GID1 genes,D,descriptive_name,,,
GID1 receptor,D,descriptive_name,,,
GID1 receptor genes,D,descriptive_name,,,
GID1 receptors,D,descriptive_name,,,
GID1-1A/D,D,descriptive_name,,,
GID1-DELLA complex,D,descriptive_name,,,
GID1A,C,bare_gene_symbol,,,
GID1B,C,bare_gene_symbol,,,
GID1B-like,D,descriptive_name,,,
GID1B12,C,bare_gene_symbol,,,
GID1C,C,bare_gene_symbol,,,
GID1L2,C,bare_gene_symbol,,,
GID1L3,C,bare_gene_symbol,,,
GID2,C,bare_gene_symbol,,,
GID2 genes,D,descriptive_name,,,
GID2/SLY1 F-box proteins,D,descriptive_name,,,
GIDs,D,descriptive_name,,,
GINT1,C,bare_gene_symbol,,,
gi|149391139,A,ncbi_gi,,,
gi|585032,A,ncbi_gi,,,
gi|75114857,A,ncbi_gi,,,
GK,E,noise_too_short,,,
GL1,C,bare_gene_symbol,,,
GL1-9,D,descriptive_name,,,
GL2,C,bare_gene_symbol,,,
GL3,C,bare_gene_symbol,,,
GLB1,C,bare_gene_symbol,,,
Glc-6-P dehydrogenase,D,descriptive_name,,,
GLD,C,bare_gene_symbol,,,
GLDH,C,bare_gene_symbol,,,
GLDP gene,D,descriptive_name,,,
glgc,D,descriptive_name,,,
glgC-16,D,descriptive_name,,,
glgP,D,descriptive_name,,,
GLI1,C,bare_gene_symbol,,,
gliadin,D,descriptive_name,,,
gliadin-like heat shock elements,D,descriptive_name,,,
gliadin-like subunits,D,descriptive_name,,,
Gliadin-related proteins,D,descriptive_name,,,
gliadins,D,descriptive_name,,,
Glimmer-MG,D,descriptive_name,,,
GLK1,C,bare_gene_symbol,,,
GLK2,C,bare_gene_symbol,,,
glmSMU,D,descriptive_name,,,
GLN1-1,D,descriptive_name,,,
GLN1-4,D,descriptive_name,,,
GlnB,D,descriptive_name,,,
GLO,C,bare_gene_symbol,,,
glo1,D,descriptive_name,,,
GLO5,C,bare_gene_symbol,,,
globulin,D,descriptive_name,,,
Globulin-1 S allele,D,descriptive_name,,,
Globulins,D,descriptive_name,,,
GloS1,B,species_prefix_Glo,Glo,S1,
GLOS2,C,bare_gene_symbol,,,
Glossy1,C,bare_gene_symbol,,,
Glox1,C,bare_gene_symbol,,,
Glox1 genes,D,descriptive_name,,,
GLP,C,bare_gene_symbol,,,
GLP genes,D,descriptive_name,,,
GLP receptors,D,descriptive_name,,,
GlpD,D,descriptive_name,,,
GLPs,D,descriptive_name,,,
GLR,C,bare_gene_symbol,,,
GLR channels,D,descriptive_name,,,
GLR3.1,C,bare_gene_symbol,,,
GLR3.4,C,bare_gene_symbol,,,
GLRs,D,descriptive_name,,,
GLS,C,bare_gene_symbol,,,
GlsF,D,descriptive_name,,,
gltP,D,descriptive_name,,,
GLU,C,bare_gene_symbol,,,
GLU gene,D,descriptive_name,,,
GLU1,C,bare_gene_symbol,,,
Glu222B,D,descriptive_name,,,
GluA,D,descriptive_name,,,
GluA1,B,species_prefix_Glu,Glu,A1,
GluA2,B,species_prefix_Glu,Glu,A2,
GluB,D,descriptive_name,,,
"glucan endo-1,3-beta-D-glucosidase",D,descriptive_name,,,
"glucan endo-1,3-beta-glucosidase",D,descriptive_name,,,
"glucan endo-1,3-beta-glucosidase-like protein 2-like",D,descriptive_name,,,
glucan synthase-3,D,descriptive_name,,,
glucan water dikinase,D,descriptive_name,,,
glucan-synthase-likes,D,descriptive_name,,,
glucanase,D,descriptive_name,,,
glucanase DEGs,D,descriptive_name,,,
glucanases,D,descriptive_name,,,
glucoronyl transferases,D,descriptive_name,,,
glucosamine inositol phosphorylceramide transferase 1,D,descriptive_name,,,
glucose 6-phosphate dehydrogenase,D,descriptive_name,,,
glucose dehydrogenase,D,descriptive_name,,,
glucose exporting gene,D,descriptive_name,,,
glucose oxidase,D,descriptive_name,,,
glucose oxidase-peroxidase,D,descriptive_name,,,
glucose sensors,D,descriptive_name,,,
GLUCOSE-1-PHOSPHATE ADENYLTRANSFERASE,D,descriptive_name,,,
glucose-1-phosphate adenylyl transferase,D,descriptive_name,,,
glucose-1-phosphate adenylyltransferase,D,descriptive_name,,,
Glucose-1-phosphate adenylyltransferase large subunit 1,D,descriptive_name,,,
Glucose-1-phosphate adenylyltransferase small subunit,D,descriptive_name,,,
glucose-6-phosphate 1-dehydrogenase 1,D,descriptive_name,,,
glucose-6-phosphate 1-dehydrogenase 3,D,descriptive_name,,,
glucose-6-phosphate dehydrogenase,D,descriptive_name,,,
glucose-6-phosphate isomerase,D,descriptive_name,,,
glucose-binding proteins,D,descriptive_name,,,
glucose-methanol-choline oxidoreductases,D,descriptive_name,,,
glucose-phosphate-transporter2,D,descriptive_name,,,
glucose-TOR,D,descriptive_name,,,
glucose/sorbosone dehydrogenases,D,descriptive_name,,,
glucosidases,D,descriptive_name,,,
Glucosinolate metabolism enzymes,D,descriptive_name,,,
glucosinolate-related_MYBs,D,descriptive_name,,,
glucosyl hydrolases,D,descriptive_name,,,
glucosyl transferase,D,descriptive_name,,,
glucosyl transferase genes,D,descriptive_name,,,
glucosyl transferases,D,descriptive_name,,,
glucosyl-glycerol-phosphate synthase,D,descriptive_name,,,
glucosylglycerol-phosphate synthase,D,descriptive_name,,,
Glucosyltransferase,D,descriptive_name,,,
glucosyltransferases,D,descriptive_name,,,
glucuronic acid substitution of xylan 2,D,descriptive_name,,,
glucuronosyltransferase,D,descriptive_name,,,
glucuronoxylan 4-O-methyltransferase 1,D,descriptive_name,,,
Glucuronyl transferase,D,descriptive_name,,,
GLUD1,C,bare_gene_symbol,,,
GluIII,B,species_prefix_Glu,Glu,III,
GLUST,C,bare_gene_symbol,,,
glutamate,D,descriptive_name,,,
glutamate 1-semialdehyde aminotransferase,D,descriptive_name,,,
glutamate 5-kinase,D,descriptive_name,,,
glutamate decarboxylase,D,descriptive_name,,,
GLUTAMATE DECARBOXYLASE 1,D,descriptive_name,,,
Glutamate decarboxylase 5,D,descriptive_name,,,
glutamate decarboxylase gene,D,descriptive_name,,,
glutamate decarboxylase1-like,D,descriptive_name,,,
glutamate decarboxylases,D,descriptive_name,,,
Glutamate dehydrogenase,D,descriptive_name,,,
GLUTAMATE DESCARBOXYLASE,D,descriptive_name,,,
glutamate pyruvate transaminase,D,descriptive_name,,,
glutamate receptor,D,descriptive_name,,,
glutamate receptors,D,descriptive_name,,,
glutamate synthase,D,descriptive_name,,,
glutamate synthase 1,D,descriptive_name,,,
glutamate synthase [NADPH],D,descriptive_name,,,
glutamate synthetase,D,descriptive_name,,,
glutamate-1-semi-aldehyde aminotransferase,D,descriptive_name,,,
"Glutamate-1-semialdehyde 2,1-aminomutase",D,descriptive_name,,,
glutamate-cysteine ligase,D,descriptive_name,,,
glutamate-gated cation channel,D,descriptive_name,,,
Glutamate-glyoxylate aminotransferase,D,descriptive_name,,,
glutamate-glyoxylate aminotransferase 1,D,descriptive_name,,,
glutamate-related enzyme,D,descriptive_name,,,
glutamate-tRNA reductase,D,descriptive_name,,,
glutamate–cysteine ligase,D,descriptive_name,,,
glutamic acid dehydrogenase,D,descriptive_name,,,
Glutamic oxaloacetate transaminase,D,descriptive_name,,,
glutamic oxaloacetic transaminase,D,descriptive_name,,,
glutamic pyruvic transaminase,D,descriptive_name,,,
glutamine alpha-oxoglutarate aminotransferase,D,descriptive_name,,,
glutamine amidotransferase type-2 domain-containing protein,D,descriptive_name,,,
Glutamine amidotransferase-like protein RP404-like,D,descriptive_name,,,
glutamine synthase,D,descriptive_name,,,
glutamine synthetase,D,descriptive_name,,,
Glutamine synthetase (spot 16),D,descriptive_name,,,
glutamine synthetase 2,D,descriptive_name,,,
glutamine synthetase cytosolic isozyme 1-3,D,descriptive_name,,,
glutamine transporter,D,descriptive_name,,,
glutamyl tRNA reductase,D,descriptive_name,,,
glutamyl-tRNA reductase,D,descriptive_name,,,
glutamyl-tRNA synthetase,D,descriptive_name,,,
glutamylcysteine synthetase,D,descriptive_name,,,
Glutaredoxin,D,descriptive_name,,,
glutaredoxin domain-containing protein,D,descriptive_name,,,
glutaredoxins,D,descriptive_name,,,
glutathione dehydrogenase,D,descriptive_name,,,
GLUTATHIONE DEHYDROGENASE (ASCORBATE),D,descriptive_name,,,
glutathione disulfide reductase,D,descriptive_name,,,
glutathione peroxidase,D,descriptive_name,,,
glutathione peroxidase 1,D,descriptive_name,,,
glutathione peroxidase 2,D,descriptive_name,,,
glutathione peroxidase 2 gene,D,descriptive_name,,,
glutathione peroxidase 4,D,descriptive_name,,,
Glutathione peroxidase 6,D,descriptive_name,,,
glutathione peroxidase enzymes,D,descriptive_name,,,
glutathione peroxidase-like encoding 1,D,descriptive_name,,,
glutathione peroxidase-like enzyme family,D,descriptive_name,,,
glutathione peroxidase-like enzymes,D,descriptive_name,,,
GLUTATHIONE PEROXIDASE3,D,descriptive_name,,,
glutathione peroxidases,D,descriptive_name,,,
glutathione peroxide,D,descriptive_name,,,
glutathione pump,D,descriptive_name,,,
Glutathione reductase,D,descriptive_name,,,
glutathione reductase 480,D,descriptive_name,,,
glutathione reductases,D,descriptive_name,,,
glutathione S transferases,D,descriptive_name,,,
Glutathione S-transferase,D,descriptive_name,,,
glutathione S-transferase 1 family protein,D,descriptive_name,,,
glutathione S-transferase 8,D,descriptive_name,,,
glutathione S-transferase genes,D,descriptive_name,,,
glutathione S-transferase omega,D,descriptive_name,,,
Glutathione S-transferase T1-like,D,descriptive_name,,,
glutathione S-transferase tau,D,descriptive_name,,,
glutathione S-transferase U17,D,descriptive_name,,,
Glutathione S-Transferase U19,D,descriptive_name,,,
glutathione S-transferase U6,D,descriptive_name,,,
Glutathione S-transferase-like protein,D,descriptive_name,,,
Glutathione S-transferase/peroxidase,D,descriptive_name,,,
Glutathione S-transferases,D,descriptive_name,,,
Glutathione sulfotransferase,D,descriptive_name,,,
glutathione synthase,D,descriptive_name,,,
glutathione synthase gene,D,descriptive_name,,,
glutathione synthetase,D,descriptive_name,,,
glutathione synthetase 2,D,descriptive_name,,,
Glutathione transferase,D,descriptive_name,,,
glutathione transferase genes,D,descriptive_name,,,
glutathione transferase proteins,D,descriptive_name,,,
glutathione transferases,D,descriptive_name,,,
glutathione transsulfatase,D,descriptive_name,,,
glutathione-conjugating pumps,D,descriptive_name,,,
glutathione-dependent disulfide oxidoreductases,D,descriptive_name,,,
glutathione-dependent enzymes,D,descriptive_name,,,
glutathione-dependent formaldehyde dehydrogenase,D,descriptive_name,,,
glutathione-dependent peroxidases,D,descriptive_name,,,
glutathione-disulfide reductase,D,descriptive_name,,,
glutathione-related enzymes,D,descriptive_name,,,
Glutathione-related genes,D,descriptive_name,,,
glutathione-S transferase,D,descriptive_name,,,
glutathione-S-transferase,D,descriptive_name,,,
glutathione-s-transferase BZ2,D,descriptive_name,,,
glutathione-S-transferase tau 1,D,descriptive_name,,,
Glutathione-S-transferases,D,descriptive_name,,,
glutelin,D,descriptive_name,,,
glutelin family genes,D,descriptive_name,,,
glutelin genes,D,descriptive_name,,,
glutelin precursors,D,descriptive_name,,,
Glutelin proteins,D,descriptive_name,,,
glutelin synthesis genes,D,descriptive_name,,,
Glutelins,D,descriptive_name,,,
gluten,D,descriptive_name,,,
gluten protein,D,descriptive_name,,,
gluten protein genes,D,descriptive_name,,,
gluten proteins,D,descriptive_name,,,
glutenin,D,descriptive_name,,,
glutenin polymers,D,descriptive_name,,,
glutenin protein genes,D,descriptive_name,,,
glutenin proteins,D,descriptive_name,,,
Glutenins,D,descriptive_name,,,
GluTR,D,descriptive_name,,,
GLX family genes,D,descriptive_name,,,
GLX gene,D,descriptive_name,,,
GLX genes,D,descriptive_name,,,
GLX1,C,bare_gene_symbol,,,
GLXI,C,bare_gene_symbol,,,
GLXII,C,bare_gene_symbol,,,
GLXIII,C,bare_gene_symbol,,,
GLY,C,bare_gene_symbol,,,
GLY I,D,descriptive_name,,,
Gly II,D,descriptive_name,,,
GLY III,D,descriptive_name,,,
GLY1,C,bare_gene_symbol,,,
Gly137A,D,descriptive_name,,,
Glyceraldehyde 3-phosphate dehydrogenase,D,descriptive_name,,,
glyceraldehyde triphosphate dehydrogenase,D,descriptive_name,,,
glyceraldehyde triphosphate glyceraldehyde dehydrogenase,D,descriptive_name,,,
glyceraldehyde-3 phosphate dehydrogenase,D,descriptive_name,,,
Glyceraldehyde-3-phosphate dehydrogenase,D,descriptive_name,,,
Glyceraldehyde-3-phosphate dehydrogenase A,D,descriptive_name,,,
Glyceraldehyde-3-phosphate dehydrogenase A (spot 25),D,descriptive_name,,,
glycerate dehydrogenase,D,descriptive_name,,,
Glycerate kinase,D,descriptive_name,,,
glycero-3-phosphate acyltransferase,D,descriptive_name,,,
glycero-3-phosphate dehydrogenase,D,descriptive_name,,,
glycerol kinase,D,descriptive_name,,,
glycerol permeases,D,descriptive_name,,,
glycerol-3-phosphatase 1,D,descriptive_name,,,
Glycerol-3-phosphate acyl transferase,D,descriptive_name,,,
Glycerol-3-phosphate acyltransferase,D,descriptive_name,,,
glycerol-3-phosphate acyltransferase 1,D,descriptive_name,,,
glycerol-3-phosphate acyltransferase 2,D,descriptive_name,,,
glycerol-3-phosphate acyltransferase 3,D,descriptive_name,,,
GLYCEROL-3-PHOSPHATE ACYLTRANSFERASE 9,D,descriptive_name,,,
glycerol-3-phosphate dehydrogenase,D,descriptive_name,,,
glycerophosphodiester phosphodiesterases,D,descriptive_name,,,
glycine betaine transporter gene,D,descriptive_name,,,
glycine cleavage system H protein,D,descriptive_name,,,
glycine cleavage T family protein,D,descriptive_name,,,
Glycine decarboxylase,D,descriptive_name,,,
glycine decarboxylase complex,D,descriptive_name,,,
Glycine dehydrogenase,D,descriptive_name,,,
glycine dehydrogenase (spots 1 and 8),D,descriptive_name,,,
Glycine-proline rich proteins,D,descriptive_name,,,
glycine-rich cell wall protein-like gene,D,descriptive_name,,,
glycine-rich protein,D,descriptive_name,,,
glycine-rich proteins,D,descriptive_name,,,
glycine-rich RNA binding protein,D,descriptive_name,,,
Glycine-rich RNA-binding proteins,D,descriptive_name,,,
glycogen phosphorylase,D,descriptive_name,,,
glycolate dehydrogenase,D,descriptive_name,,,
glycolate oxidase,D,descriptive_name,,,
glycolate oxidase 1,D,descriptive_name,,,
glycolate/glycerate translocator,D,descriptive_name,,,
glycolate–glycerate transporter,D,descriptive_name,,,
glycolysis-related enzymes,D,descriptive_name,,,
glycolytic enzyme,D,descriptive_name,,,
glycolytic enzymes,D,descriptive_name,,,
glycophosphatidylinositol (GPI)-anchored membrane protein,D,descriptive_name,,,
Glycoproteins,D,descriptive_name,,,
glycosidase-like,D,descriptive_name,,,
glycosidase-like protein,D,descriptive_name,,,
glycosidases,D,descriptive_name,,,
glycoside hydrolase,D,descriptive_name,,,
glycoside hydrolase 28 family,D,descriptive_name,,,
Glycoside hydrolases,D,descriptive_name,,,
glycoside-related genes,D,descriptive_name,,,
glycosyl hydrolase domains,D,descriptive_name,,,
glycosyl hydrolase enzymes,D,descriptive_name,,,
glycosyl hydrolase family 10,D,descriptive_name,,,
glycosyl hydrolase family 5,D,descriptive_name,,,
glycosyl hydrolase family genes,D,descriptive_name,,,
glycosyl hydrolase genes,D,descriptive_name,,,
glycosyl hydrolase proteins,D,descriptive_name,,,
glycosyl hydrolases,D,descriptive_name,,,
glycosyl transferase,D,descriptive_name,,,
glycosyl-hydrolases,D,descriptive_name,,,
glycosylase,D,descriptive_name,,,
glycosylases,D,descriptive_name,,,
glycosylating enzymes,D,descriptive_name,,,
glycosylinositol phosphorylceramide mannosyl transferase 1,D,descriptive_name,,,
glycosyltransferase,D,descriptive_name,,,
glycosyltransferase family,D,descriptive_name,,,
glycosyltransferase family protein,D,descriptive_name,,,
glycosyltransferase genes,D,descriptive_name,,,
glycosyltransferase-like KOBITO 1,D,descriptive_name,,,
glycosyltransferase1,D,descriptive_name,,,
glycosyltransferase1 enzyme,D,descriptive_name,,,
glycosyltransferases,D,descriptive_name,,,
GLYI,C,bare_gene_symbol,,,
GLYII,C,bare_gene_symbol,,,
GLYIII,C,bare_gene_symbol,,,
GLYK,C,bare_gene_symbol,,,
Glyma.02g286100,A,soybean_locus,,,
Glyma.08g156800,A,soybean_locus,,,
Glyma.08G175100,A,soybean_locus,,,
Glyma.08g281600,A,soybean_locus,,,
Glyma.11g063300,A,soybean_locus,,,
Glyma.11g250200,A,soybean_locus,,,
Glyma.13g346700,A,soybean_locus,,,
Glyma.15G251700,A,soybean_locus,,,
Glyma.19G011400,A,soybean_locus,,,
Glyma01G.002400,D,descriptive_name,,,
Glyma06g39760,D,descriptive_name,,,
Glyma08g26520.1,D,descriptive_name,,,
Glyma10g03390.1,D,descriptive_name,,,
Glyma17g08020.1,D,descriptive_name,,,
Glyma17g08510,D,descriptive_name,,,
Glyma18g03090,D,descriptive_name,,,
Glyma18g49240.1,D,descriptive_name,,,
Glyma20g26280,D,descriptive_name,,,
glyoxal oxidase 1,D,descriptive_name,,,
glyoxalase,D,descriptive_name,,,
glyoxalase (GLX) gene family,D,descriptive_name,,,
glyoxalase enzyme,D,descriptive_name,,,
Glyoxalase I,D,descriptive_name,,,
glyoxalase I family protein,D,descriptive_name,,,
glyoxalase II,D,descriptive_name,,,
glyoxalase III,D,descriptive_name,,,
GLYOXALASE12,D,descriptive_name,,,
glyoxalases,D,descriptive_name,,,
glyoxylase genes,D,descriptive_name,,,
glyoxylate aminotransferase,D,descriptive_name,,,
glyoxylate reductase,D,descriptive_name,,,
glyoxylate/succinic semialdehyde reductase 1,D,descriptive_name,,,
Glyoxylate/succinic semialdehyde reductase 2,D,descriptive_name,,,
glyoxysomal malate dehydrogenase,D,descriptive_name,,,
glyoxysomal malate synthase,D,descriptive_name,,,
gma-miR166,D,descriptive_name,,,
gma-miR6300,D,descriptive_name,,,
GmaAPX11.4,D,descriptive_name,,,
GmaCAT17.1,D,descriptive_name,,,
GmAKT2,B,species_prefix_Gm,Gm,AKT2,
GmALKBH10B7,B,species_prefix_Gm,Gm,ALKBH10B7,
GmALKBH9B1,B,species_prefix_Gm,Gm,ALKBH9B1,
GmALKBH9B2,B,species_prefix_Gm,Gm,ALKBH9B2,
GmALKBH9B4,B,species_prefix_Gm,Gm,ALKBH9B4,
GmALMT1,B,species_prefix_Gm,Gm,ALMT1,
GmANKTM21,B,species_prefix_Gm,Gm,ANKTM21,
GmAPX,B,species_prefix_Gm,Gm,APX,
GmAQP,B,species_prefix_Gm,Gm,AQP,
GmAQPs,B,species_prefix_Gm,Gm,AQPs,
GmARI1,B,species_prefix_Gm,Gm,ARI1,
GmASR,B,species_prefix_Gm,Gm,ASR,
GmATX1,B,species_prefix_Gm,Gm,ATX1,
GmBES1.5,D,descriptive_name,,,
GmBES1.5-OE,D,descriptive_name,,,
GmBSK1,B,species_prefix_Gm,Gm,BSK1,
GmBSK1-OE,B,species_prefix_Gm,Gm,BSK1-OE,
GmbZIP1,B,species_prefix_Gmb,Gmb,ZIP1,
GmCAT,B,species_prefix_Gm,Gm,CAT,
GmCAT4,B,species_prefix_Gm,Gm,CAT4,
GmCHI,B,species_prefix_Gm,Gm,CHI,
GmCHS5,B,species_prefix_Gm,Gm,CHS5,
GmCHS8,B,species_prefix_Gm,Gm,CHS8,
GmCHX20a,B,species_prefix_Gm,Gm,CHX20a,
GmCKX04,B,species_prefix_Gm,Gm,CKX04,
GmCKX07,B,species_prefix_Gm,Gm,CKX07,
GmCKX13,B,species_prefix_Gm,Gm,CKX13,
GmCKX3,B,species_prefix_Gm,Gm,CKX3,
GmCullin1,B,species_prefix_Gm,Gm,Cullin1,
GmCYP707A1a,B,species_prefix_Gm,Gm,CYP707A1a,
GmCYP82A3,B,species_prefix_Gm,Gm,CYP82A3,
GmDGAT enzymes,D,descriptive_name,,,
GmDGAT1A,B,species_prefix_Gm,Gm,DGAT1A,
GmDGAT2D,B,species_prefix_Gm,Gm,DGAT2D,
GmDGAT2D promoter,D,descriptive_name,,,
GmDIR22,B,species_prefix_Gm,Gm,DIR22,
GmDNJ1,B,species_prefix_Gm,Gm,DNJ1,
GmDREB1,B,species_prefix_Gm,Gm,DREB1,
GmDREB1G;1,D,descriptive_name,,,
GmDREB2,B,species_prefix_Gm,Gm,DREB2,
GME,C,bare_gene_symbol,,,
GME gene,D,descriptive_name,,,
GME1,C,bare_gene_symbol,,,
GME2,C,bare_gene_symbol,,,
GmECT10,B,species_prefix_Gm,Gm,ECT10,
GmECT13,B,species_prefix_Gm,Gm,ECT13,
GmECT14,B,species_prefix_Gm,Gm,ECT14,
GmECT17,B,species_prefix_Gm,Gm,ECT17,
GmECT8,B,species_prefix_Gm,Gm,ECT8,
GmECT9,B,species_prefix_Gm,Gm,ECT9,
GmEF8,B,species_prefix_Gm,Gm,EF8,
GmERD15,B,species_prefix_Gm,Gm,ERD15,
GmERF7,B,species_prefix_Gm,Gm,ERF7,
GmFAD2,B,species_prefix_Gm,Gm,FAD2,
GmFBL144,B,species_prefix_Gm,Gm,FBL144,
GmFLS1,B,species_prefix_Gm,Gm,FLS1,
GmFTs,B,species_prefix_Gm,Gm,FTs,
GmGAMYB1,B,species_prefix_Gm,Gm,GAMYB1,
GmGBP1,B,species_prefix_Gm,Gm,GBP1,
GmGSK1,B,species_prefix_Gm,Gm,GSK1,
Gmgstu4,C,bare_gene_symbol,,,
GmHMA13,B,species_prefix_Gm,Gm,HMA13,
GmHMA19,B,species_prefix_Gm,Gm,HMA19,
GmHSF-34,B,species_prefix_Gm,Gm,HSF-34,
GmHSF6-1,B,species_prefix_Gm,Gm,HSF6-1,
GmHSFA2,B,species_prefix_Gm,Gm,HSFA2,
GmHSFA6b,B,species_prefix_Gm,Gm,HSFA6b,
GmHSP,B,species_prefix_Gm,Gm,HSP,
GmHSP17.1,D,descriptive_name,,,
gmHsp90,D,descriptive_name,,,
GmHsp90A,B,species_prefix_Gm,Gm,Hsp90A,
GmHsp90A2,B,species_prefix_Gm,Gm,Hsp90A2,
GmHsp90C1,B,species_prefix_Gm,Gm,Hsp90C1,
GmIAA16,B,species_prefix_Gm,Gm,IAA16,
GmIAA9,B,species_prefix_Gm,Gm,IAA9,
GmJAZ1,B,species_prefix_Gm,Gm,JAZ1,
gmk,D,descriptive_name,,,
GmKCS,B,species_prefix_Gm,Gm,KCS,
GmKCS gene family,D,descriptive_name,,,
GmLAX3,B,species_prefix_Gm,Gm,LAX3,
GmLbc3,B,species_prefix_Gm,Gm,Lbc3,
GmLPAAT,B,species_prefix_Gm,Gm,LPAAT,
GmLPAAT2α1,D,descriptive_name,,,
GmLPCAT,B,species_prefix_Gm,Gm,LPCAT,
GmMT-II,B,species_prefix_Gm,Gm,MT-II,
GmMTA1,B,species_prefix_Gm,Gm,MTA1,
GmMTB1,B,species_prefix_Gm,Gm,MTB1,
GmMTB2,B,species_prefix_Gm,Gm,MTB2,
GmMYB118,B,species_prefix_Gm,Gm,MYB118,
GmMYB133,B,species_prefix_Gm,Gm,MYB133,
GmMYB173,B,species_prefix_Gm,Gm,MYB173,
GmMYB176,B,species_prefix_Gm,Gm,MYB176,
GmMYB29,B,species_prefix_Gm,Gm,MYB29,
GmMYB29A2,B,species_prefix_Gm,Gm,MYB29A2,
GmMYBs,B,species_prefix_Gm,Gm,MYBs,
GmNAC,B,species_prefix_Gm,Gm,NAC,
GmNAC42-1,B,species_prefix_Gm,Gm,NAC42-1,
GmNAC81,B,species_prefix_Gm,Gm,NAC81,
GmNCED,B,species_prefix_Gm,Gm,NCED,
GmNCED gene family,D,descriptive_name,,,
GmNCED genes,D,descriptive_name,,,
GmNCED1,B,species_prefix_Gm,Gm,NCED1,
GmNCED11,B,species_prefix_Gm,Gm,NCED11,
GmNCED12,B,species_prefix_Gm,Gm,NCED12,
GmNCED14,B,species_prefix_Gm,Gm,NCED14,
GmNCED2,B,species_prefix_Gm,Gm,NCED2,
GmNCED3,B,species_prefix_Gm,Gm,NCED3,
GmNCED7,B,species_prefix_Gm,Gm,NCED7,
GmOSCA genes,D,descriptive_name,,,
GmOSCA1.1,D,descriptive_name,,,
GmOSCA3.2,D,descriptive_name,,,
GMP,C,bare_gene_symbol,,,
GmPAL1.1,D,descriptive_name,,,
GmPAL2.1,D,descriptive_name,,,
GmPIP1;6,D,descriptive_name,,,
GmPIP1;7,D,descriptive_name,,,
GmPIP2;5,D,descriptive_name,,,
GmPIP2;6,D,descriptive_name,,,
GmPOD,B,species_prefix_Gm,Gm,POD,
GmPOD family,D,descriptive_name,,,
GmPOD gene family,D,descriptive_name,,,
GmPOD genes,D,descriptive_name,,,
GmPOD17,B,species_prefix_Gm,Gm,POD17,
GmPOD40,B,species_prefix_Gm,Gm,POD40,
GmPOD50,B,species_prefix_Gm,Gm,POD50,
GmPOD67,B,species_prefix_Gm,Gm,POD67,
GmPR1,B,species_prefix_Gm,Gm,PR1,
GmProT1,B,species_prefix_Gm,Gm,ProT1,
GmProT2,B,species_prefix_Gm,Gm,ProT2,
GmPYL21,B,species_prefix_Gm,Gm,PYL21,
GmRAV3,B,species_prefix_Gm,Gm,RAV3,
GmRD20A,B,species_prefix_Gm,Gm,RD20A,
GmRD22,B,species_prefix_Gm,Gm,RD22,
GmRIP1,B,species_prefix_Gm,Gm,RIP1,
GmSAT1,B,species_prefix_Gm,Gm,SAT1,
GmsHSP,B,species_prefix_Gms,Gms,HSP,
GmSIP1;3,D,descriptive_name,,,
GmSIZ1a,B,species_prefix_Gm,Gm,SIZ1a,
GmSIZ1a/b,D,descriptive_name,,,
GmSIZ1b,B,species_prefix_Gm,Gm,SIZ1b,
GmSIZ1RNAi,B,species_prefix_Gm,Gm,SIZ1RNAi,
GmSkp1,B,species_prefix_Gm,Gm,Skp1,
GmSOD1,B,species_prefix_Gm,Gm,SOD1,
gmspl2b,D,descriptive_name,,,
GmSQE1,B,species_prefix_Gm,Gm,SQE1,
GmSTF3/4,D,descriptive_name,,,
GmSUMO1,B,species_prefix_Gm,Gm,SUMO1,
GMT1,C,bare_gene_symbol,,,
GmTIP1;7,D,descriptive_name,,,
GmTIP2;2,D,descriptive_name,,,
GmTIP2;6,D,descriptive_name,,,
GmTIP4;1,D,descriptive_name,,,
GmWNK1,B,species_prefix_Gm,Gm,WNK1,
GmWRKY13,B,species_prefix_Gm,Gm,WRKY13,
GmWRKY27,B,species_prefix_Gm,Gm,WRKY27,
GmZEP,B,species_prefix_Gm,Gm,ZEP,
GmZFP3,B,species_prefix_Gm,Gm,ZFP3,
GNAT family histone acetyltransferase,D,descriptive_name,,,
GNAT histone acetyltransferases,D,descriptive_name,,,
GNOM,C,bare_gene_symbol,,,
GO1,C,bare_gene_symbol,,,
GO:0016165,D,descriptive_name,,,
GOD-POD,D,descriptive_name,,,
GOGAT,C,bare_gene_symbol,,,
Gohir.A11G156000,D,descriptive_name,,,
Golden2-like transcription factors,D,descriptive_name,,,
GolS,D,descriptive_name,,,
GolS genes,D,descriptive_name,,,
GOLS isogenes,D,descriptive_name,,,
GOLS1,C,bare_gene_symbol,,,
GolS1-7,B,species_prefix_Gol,Gol,S1-7,
GolS2,B,species_prefix_Gol,Gol,S2,
GolS3,B,species_prefix_Gol,Gol,S3,
GolS4,B,species_prefix_Gol,Gol,S4,
GOR,C,bare_gene_symbol,,,
GORK,C,bare_gene_symbol,,,
GORK channels,D,descriptive_name,,,
GOT,C,bare_gene_symbol,,,
GOX,C,bare_gene_symbol,,,
GOX enzymes,D,descriptive_name,,,
GOX family enzymes,D,descriptive_name,,,
GOX1,C,bare_gene_symbol,,,
GOX1-3,D,descriptive_name,,,
GOX2,C,bare_gene_symbol,,,
GOX3,C,bare_gene_symbol,,,
GP78,C,bare_gene_symbol,,,
GP78 homolog,D,descriptive_name,,,
gp91phox subunit,D,descriptive_name,,,
GPA1,C,bare_gene_symbol,,,
GPA1 protein,D,descriptive_name,,,
GPAT,C,bare_gene_symbol,,,
GPAT2,C,bare_gene_symbol,,,
GPAT4,C,bare_gene_symbol,,,
GPAT5,C,bare_gene_symbol,,,
GPAT6,C,bare_gene_symbol,,,
GPAT8,C,bare_gene_symbol,,,
GPAT9,C,bare_gene_symbol,,,
GPATs,D,descriptive_name,,,
Gpc-B1 locus,D,descriptive_name,,,
GPDH,C,bare_gene_symbol,,,
GPI,C,bare_gene_symbol,,,
GPI-anchored proteins,D,descriptive_name,,,
GPI-APs,D,descriptive_name,,,
GPI-PLC,D,descriptive_name,,,
gpm2-1,D,descriptive_name,,,
GPOX,C,bare_gene_symbol,,,
GPP,C,bare_gene_symbol,,,
GPP1,C,bare_gene_symbol,,,
GPP2,C,bare_gene_symbol,,,
GPPS,C,bare_gene_symbol,,,
GPRI1,C,bare_gene_symbol,,,
GPRP,C,bare_gene_symbol,,,
gpsA,D,descriptive_name,,,
gpsAFR,D,descriptive_name,,,
GPSs,D,descriptive_name,,,
GPT,C,bare_gene_symbol,,,
GPT1,C,bare_gene_symbol,,,
GPX,C,bare_gene_symbol,,,
GPX genes,D,descriptive_name,,,
GPX homologs,D,descriptive_name,,,
GPX proteins,D,descriptive_name,,,
GPX-like enzymes,D,descriptive_name,,,
GPX-type enzymes,D,descriptive_name,,,
GPX1,C,bare_gene_symbol,,,
GPX2,C,bare_gene_symbol,,,
GPX4,C,bare_gene_symbol,,,
GPX5,C,bare_gene_symbol,,,
GPX6,C,bare_gene_symbol,,,
GPX7,C,bare_gene_symbol,,,
GPXL,C,bare_gene_symbol,,,
GPXL gene,D,descriptive_name,,,
GPXL gene family,D,descriptive_name,,,
GPXL genes,D,descriptive_name,,,
GPXL proteins,D,descriptive_name,,,
GPXs,D,descriptive_name,,,
GQ03105_E17,D,descriptive_name,,,
GQ03514_F14,D,descriptive_name,,,
GQ03615_N10,D,descriptive_name,,,
GQ03712_C02,D,descriptive_name,,,
GR,E,noise_too_short,,,
GR protein,D,descriptive_name,,,
GR1,C,bare_gene_symbol,,,
GR2,C,bare_gene_symbol,,,
GR3,C,bare_gene_symbol,,,
grain protein,D,descriptive_name,,,
GRAM,C,bare_gene_symbol,,,
GRAM domain-containing proteins,D,descriptive_name,,,
GRAM-domain containing proteins,D,descriptive_name,,,
Granule Bound Starch Synthase,D,descriptive_name,,,
granule bound starch synthase I,D,descriptive_name,,,
granule-bound starch synthase,D,descriptive_name,,,
GRANULE-BOUND STARCH SYNTHASE 1,D,descriptive_name,,,
Granule-Bound Starch Synthase I,D,descriptive_name,,,
granule-bound starch synthases,D,descriptive_name,,,
granules bound starch synthase I,D,descriptive_name,,,
grape CLE genes,D,descriptive_name,,,
GRAS,C,bare_gene_symbol,,,
GRAS family,D,descriptive_name,,,
GRAS gene family,D,descriptive_name,,,
GRAS genes,D,descriptive_name,,,
GRAS homologues,D,descriptive_name,,,
GRAS proteins,D,descriptive_name,,,
GRAS transcription factor,D,descriptive_name,,,
GRAS transcription factor family,D,descriptive_name,,,
GRAS transcription factors,D,descriptive_name,,,
GRAS82,C,bare_gene_symbol,,,
GRAS84,C,bare_gene_symbol,,,
grass gene,D,descriptive_name,,,
Green fluorescent protein,D,descriptive_name,,,
green fluorescent seed 9,D,descriptive_name,,,
Gretchen Hagen 3,D,descriptive_name,,,
GRF,C,bare_gene_symbol,,,
GRF genes,D,descriptive_name,,,
GRF5,C,bare_gene_symbol,,,
GRMZM2G002652,A,maize_locus,,,
GRMZM2G010855,A,maize_locus,,,
GRMZM2G046824,A,maize_locus,,,
GRMZM2G053177,A,maize_locus,,,
GRMZM2G091456,A,maize_locus,,,
GRMZM2G105787,A,maize_locus,,,
GRMZM2G119703,A,maize_locus,,,
GRMZM2G139874,A,maize_locus,,,
GRMZM2G146677,A,maize_locus,,,
GRMZM2G152258,A,maize_locus,,,
GRMZM2G172883,A,maize_locus,,,
Group 1 LEA,D,descriptive_name,,,
group 10 pathogenesis-related (PR10) protein,D,descriptive_name,,,
group 10 pathogenesis-related (PR10) proteins,D,descriptive_name,,,
group 10 pathogenesis-related proteins,D,descriptive_name,,,
group 3 late embryogenesis abundant (LEA) protein,D,descriptive_name,,,
group 3 LEA proteins,D,descriptive_name,,,
Group 5 members,D,descriptive_name,,,
group A,D,descriptive_name,,,
Group A bZIPs,D,descriptive_name,,,
Group A StbZIPs,D,descriptive_name,,,
Group B bZIPs,D,descriptive_name,,,
group D,D,descriptive_name,,,
Group E,D,descriptive_name,,,
group F,D,descriptive_name,,,
Group I cytoplasmic subfamily,D,descriptive_name,,,
Group II BAG proteins,D,descriptive_name,,,
Group II LEA proteins,D,descriptive_name,,,
group IId WRKY factors,D,descriptive_name,,,
Group III histidine kinase gene,D,descriptive_name,,,
Group III histidine kinases,D,descriptive_name,,,
Group III HK gene,D,descriptive_name,,,
Group IV BoCNGC proteins,D,descriptive_name,,,
group VII,D,descriptive_name,,,
group VII ERFs,D,descriptive_name,,,
growth hormone response elements,D,descriptive_name,,,
growth-related genes,D,descriptive_name,,,
GRP,C,bare_gene_symbol,,,
GRP protein,D,descriptive_name,,,
GRP proteins,D,descriptive_name,,,
GRP signal peptide,D,descriptive_name,,,
GRP1L,C,bare_gene_symbol,,,
GRP8,C,bare_gene_symbol,,,
GRP94,C,bare_gene_symbol,,,
GrpE,D,descriptive_name,,,
GrpE protein,D,descriptive_name,,,
GRPL1,C,bare_gene_symbol,,,
GRPs,D,descriptive_name,,,
GRR1,C,bare_gene_symbol,,,
GRX,C,bare_gene_symbol,,,
GRX gene,D,descriptive_name,,,
Grx1-roGFP2,D,descriptive_name,,,
Grx1-roGFP2 sensor,D,descriptive_name,,,
GRX480,C,bare_gene_symbol,,,
GRXC1,C,bare_gene_symbol,,,
GRXC15,C,bare_gene_symbol,,,
GRXC9,C,bare_gene_symbol,,,
GRXs,D,descriptive_name,,,
GS,E,noise_too_short,,,
GS 1a,D,descriptive_name,,,
GS genes,D,descriptive_name,,,
GS-OH,D,descriptive_name,,,
GS1,C,bare_gene_symbol,,,
GS1:1,D,descriptive_name,,,
GS1_2,D,descriptive_name,,,
GS2,C,bare_gene_symbol,,,
GS3,C,bare_gene_symbol,,,
GS3 gene,D,descriptive_name,,,
GS6,C,bare_gene_symbol,,,
GSA,C,bare_gene_symbol,,,
GSA1,C,bare_gene_symbol,,,
GSA2,C,bare_gene_symbol,,,
GSAAT,C,bare_gene_symbol,,,
GsCBRLK,B,species_prefix_Gs,Gs,CBRLK,
GsCHX19.3,D,descriptive_name,,,
GsCML27,B,species_prefix_Gs,Gs,CML27,
GSE5,C,bare_gene_symbol,,,
GSF1,C,bare_gene_symbol,,,
GsGAT,B,species_prefix_Gs,Gs,GAT,
GSH,C,bare_gene_symbol,,,
GSH-associated genes,D,descriptive_name,,,
GSH-dependent enzymes,D,descriptive_name,,,
GSH-oxidizing enzymes,D,descriptive_name,,,
GSH-Px,D,descriptive_name,,,
GSH-Px-1,D,descriptive_name,,,
GSH1,C,bare_gene_symbol,,,
GSH2,C,bare_gene_symbol,,,
gshB,D,descriptive_name,,,
Gshdz4,C,bare_gene_symbol,,,
GSK3-like kinase,D,descriptive_name,,,
GSK3-like kinases,D,descriptive_name,,,
GSK3s,D,descriptive_name,,,
GSL,C,bare_gene_symbol,,,
GSL biosynthetic genes,D,descriptive_name,,,
GSL5,C,bare_gene_symbol,,,
GSLs,D,descriptive_name,,,
GsMSRB5a,B,species_prefix_Gs,Gs,MSRB5a,
GSNO reductase,D,descriptive_name,,,
GSNOR,C,bare_gene_symbol,,,
GsPRX9,B,species_prefix_Gs,Gs,PRX9,
GSR,C,bare_gene_symbol,,,
GSS,C,bare_gene_symbol,,,
GSSG reductase,D,descriptive_name,,,
gsskp21,D,descriptive_name,,,
gsskp21 gene,D,descriptive_name,,,
GST,C,bare_gene_symbol,,,
GST 19,D,descriptive_name,,,
GST 23-like,D,descriptive_name,,,
GST 3-like,D,descriptive_name,,,
GST enzyme family,D,descriptive_name,,,
GST enzymes,D,descriptive_name,,,
GST F2,D,descriptive_name,,,
GST f4,D,descriptive_name,,,
GST family,D,descriptive_name,,,
GST gene,D,descriptive_name,,,
GST genes,D,descriptive_name,,,
GST isoenzymes,D,descriptive_name,,,
GST parA,D,descriptive_name,,,
GST protein,D,descriptive_name,,,
GST proteins,D,descriptive_name,,,
GST T4 homologue,D,descriptive_name,,,
GST tau 9,D,descriptive_name,,,
GST U17,D,descriptive_name,,,
GST-ABI3 recombinant proteins,D,descriptive_name,,,
GST-fused VvNPR1,D,descriptive_name,,,
GST-like genes,D,descriptive_name,,,
GST-MKB1 fusion protein,D,descriptive_name,,,
GST-OsASR5 fusion protein,D,descriptive_name,,,
GST-OsASR5 fusion proteins,D,descriptive_name,,,
GST-Phi,D,descriptive_name,,,
GST-SRL10,D,descriptive_name,,,
GST-tagged MKB1ΔC fusion proteins,D,descriptive_name,,,
GST-tagged proteins,D,descriptive_name,,,
GST-Tau,D,descriptive_name,,,
GST1,C,bare_gene_symbol,,,
GST2,C,bare_gene_symbol,,,
GST22,C,bare_gene_symbol,,,
GST23,C,bare_gene_symbol,,,
GST24,C,bare_gene_symbol,,,
GST3,C,bare_gene_symbol,,,
GST4,C,bare_gene_symbol,,,
GST6,C,bare_gene_symbol,,,
GST7,C,bare_gene_symbol,,,
GST7/11,D,descriptive_name,,,
GST8,C,bare_gene_symbol,,,
GST_C_Lambda,D,descriptive_name,,,
GST_N_3,D,descriptive_name,,,
GSTF,C,bare_gene_symbol,,,
GSTF10,C,bare_gene_symbol,,,
GSTF11,C,bare_gene_symbol,,,
GSTF2,C,bare_gene_symbol,,,
GSTF3,C,bare_gene_symbol,,,
GSTF6,C,bare_gene_symbol,,,
GSTF7,C,bare_gene_symbol,,,
GSTF8:LUC,D,descriptive_name,,,
GSTL1,C,bare_gene_symbol,,,
GSTL3,C,bare_gene_symbol,,,
GSTs,D,descriptive_name,,,
GSTT,C,bare_gene_symbol,,,
GSTU,C,bare_gene_symbol,,,
GSTU1,C,bare_gene_symbol,,,
GSTU17,C,bare_gene_symbol,,,
GSTU19,C,bare_gene_symbol,,,
GSTU25,C,bare_gene_symbol,,,
GSTU3,C,bare_gene_symbol,,,
GSTU5,C,bare_gene_symbol,,,
GSTU6,C,bare_gene_symbol,,,
GSTU8,C,bare_gene_symbol,,,
GsVAMP72,B,species_prefix_Gs,Gs,VAMP72,
GT,E,noise_too_short,,,
GT enzymes,D,descriptive_name,,,
GT-4,D,descriptive_name,,,
GT1GMSCAM4,C,bare_gene_symbol,,,
GT3,C,bare_gene_symbol,,,
GT5,C,bare_gene_symbol,,,
GT8 glycosyltransferase,D,descriptive_name,,,
GT85C2,C,bare_gene_symbol,,,
GTL,C,bare_gene_symbol,,,
GTP,C,bare_gene_symbol,,,
GTP*eIF2*Met-tRNAiMet,D,descriptive_name,,,
GTP-binding nuclear protein Ran1B,D,descriptive_name,,,
GTP-binding protein,D,descriptive_name,,,
GTP-binding proteins,D,descriptive_name,,,
GTR,C,bare_gene_symbol,,,
GTR genes,D,descriptive_name,,,
GTR proteins,D,descriptive_name,,,
GTR transporters,D,descriptive_name,,,
GTs,D,descriptive_name,,,
GU984379,C,bare_gene_symbol,,,
guaiacol peroxidase,D,descriptive_name,,,
guaiacol peroxidases,D,descriptive_name,,,
guaiacol-peroxidase,D,descriptive_name,,,
guanine synthesis genes,D,descriptive_name,,,
guanylate cyclases,D,descriptive_name,,,
guard cell hydrogen peroxide-resistant 1,D,descriptive_name,,,
gum gene cluster,D,descriptive_name,,,
gumD,D,descriptive_name,,,
gun mutants,D,descriptive_name,,,
GUN1,C,bare_gene_symbol,,,
GUN1 protein,D,descriptive_name,,,
gun1-101 mutants,D,descriptive_name,,,
gun2,D,descriptive_name,,,
gun3,D,descriptive_name,,,
GUN4,C,bare_gene_symbol,,,
GUN5,C,bare_gene_symbol,,,
GUS,C,bare_gene_symbol,,,
GUS enzyme,D,descriptive_name,,,
GUS reporter,D,descriptive_name,,,
GUS reporter mRNAs,D,descriptive_name,,,
GUS reporter systems,D,descriptive_name,,,
GUSPlus,D,descriptive_name,,,
GUX2,C,bare_gene_symbol,,,
GWD,C,bare_gene_symbol,,,
GWD3,C,bare_gene_symbol,,,
GXM1,C,bare_gene_symbol,,,
GXP,C,bare_gene_symbol,,,
Gyceraldehyde-3-phosphate dehydrogenase,D,descriptive_name,,,
GYPSY elements,D,descriptive_name,,,
GYPSY transposable elements,D,descriptive_name,,,
gyrase,D,descriptive_name,,,
Gα protein,D,descriptive_name,,,
Gβγ2 dimers,D,descriptive_name,,,
H+ pumps,D,descriptive_name,,,
H+-ATP,D,descriptive_name,,,
H+-ATP-ase,D,descriptive_name,,,
H+-ATP-synthase,D,descriptive_name,,,
H+-ATPase,D,descriptive_name,,,
H+-ATPases,D,descriptive_name,,,
H+-PPase,D,descriptive_name,,,
H+-PPase genes,D,descriptive_name,,,
H+-PPases,D,descriptive_name,,,
H+-pyrophosphatase,D,descriptive_name,,,
H+/sugar symporters,D,descriptive_name,,,
H+ATPase,D,descriptive_name,,,
H1,E,noise_too_short,,,
H1.2,C,bare_gene_symbol,,,
H2,E,noise_too_short,,,
H2A,C,bare_gene_symbol,,,
H2A.Z,D,descriptive_name,,,
H2Aa,D,descriptive_name,,,
H2O2 scavenger,D,descriptive_name,,,
H2O2 scavenging enzymes,D,descriptive_name,,,
H2O2-scavenging enzymes,D,descriptive_name,,,
H2S-metabolizing enzymes,D,descriptive_name,,,
H2S-producing enzymes,D,descriptive_name,,,
H3,E,noise_too_short,,,
H3 protein,D,descriptive_name,,,
H3.1,C,bare_gene_symbol,,,
H3.3,C,bare_gene_symbol,,,
H3K4me,D,descriptive_name,,,
H3K9,C,bare_gene_symbol,,,
H3K9ac,D,descriptive_name,,,
H3K9me,D,descriptive_name,,,
H3T11p,D,descriptive_name,,,
H4,E,noise_too_short,,,
H4 hormone cluster,D,descriptive_name,,,
H4K5,C,bare_gene_symbol,,,
H4K5ac,D,descriptive_name,,,
H57-5,D,descriptive_name,,,
H6,E,noise_too_short,,,
HA-tagged ubiquitin,D,descriptive_name,,,
HaAP2/ERF genes,D,descriptive_name,,,
HAB1,C,bare_gene_symbol,,,
HAC1,C,bare_gene_symbol,,,
HAD,C,bare_gene_symbol,,,
HAD-like hydrolase,D,descriptive_name,,,
Haem oxygenase,D,descriptive_name,,,
Haem peroxidase,D,descriptive_name,,,
Haem Peroxidases,D,descriptive_name,,,
Haem-peroxidase family,D,descriptive_name,,,
Haemoglobin,D,descriptive_name,,,
HAESA-LIKE kinase,D,descriptive_name,,,
HaGAO,B,species_prefix_Ha,Ha,GAO,
HaGAS1,B,species_prefix_Ha,Ha,GAS1,
HaGAS2,B,species_prefix_Ha,Ha,GAS2,
HAI1,C,bare_gene_symbol,,,
HAI2,C,bare_gene_symbol,,,
HAI3,C,bare_gene_symbol,,,
HaIAA27,B,species_prefix_Ha,Ha,IAA27,
HAK,C,bare_gene_symbol,,,
HAK transporters,D,descriptive_name,,,
HAK10,C,bare_gene_symbol,,,
HAK18,C,bare_gene_symbol,,,
HAK23,C,bare_gene_symbol,,,
HAK25,C,bare_gene_symbol,,,
HAKAI,C,bare_gene_symbol,,,
haloacid dehalogenase-like hydrolase domain-containing protein,D,descriptive_name,,,
haloperoxidases,D,descriptive_name,,,
HAMK,C,bare_gene_symbol,,,
HAO,C,bare_gene_symbol,,,
Hap-4A-2,D,descriptive_name,,,
HAP1,C,bare_gene_symbol,,,
hARD1,D,descriptive_name,,,
harpin fragments,D,descriptive_name,,,
harpin proteins,D,descriptive_name,,,
harpins,D,descriptive_name,,,
Hass.g02.08726,D,descriptive_name,,,
Hass.g03.10205,D,descriptive_name,,,
Hass.g03.10206,D,descriptive_name,,,
HAT,C,bare_gene_symbol,,,
HAT1,C,bare_gene_symbol,,,
HAT22,C,bare_gene_symbol,,,
HaTPS2,B,species_prefix_Ha,Ha,TPS2,
HATs,D,descriptive_name,,,
HB40,C,bare_gene_symbol,,,
hb41,D,descriptive_name,,,
HbGASA genes,D,descriptive_name,,,
HbGASA16,B,species_prefix_Hb,Hb,GASA16,
HbGASA3,B,species_prefix_Hb,Hb,GASA3,
HbHSP90,B,species_prefix_Hb,Hb,HSP90,
HbHSP90.3,D,descriptive_name,,,
HbMT2,B,species_prefix_Hb,Hb,MT2,
HbTCTP,B,species_prefix_Hb,Hb,TCTP,
HbTCTP1,B,species_prefix_Hb,Hb,TCTP1,
HC-Pro,D,descriptive_name,,,
HC-PTXD,D,descriptive_name,,,
HC-PTXD mix,D,descriptive_name,,,
HC-toxin reductase,D,descriptive_name,,,
HCAR,C,bare_gene_symbol,,,
HCD,C,bare_gene_symbol,,,
HCF136,C,bare_gene_symbol,,,
HCT,C,bare_gene_symbol,,,
HCT genes,D,descriptive_name,,,
HCTR,C,bare_gene_symbol,,,
HD-Zip,D,descriptive_name,,,
HD-Zip class I transcription factors,D,descriptive_name,,,
HD-Zip I,D,descriptive_name,,,
HD-Zip I transcription factor,D,descriptive_name,,,
HD-Zip II,D,descriptive_name,,,
HD-Zip III,D,descriptive_name,,,
HD-ZIP III transcription factors,D,descriptive_name,,,
HD-ZIP transcription factor family,D,descriptive_name,,,
HD-Zip transcription factors,D,descriptive_name,,,
HD2 family genes,D,descriptive_name,,,
HD2 family members,D,descriptive_name,,,
HD2C,C,bare_gene_symbol,,,
HDA19,C,bare_gene_symbol,,,
HDA19 ortholog,D,descriptive_name,,,
HDA6,C,bare_gene_symbol,,,
HDA9,C,bare_gene_symbol,,,
HDAC,C,bare_gene_symbol,,,
HDACs,D,descriptive_name,,,
HDG11,C,bare_gene_symbol,,,
HDR,C,bare_gene_symbol,,,
HDR gene,D,descriptive_name,,,
HDS,C,bare_gene_symbol,,,
HDS enzyme,D,descriptive_name,,,
heat gene,D,descriptive_name,,,
Heat Inducible Lipase1,D,descriptive_name,,,
heat sensors,D,descriptive_name,,,
heat shock 70 kDa protein 16,D,descriptive_name,,,
heat shock cognate protein 70,D,descriptive_name,,,
heat shock element,D,descriptive_name,,,
Heat shock elements,D,descriptive_name,,,
Heat Shock Factor,D,descriptive_name,,,
heat shock factor binding proteins,D,descriptive_name,,,
heat shock factor gene,D,descriptive_name,,,
Heat Shock Factors,D,descriptive_name,,,
heat shock factors A1,D,descriptive_name,,,
heat shock gene,D,descriptive_name,,,
heat shock genes,D,descriptive_name,,,
heat shock Hsp70,D,descriptive_name,,,
heat shock protein,D,descriptive_name,,,
Heat shock protein 101,D,descriptive_name,,,
heat shock protein 21,D,descriptive_name,,,
Heat shock protein 26,D,descriptive_name,,,
Heat Shock Protein 70,D,descriptive_name,,,
heat shock protein 70 kDa,D,descriptive_name,,,
heat shock protein 90,D,descriptive_name,,,
heat shock protein families,D,descriptive_name,,,
heat shock protein family,D,descriptive_name,,,
heat shock protein gene,D,descriptive_name,,,
heat shock protein genes,D,descriptive_name,,,
Heat Shock Protein HSP24,D,descriptive_name,,,
heat shock protein HSP90,D,descriptive_name,,,
heat shock proteins,D,descriptive_name,,,
Heat Shock Proteins 70,D,descriptive_name,,,
heat shock responsive genes,D,descriptive_name,,,
heat shock transcription factor,D,descriptive_name,,,
Heat Shock Transcription Factor 3,D,descriptive_name,,,
heat shock transcription factor family,D,descriptive_name,,,
heat shock transcription factor genes,D,descriptive_name,,,
heat shock transcription factors,D,descriptive_name,,,
heat shock transcription factors A1,D,descriptive_name,,,
heat shock–responsive genes,D,descriptive_name,,,
Heat stress (HS) transcription factors,D,descriptive_name,,,
heat stress factors,D,descriptive_name,,,
heat stress memory gene,D,descriptive_name,,,
heat stress response factors,D,descriptive_name,,,
heat stress response genes,D,descriptive_name,,,
heat stress transcription factor,D,descriptive_name,,,
heat stress transcription factors,D,descriptive_name,,,
heat stress-induced genes,D,descriptive_name,,,
heat stress-responsive genes,D,descriptive_name,,,
heat tolerance genes,D,descriptive_name,,,
heat-activated MAPK,D,descriptive_name,,,
heat-associated gene,D,descriptive_name,,,
heat-associated genes,D,descriptive_name,,,
heat-increased proteins,D,descriptive_name,,,
heat-induced core-chaperone,D,descriptive_name,,,
heat-induced core-chaperones,D,descriptive_name,,,
heat-induced genes,D,descriptive_name,,,
heat-induced transcripts,D,descriptive_name,,,
heat-inducible conditional promoter,D,descriptive_name,,,
heat-inducible lipase,D,descriptive_name,,,
heat-inducible promoter,D,descriptive_name,,,
heat-inducible transgene,D,descriptive_name,,,
heat-related genes,D,descriptive_name,,,
heat-response genes,D,descriptive_name,,,
heat-response proteins,D,descriptive_name,,,
heat-response regulators,D,descriptive_name,,,
heat-responsive,D,descriptive_name,,,
heat-responsive genes,D,descriptive_name,,,
heat-responsive miRNAs,D,descriptive_name,,,
heat-responsive proteins,D,descriptive_name,,,
heat-responsive transcription factors,D,descriptive_name,,,
heat-responsive transcripts,D,descriptive_name,,,
heat-shock element,D,descriptive_name,,,
heat-shock elements,D,descriptive_name,,,
heat-shock factor,D,descriptive_name,,,
heat-shock factor-like transcription factor,D,descriptive_name,,,
heat-shock factors,D,descriptive_name,,,
heat-shock promoters,D,descriptive_name,,,
heat-shock protein,D,descriptive_name,,,
heat-shock protein 21,D,descriptive_name,,,
heat-shock protein 70,D,descriptive_name,,,
HEAT-SHOCK PROTEIN 90,D,descriptive_name,,,
heat-shock protein family members,D,descriptive_name,,,
heat-shock proteins,D,descriptive_name,,,
heat-shock response genes,D,descriptive_name,,,
heat-shock transcription factors,D,descriptive_name,,,
heat-stable genes,D,descriptive_name,,,
heat-stable SSI genes,D,descriptive_name,,,
heat-stress responsive genes,D,descriptive_name,,,
heat-stress transcription factors,D,descriptive_name,,,
Heat-tolerant genes,D,descriptive_name,,,
Heavy metal transport/detoxification (HMAD) superfamily proteins,D,descriptive_name,,,
Heavy metal-associated (HMA)-domain proteins,D,descriptive_name,,,
Heavy metal-associated (HMA)-domain superfamily,D,descriptive_name,,,
HECT,C,bare_gene_symbol,,,
HEL,C,bare_gene_symbol,,,
helicase,D,descriptive_name,,,
helminth and protozoan MIF orthologs,D,descriptive_name,,,
HEMA,C,bare_gene_symbol,,,
HEMA1,C,bare_gene_symbol,,,
HEMA2,C,bare_gene_symbol,,,
HemB,D,descriptive_name,,,
hemC,D,descriptive_name,,,
HemD,D,descriptive_name,,,
hemE,D,descriptive_name,,,
heme binding genes,D,descriptive_name,,,
heme oxygenase,D,descriptive_name,,,
heme oxygenase 1,D,descriptive_name,,,
Heme oxygenase-1,D,descriptive_name,,,
heme-containing proteins,D,descriptive_name,,,
heme-domain redox enzymes,D,descriptive_name,,,
heme-regulated inhibitor,D,descriptive_name,,,
HEMF,C,bare_gene_symbol,,,
hemoglobin,D,descriptive_name,,,
hemoglobin genes,D,descriptive_name,,,
HEN1,C,bare_gene_symbol,,,
HERC2,C,bare_gene_symbol,,,
HERK1,C,bare_gene_symbol,,,
HERKULES1/2,D,descriptive_name,,,
heterodimeric geranylgeranyl pyrophosphate synthase small subunits,D,descriptive_name,,,
heterodimeric geranylgeranyl pyrophosphate synthase subunits,D,descriptive_name,,,
heteroglycan glucosidase,D,descriptive_name,,,
heteromeric and homomeric isoforms,D,descriptive_name,,,
heterotrimeric G-proteins,D,descriptive_name,,,
hexokinase,D,descriptive_name,,,
Hexokinase-Like 1,D,descriptive_name,,,
HEXOKINASE-LIKE1,D,descriptive_name,,,
hexokinases,D,descriptive_name,,,
hexose group transferase,D,descriptive_name,,,
hexose oxidase,D,descriptive_name,,,
hexose transporter,D,descriptive_name,,,
hexose transporter genes,D,descriptive_name,,,
hexose transporters,D,descriptive_name,,,
hexosyltransferase,D,descriptive_name,,,
HFR1,C,bare_gene_symbol,,,
HGA phytyltransferase,D,descriptive_name,,,
HGD,C,bare_gene_symbol,,,
HGGT,C,bare_gene_symbol,,,
HGGT enzyme,D,descriptive_name,,,
HGL,C,bare_gene_symbol,,,
HGL1,C,bare_gene_symbol,,,
HH-0087250-RA,D,descriptive_name,,,
HH-013791-RA,D,descriptive_name,,,
HH-017308-RA,D,descriptive_name,,,
HHL1,C,bare_gene_symbol,,,
HHP gene,D,descriptive_name,,,
HHP1,C,bare_gene_symbol,,,
HHT1,C,bare_gene_symbol,,,
HIDH,C,bare_gene_symbol,,,
HIDM,C,bare_gene_symbol,,,
HIG1,C,bare_gene_symbol,,,
high temperature-repressed genes,D,descriptive_name,,,
high-affinity ammonium transporter genes,D,descriptive_name,,,
high-affinity ammonium transporters,D,descriptive_name,,,
high-affinity B12 uptake system,D,descriptive_name,,,
high-affinity nitrate transporter,D,descriptive_name,,,
high-affinity nitrate transporters,D,descriptive_name,,,
high-affinity phosphate transport systems,D,descriptive_name,,,
high-affinity phosphate transporters,D,descriptive_name,,,
high-affinity phosphate uptake system,D,descriptive_name,,,
High-affinity SA-binding protein 2,D,descriptive_name,,,
high-affinity transport systems,D,descriptive_name,,,
high-affinity transporters,D,descriptive_name,,,
high-molecular weight (HMW) glutenin,D,descriptive_name,,,
high-molecular-weight subunits,D,descriptive_name,,,
Hik14,C,bare_gene_symbol,,,
Hik21,C,bare_gene_symbol,,,
Hik28,C,bare_gene_symbol,,,
Hik34,C,bare_gene_symbol,,,
Hikeshi,D,descriptive_name,,,
Hiks,D,descriptive_name,,,
HIL1,C,bare_gene_symbol,,,
Hin1,C,bare_gene_symbol,,,
HIN1-like transcripts,D,descriptive_name,,,
hin3,D,descriptive_name,,,
HIPP family,D,descriptive_name,,,
HIRA,C,bare_gene_symbol,,,
His-AmSOD1,D,descriptive_name,,,
His-AmSOD2,D,descriptive_name,,,
His-BrJMJ18,D,descriptive_name,,,
His-tag antibody,D,descriptive_name,,,
His-tagged proteins,D,descriptive_name,,,
His-tAmSOD2,D,descriptive_name,,,
His-VvHSP24,D,descriptive_name,,,
HIS3,C,bare_gene_symbol,,,
HIS3 reporter enzyme,D,descriptive_name,,,
his3 reporter gene,D,descriptive_name,,,
HIS5,C,bare_gene_symbol,,,
His6-J3C417S,D,descriptive_name,,,
His6-J3WT,D,descriptive_name,,,
HIS7,C,bare_gene_symbol,,,
HISN6B,C,bare_gene_symbol,,,
histidine biosynthesis enzymes,D,descriptive_name,,,
histidine kinase,D,descriptive_name,,,
histidine kinase 3,D,descriptive_name,,,
histidine kinase 4,D,descriptive_name,,,
histidine kinase-like ATPase,D,descriptive_name,,,
histidine kinases,D,descriptive_name,,,
histidine phosphotransfer protein,D,descriptive_name,,,
histidine phosphotransfer proteins,D,descriptive_name,,,
histidine residues,D,descriptive_name,,,
histidine-containing phosphotransfer 1,D,descriptive_name,,,
histidine-containing phosphotransfer protein,D,descriptive_name,,,
histidinol phosphate aminotransferase,D,descriptive_name,,,
histidyl-tRNAHis synthetase,D,descriptive_name,,,
histone,D,descriptive_name,,,
histone (de)acetylases,D,descriptive_name,,,
histone acetyltransferase,D,descriptive_name,,,
histone acetyltransferases,D,descriptive_name,,,
histone deacetylase,D,descriptive_name,,,
histone deacetylase 6,D,descriptive_name,,,
HISTONE DEACETYLASE 9,D,descriptive_name,,,
histone deacetylases,D,descriptive_name,,,
histone demethylase gene,D,descriptive_name,,,
histone H3,D,descriptive_name,,,
histone H3 lysine 4,D,descriptive_name,,,
histone H4,D,descriptive_name,,,
histone proteins,D,descriptive_name,,,
histone-like transcription factors,D,descriptive_name,,,
histones,D,descriptive_name,,,
HK,E,noise_too_short,,,
HK1,C,bare_gene_symbol,,,
HK1b2,C,bare_gene_symbol,,,
HK2,C,bare_gene_symbol,,,
HK3,C,bare_gene_symbol,,,
HKL1,C,bare_gene_symbol,,,
HKT,C,bare_gene_symbol,,,
HKT1,C,bare_gene_symbol,,,
HKT8,C,bare_gene_symbol,,,
HLA3,C,bare_gene_symbol,,,
HlPT-2,B,species_prefix_Hl,Hl,PT-2,
HlPT1L,B,species_prefix_Hl,Hl,PT1L,
HLS1,C,bare_gene_symbol,,,
HlSTS1,B,species_prefix_Hl,Hl,STS1,
Hm1,C,bare_gene_symbol,,,
HMA,C,bare_gene_symbol,,,
HMA-domain proteins,D,descriptive_name,,,
HMA-domain superfamily,D,descriptive_name,,,
HMA1,C,bare_gene_symbol,,,
HMA5,C,bare_gene_symbol,,,
hmACC,D,descriptive_name,,,
HMAD,C,bare_gene_symbol,,,
HMBDP reductase,D,descriptive_name,,,
HMBDP synthase,D,descriptive_name,,,
HMBPP reductase,D,descriptive_name,,,
HMBPP synthase,D,descriptive_name,,,
HMG-CoA reductase,D,descriptive_name,,,
HMG1,C,bare_gene_symbol,,,
HMGB genes,D,descriptive_name,,,
HMGCL,C,bare_gene_symbol,,,
HMGCR,C,bare_gene_symbol,,,
HMGR,C,bare_gene_symbol,,,
HMGR isozyme,D,descriptive_name,,,
HMGR protein,D,descriptive_name,,,
HMGR1,C,bare_gene_symbol,,,
HMGs,D,descriptive_name,,,
HMT,C,bare_gene_symbol,,,
HMT-2,D,descriptive_name,,,
HMT1,C,bare_gene_symbol,,,
HMT3,C,bare_gene_symbol,,,
HMW,C,bare_gene_symbol,,,
HMW-GS,D,descriptive_name,,,
HMW-HSP,D,descriptive_name,,,
HO,E,noise_too_short,,,
HO-1,D,descriptive_name,,,
Hog1,C,bare_gene_symbol,,,
HOG1 MAPK,D,descriptive_name,,,
HOG1 orthologues,D,descriptive_name,,,
holoproteins,D,descriptive_name,,,
homeobox,D,descriptive_name,,,
homeobox domains,D,descriptive_name,,,
Homeobox protein HOX1A,D,descriptive_name,,,
homeodomain transcription factors,D,descriptive_name,,,
homeostatic genes,D,descriptive_name,,,
Homocysteine methyltransferase,D,descriptive_name,,,
homocysteine methyltransferases,D,descriptive_name,,,
homocysteine S-methyltransferase,D,descriptive_name,,,
homocysteine S-methyltransferases,D,descriptive_name,,,
homoeologous genes,D,descriptive_name,,,
homogentisate dioxygenase,D,descriptive_name,,,
homogentisate geranylgeranyl transferase,D,descriptive_name,,,
homogentisate phytyl transferase,D,descriptive_name,,,
Homogentisate Phytyltransferase,D,descriptive_name,,,
Homogentisate phytyltransferase 1,D,descriptive_name,,,
homogentisate solanesyl transferase,D,descriptive_name,,,
homologs of galactinol synthase 1,D,descriptive_name,,,
homologue,D,descriptive_name,,,
HOMOLOGY-DEPENDENT GENE SILENCING1,D,descriptive_name,,,
homomeric ACCase enzyme,D,descriptive_name,,,
homomeric acetyl-CoA carboxylase enzyme,D,descriptive_name,,,
homoserine kinase,D,descriptive_name,,,
homoserine O-succinyltransferase,D,descriptive_name,,,
HOOKLESS1,C,bare_gene_symbol,,,
HOP,C,bare_gene_symbol,,,
hop1,D,descriptive_name,,,
hop2,D,descriptive_name,,,
hop3,D,descriptive_name,,,
HopG1,B,species_prefix_Hop,Hop,G1,
HopI,D,descriptive_name,,,
HopM1,B,species_prefix_Hop,Hop,M1,
HopU1,B,species_prefix_Hop,Hop,U1,
hormone and light response elements,D,descriptive_name,,,
hormone biosynthetic enzymes,D,descriptive_name,,,
hormone- and stress-related motifs,D,descriptive_name,,,
hormone-related cis-elements,D,descriptive_name,,,
hormone-related differentially expressed genes,D,descriptive_name,,,
hormone-related genes,D,descriptive_name,,,
hormone-responsive cis-acting elements,D,descriptive_name,,,
hormone-responsive cis-elements,D,descriptive_name,,,
hormone-responsive cis-regulatory element,D,descriptive_name,,,
hormone-responsive cis-regulatory elements,D,descriptive_name,,,
hormone-responsive elements,D,descriptive_name,,,
hormone-responsive genes,D,descriptive_name,,,
horseradish peroxidase,D,descriptive_name,,,
HORVU.MOREX.R3.5HG0476550,D,descriptive_name,,,
HORVU.MOREX.r3.5HG0517330,D,descriptive_name,,,
HORVU1Hr1G050110,D,descriptive_name,,,
HORVU2Hr1G015140,D,descriptive_name,,,
HORVU3Hr1G094870,D,descriptive_name,,,
HORVU4Hr1G005920,D,descriptive_name,,,
HORVU4Hr1G088610,D,descriptive_name,,,
HORVU5Hr1G050270,D,descriptive_name,,,
HORVU6Hr1G071860,D,descriptive_name,,,
HORVU7Hr1G050660,D,descriptive_name,,,
HORVU7Hr1G050670,D,descriptive_name,,,
host genes,D,descriptive_name,,,
host proteins,D,descriptive_name,,,
host proteome,D,descriptive_name,,,
hot5-2,D,descriptive_name,,,
HOTHEAD,C,bare_gene_symbol,,,
Houba,D,descriptive_name,,,
housekeeping genes,D,descriptive_name,,,
HOX,C,bare_gene_symbol,,,
HP,E,noise_too_short,,,
hp1,D,descriptive_name,,,
hp2,D,descriptive_name,,,
Hpa1Xoc,D,descriptive_name,,,
Hpa1Xoo,D,descriptive_name,,,
Hpa1Xoo36-52,D,descriptive_name,,,
HpaG,D,descriptive_name,,,
HpaXm,D,descriptive_name,,,
HpaXm35-51,B,species_prefix_Hpa,Hpa,Xm35-51,
HpBHY,B,species_prefix_Hp,Hp,BHY,
HPCA1 receptor,D,descriptive_name,,,
HPD,C,bare_gene_symbol,,,
HpGRF6,B,species_prefix_Hp,Hp,GRF6,
hph,D,descriptive_name,,,
HPI,C,bare_gene_symbol,,,
HPL,C,bare_gene_symbol,,,
hpnH,D,descriptive_name,,,
HpnH enzyme,D,descriptive_name,,,
hpnH gene,D,descriptive_name,,,
HpnP,D,descriptive_name,,,
HpnP enzyme,D,descriptive_name,,,
hpnP gene,D,descriptive_name,,,
hpo-miR396b,D,descriptive_name,,,
HPP,C,bare_gene_symbol,,,
HPP2C5,C,bare_gene_symbol,,,
HPPD,C,bare_gene_symbol,,,
HPPD-gene,D,descriptive_name,,,
HPR,C,bare_gene_symbol,,,
HPRT1,C,bare_gene_symbol,,,
HPT,C,bare_gene_symbol,,,
HQT,C,bare_gene_symbol,,,
HRD1,C,bare_gene_symbol,,,
HRE2,C,bare_gene_symbol,,,
HRG,C,bare_gene_symbol,,,
HRG genes,D,descriptive_name,,,
HRGP 1,D,descriptive_name,,,
HRGPs,D,descriptive_name,,,
HRI,C,bare_gene_symbol,,,
HRP,C,bare_gene_symbol,,,
HRPA2,C,bare_gene_symbol,,,
HRPs,D,descriptive_name,,,
HRT transcription factor,D,descriptive_name,,,
HRU1 universal stress protein,D,descriptive_name,,,
HS marker genes,D,descriptive_name,,,
HS-induced genes,D,descriptive_name,,,
HS-inducible genes,D,descriptive_name,,,
HS-up-regulated genes,D,descriptive_name,,,
HSA32,C,bare_gene_symbol,,,
HSBP gene family,D,descriptive_name,,,
HSBP2,C,bare_gene_symbol,,,
HSBPs,D,descriptive_name,,,
HSC70,C,bare_gene_symbol,,,
Hsc70 chaperones,D,descriptive_name,,,
HsCIPK genes,D,descriptive_name,,,
HsCIPK11,B,species_prefix_Hs,Hs,CIPK11,
HsCIPK14,B,species_prefix_Hs,Hs,CIPK14,
HsCIPK17,B,species_prefix_Hs,Hs,CIPK17,
HsCIPK2,B,species_prefix_Hs,Hs,CIPK2,
HsCIPK23,B,species_prefix_Hs,Hs,CIPK23,
HsCIPK24,B,species_prefix_Hs,Hs,CIPK24,
HsCIPK28,B,species_prefix_Hs,Hs,CIPK28,
HsCIPK29,B,species_prefix_Hs,Hs,CIPK29,
HsCIPK30,B,species_prefix_Hs,Hs,CIPK30,
HsCIPK31,B,species_prefix_Hs,Hs,CIPK31,
HsCIPK5,B,species_prefix_Hs,Hs,CIPK5,
HsCIPK9,B,species_prefix_Hs,Hs,CIPK9,
HsCIPKs,B,species_prefix_Hs,Hs,CIPKs,
HSD,C,bare_gene_symbol,,,
HSD proteins,D,descriptive_name,,,
HSD1,C,bare_gene_symbol,,,
HSD4/7,D,descriptive_name,,,
HSD5,C,bare_gene_symbol,,,
HSDs,D,descriptive_name,,,
HSE,C,bare_gene_symbol,,,
HSE elements,D,descriptive_name,,,
HSE motifs,D,descriptive_name,,,
HSEs,D,descriptive_name,,,
Hsf,D,descriptive_name,,,
HSF DNA-binding proteins,D,descriptive_name,,,
HSF family,D,descriptive_name,,,
HSF family genes,D,descriptive_name,,,
HSF family members,D,descriptive_name,,,
HSF gene,D,descriptive_name,,,
HSF gene family,D,descriptive_name,,,
HSF gene promoters,D,descriptive_name,,,
HSF genes,D,descriptive_name,,,
HSF master regulators,D,descriptive_name,,,
HSF network,D,descriptive_name,,,
HSF protein,D,descriptive_name,,,
HSF proteins,D,descriptive_name,,,
HSF regulatory network,D,descriptive_name,,,
HSF transcription factor,D,descriptive_name,,,
HSF transcription factors,D,descriptive_name,,,
Hsf-HSP module,D,descriptive_name,,,
HSF/HSP regulons,D,descriptive_name,,,
HSF1,C,bare_gene_symbol,,,
HSF20,C,bare_gene_symbol,,,
Hsf2A,D,descriptive_name,,,
HSF3,C,bare_gene_symbol,,,
Hsf30,C,bare_gene_symbol,,,
HSF6b,D,descriptive_name,,,
HSF9,C,bare_gene_symbol,,,
HSFA,C,bare_gene_symbol,,,
HsfA family,D,descriptive_name,,,
HSFA-2c,D,descriptive_name,,,
HSFA-6a,D,descriptive_name,,,
HSFA1,C,bare_gene_symbol,,,
HSFA1 a,D,descriptive_name,,,
HSFA1 b,D,descriptive_name,,,
HSFA1 d,D,descriptive_name,,,
HSFA1 e,D,descriptive_name,,,
HSFA1 transcription factor,D,descriptive_name,,,
HSFA1 transcription factors,D,descriptive_name,,,
HsfA1a,B,species_prefix_Hsf,Hsf,A1a,
HSFA1a transcription factors,D,descriptive_name,,,
hsfa1a/b/d,D,descriptive_name,,,
HSFA1b,D,descriptive_name,,,
HSFA1b2,C,bare_gene_symbol,,,
HSFA1d,D,descriptive_name,,,
HSFA1d2,C,bare_gene_symbol,,,
HSFA1e,D,descriptive_name,,,
HSFA1s,D,descriptive_name,,,
HSFA2,C,bare_gene_symbol,,,
HSFA2 KO,D,descriptive_name,,,
HsfA2 transcription factor,D,descriptive_name,,,
HSFA2-2,D,descriptive_name,,,
HSFA2a,D,descriptive_name,,,
HSFA2a-f,D,descriptive_name,,,
HSFA2c,D,descriptive_name,,,
HSFA2D,C,bare_gene_symbol,,,
HSFA3,C,bare_gene_symbol,,,
HsfA3 pathway,D,descriptive_name,,,
HSFA4,C,bare_gene_symbol,,,
HsfA4a,B,species_prefix_Hsf,Hsf,A4a,
HSFA4A protein,D,descriptive_name,,,
HSFA4A trimers,D,descriptive_name,,,
HSFA4A-YFP,D,descriptive_name,,,
HsfA5,B,species_prefix_Hsf,Hsf,A5,
HsfA6,B,species_prefix_Hsf,Hsf,A6,
HSFA6a,D,descriptive_name,,,
HSFA6b,D,descriptive_name,,,
HSFA6s,D,descriptive_name,,,
HSFA7,C,bare_gene_symbol,,,
hsfa7a,D,descriptive_name,,,
hsfa7a hsfa7b-2,D,descriptive_name,,,
hsfa7a/b,D,descriptive_name,,,
HSFA7b,D,descriptive_name,,,
HSFA7b-IOE,D,descriptive_name,,,
hsfA8,D,descriptive_name,,,
HSFA8a,D,descriptive_name,,,
HSFA9,C,bare_gene_symbol,,,
HSFB,C,bare_gene_symbol,,,
HSFB subclasses,D,descriptive_name,,,
HSFB subfamily members,D,descriptive_name,,,
HSFB-2b,D,descriptive_name,,,
HSFB1,C,bare_gene_symbol,,,
HsfB2,B,species_prefix_Hsf,Hsf,B2,
HsfB2a,B,species_prefix_Hsf,Hsf,B2a,
HsfB2b,B,species_prefix_Hsf,Hsf,B2b,
HsfC1,B,species_prefix_Hsf,Hsf,C1,
hsfc1b,D,descriptive_name,,,
HSFI,C,bare_gene_symbol,,,
Hsfs,D,descriptive_name,,,
HSL,C,bare_gene_symbol,,,
HSP,C,bare_gene_symbol,,,
HSP 101b-A,D,descriptive_name,,,
HSP 17,D,descriptive_name,,,
HSP 17.0,D,descriptive_name,,,
HSP 17.4,D,descriptive_name,,,
HSP 17.6,D,descriptive_name,,,
HSP 17.9,D,descriptive_name,,,
HSP 70,D,descriptive_name,,,
HSP 81-3,D,descriptive_name,,,
HSP 82,D,descriptive_name,,,
HSP 90,D,descriptive_name,,,
HSP 90.1-B1,D,descriptive_name,,,
HSP family proteins,D,descriptive_name,,,
HSP gene,D,descriptive_name,,,
Hsp genes,D,descriptive_name,,,
HSP proteins,D,descriptive_name,,,
Hsp STI-like,D,descriptive_name,,,
HSP-17.9,D,descriptive_name,,,
HSP-20,D,descriptive_name,,,
HSP-70,D,descriptive_name,,,
Hsp-72,D,descriptive_name,,,
HSP-90,D,descriptive_name,,,
Hsp-GUS,D,descriptive_name,,,
HSP-GUS reporter cassettes,D,descriptive_name,,,
Hsp/Hsc70,D,descriptive_name,,,
HSP10,C,bare_gene_symbol,,,
HSP100,C,bare_gene_symbol,,,
HSP100s,D,descriptive_name,,,
HSP101,C,bare_gene_symbol,,,
HSP101 gene,D,descriptive_name,,,
HSP101.1,C,bare_gene_symbol,,,
Hsp110,C,bare_gene_symbol,,,
HSP16.9,C,bare_gene_symbol,,,
Hsp17,C,bare_gene_symbol,,,
Hsp17.0,D,descriptive_name,,,
HSP17.1,C,bare_gene_symbol,,,
HSP17.3B,D,descriptive_name,,,
HSP17.3B promoter,D,descriptive_name,,,
HSP17.4,C,bare_gene_symbol,,,
Hsp17.4-CI,D,descriptive_name,,,
HSP17.4CI,D,descriptive_name,,,
HSP17.6,C,bare_gene_symbol,,,
HSP17.6 proteins,D,descriptive_name,,,
HSP17.6.II,D,descriptive_name,,,
HSP17.6A,D,descriptive_name,,,
Hsp17.6B-CII,D,descriptive_name,,,
HSP17.6II,D,descriptive_name,,,
HSP17.7,C,bare_gene_symbol,,,
Hsp17.7-CII,D,descriptive_name,,,
HSP17.7A,D,descriptive_name,,,
HSP17.7B,D,descriptive_name,,,
HSP17.7C-Cl,D,descriptive_name,,,
HSP17.8,C,bare_gene_symbol,,,
HSP17.9,C,bare_gene_symbol,,,
HSP18,C,bare_gene_symbol,,,
HSP18 promoters,D,descriptive_name,,,
Hsp18.1-CII,D,descriptive_name,,,
HSP18.2,C,bare_gene_symbol,,,
HSP18.2 promoter,D,descriptive_name,,,
Hsp18.5,D,descriptive_name,,,
Hsp20,C,bare_gene_symbol,,,
HSP20 family,D,descriptive_name,,,
HSP20 genes,D,descriptive_name,,,
Hsp20 proteins,D,descriptive_name,,,
HSP20-like chaperone protein,D,descriptive_name,,,
HSP20.0,C,bare_gene_symbol,,,
HSP20.1,C,bare_gene_symbol,,,
HSP20s,D,descriptive_name,,,
HSP21,C,bare_gene_symbol,,,
Hsp21.5,D,descriptive_name,,,
HSP22.0,C,bare_gene_symbol,,,
HSP22.8,C,bare_gene_symbol,,,
HSP22A,C,bare_gene_symbol,,,
HSP22E/F,D,descriptive_name,,,
HSP23.5,C,bare_gene_symbol,,,
Hsp23.6,D,descriptive_name,,,
HSP24,C,bare_gene_symbol,,,
HSP24.1,C,bare_gene_symbol,,,
HSP24.7,C,bare_gene_symbol,,,
HSP26,C,bare_gene_symbol,,,
HSP26 gene,D,descriptive_name,,,
HSP26.5,C,bare_gene_symbol,,,
HSP26.7,C,bare_gene_symbol,,,
HSP40,C,bare_gene_symbol,,,
HSP40 chaperones,D,descriptive_name,,,
HSP40 proteins,D,descriptive_name,,,
HSP40-HSP70-HSP90 chaperone complex,D,descriptive_name,,,
HSP40s,D,descriptive_name,,,
HSP58,C,bare_gene_symbol,,,
HSP60,C,bare_gene_symbol,,,
HSP60s,D,descriptive_name,,,
HSP70,C,bare_gene_symbol,,,
Hsp70 1A,D,descriptive_name,,,
Hsp70 chaperone,D,descriptive_name,,,
Hsp70 chaperones,D,descriptive_name,,,
Hsp70 gene,D,descriptive_name,,,
Hsp70 gene family,D,descriptive_name,,,
HSP70 genes,D,descriptive_name,,,
Hsp70 homologs,D,descriptive_name,,,
HSP70 isoforms,D,descriptive_name,,,
HSP70 machine,D,descriptive_name,,,
Hsp70 molecular chaperone,D,descriptive_name,,,
Hsp70 molecular chaperones,D,descriptive_name,,,
HSP70 promoter,D,descriptive_name,,,
HSP70 proteins,D,descriptive_name,,,
HSP70-1,D,descriptive_name,,,
Hsp70-13,D,descriptive_name,,,
HSP70-16,D,descriptive_name,,,
HSP70-3,D,descriptive_name,,,
HSP70-4,D,descriptive_name,,,
HSP70-5,D,descriptive_name,,,
HSP70-8,D,descriptive_name,,,
Hsp70.2,D,descriptive_name,,,
HSP70.9,C,bare_gene_symbol,,,
HSP70/90,D,descriptive_name,,,
HSP70A,C,bare_gene_symbol,,,
Hsp70A-RBCS2 promoter,D,descriptive_name,,,
HSP70B,C,bare_gene_symbol,,,
HSP70E,C,bare_gene_symbol,,,
HSP70s,D,descriptive_name,,,
Hsp70T,D,descriptive_name,,,
HSP71.1,C,bare_gene_symbol,,,
HSP72,C,bare_gene_symbol,,,
HSP74,C,bare_gene_symbol,,,
HSP74.8,C,bare_gene_symbol,,,
Hsp80,C,bare_gene_symbol,,,
Hsp80.2,D,descriptive_name,,,
HSP81.1,C,bare_gene_symbol,,,
HSP82,C,bare_gene_symbol,,,
Hsp82p,D,descriptive_name,,,
Hsp83,C,bare_gene_symbol,,,
HSP90,C,bare_gene_symbol,,,
HSP90 chaperones,D,descriptive_name,,,
Hsp90 co-chaperone,D,descriptive_name,,,
HSP90 complex,D,descriptive_name,,,
HSP90 family,D,descriptive_name,,,
HSP90 family proteins,D,descriptive_name,,,
HSP90 gene family,D,descriptive_name,,,
HSP90 genes,D,descriptive_name,,,
HSP90 inhibitor,D,descriptive_name,,,
HSP90 molecular chaperones,D,descriptive_name,,,
HSP90 protein,D,descriptive_name,,,
HSP90 proteins,D,descriptive_name,,,
HSP90-1,D,descriptive_name,,,
HSP90-4,D,descriptive_name,,,
HSP90-5,D,descriptive_name,,,
HSP90-6,D,descriptive_name,,,
HSP90-HOP co-chaperone complex,D,descriptive_name,,,
HSP90-SGT1,D,descriptive_name,,,
HSP90-SGT1-RAR1 chaperone complex,D,descriptive_name,,,
HSP90-SGT1b complex,D,descriptive_name,,,
HSP90-silenced transgenic lines,D,descriptive_name,,,
HSP90.1,C,bare_gene_symbol,,,
HSP90.1-b1,D,descriptive_name,,,
HSP90.2,C,bare_gene_symbol,,,
hsp90.2-3,D,descriptive_name,,,
HSP90.6,C,bare_gene_symbol,,,
HSP90.7,C,bare_gene_symbol,,,
HSP90.7Δ22,D,descriptive_name,,,
HSP90.9,C,bare_gene_symbol,,,
HSP90A,C,bare_gene_symbol,,,
HSP90C,C,bare_gene_symbol,,,
HSP90RNAi,D,descriptive_name,,,
HSP90s,D,descriptive_name,,,
Hsp93-V,D,descriptive_name,,,
HspA,D,descriptive_name,,,
HsPKR,B,species_prefix_Hs,Hs,PKR,
HsPKR-6His,B,species_prefix_Hs,Hs,PKR-6His,
HspL,D,descriptive_name,,,
HSPs,D,descriptive_name,,,
HSPs 17.6,D,descriptive_name,,,
HSR,C,bare_gene_symbol,,,
HSR genes,D,descriptive_name,,,
Hsr203J,D,descriptive_name,,,
HST,C,bare_gene_symbol,,,
hst1,D,descriptive_name,,,
Hstf,D,descriptive_name,,,
HSTL,C,bare_gene_symbol,,,
HT tolerance genes,D,descriptive_name,,,
HT-responsive genes,D,descriptive_name,,,
HT-responsive pollen genes,D,descriptive_name,,,
HT1,C,bare_gene_symbol,,,
HT1-like,D,descriptive_name,,,
HTA1,C,bare_gene_symbol,,,
htACC,D,descriptive_name,,,
HTG orthologs,D,descriptive_name,,,
HTG3,C,bare_gene_symbol,,,
Htg6.1 QTL,D,descriptive_name,,,
HTGs,D,descriptive_name,,,
HTH,C,bare_gene_symbol,,,
HTH domain proteins,D,descriptive_name,,,
HTH domain-containing proteins,D,descriptive_name,,,
HTH5,C,bare_gene_symbol,,,
HTH5 gene,D,descriptive_name,,,
HTNE-2,D,descriptive_name,,,
HTR2,C,bare_gene_symbol,,,
HTR5,C,bare_gene_symbol,,,
HTR8,C,bare_gene_symbol,,,
HtrA proteases,D,descriptive_name,,,
HTS1,C,bare_gene_symbol,,,
HTS2,C,bare_gene_symbol,,,
hub gene probes,D,descriptive_name,,,
hub genes,D,descriptive_name,,,
human and plant SUMO E1 enzymes,D,descriptive_name,,,
human cold-inducible RNA-binding proteins,D,descriptive_name,,,
human E1,D,descriptive_name,,,
human glutaredoxin-1,D,descriptive_name,,,
human GPX4,D,descriptive_name,,,
human MAO-A,D,descriptive_name,,,
human MAO-B,D,descriptive_name,,,
Human MIF,D,descriptive_name,,,
human MIF recombinant protein,D,descriptive_name,,,
Human protein E1 enzymes,D,descriptive_name,,,
human sHSPs,D,descriptive_name,,,
human SKIP,D,descriptive_name,,,
humulene synthases,D,descriptive_name,,,
humulone synthase,D,descriptive_name,,,
HuPR-1,B,species_prefix_Hu,Hu,PR-1,
Hv-CPI,D,descriptive_name,,,
Hv-SGT1,D,descriptive_name,,,
HVA1,C,bare_gene_symbol,,,
HVA22,C,bare_gene_symbol,,,
HVA22C,C,bare_gene_symbol,,,
HVA22E,C,bare_gene_symbol,,,
HvABA8’OH1,D,descriptive_name,,,
HvABA8’OHs,D,descriptive_name,,,
HvABI5,B,species_prefix_Hv,Hv,ABI5,
HvALMT1,B,species_prefix_Hv,Hv,ALMT1,
HvBG1,B,species_prefix_Hv,Hv,BG1,
HvBGLU42,B,species_prefix_Hv,Hv,BGLU42,
HvBGLUII,B,species_prefix_Hv,Hv,BGLUII,
HvbHLH39,B,species_prefix_Hvb,Hvb,HLH39,
HvbHLH47,B,species_prefix_Hvb,Hvb,HLH47,
HvBRI1,B,species_prefix_Hv,Hv,BRI1,
HvCPD,B,species_prefix_Hv,Hv,CPD,
HvDWARF,B,species_prefix_Hv,Hv,DWARF,
HvExpA11,B,species_prefix_Hv,Hv,ExpA11,
HvFRF9,B,species_prefix_Hv,Hv,FRF9,
HvGA20ox1,B,species_prefix_Hv,Hv,GA20ox1,
HvGA20ox2,B,species_prefix_Hv,Hv,GA20ox2,
HvGA20ox3,B,species_prefix_Hv,Hv,GA20ox3,
HvGA20ox4,B,species_prefix_Hv,Hv,GA20ox4,
HvGA2ox3,B,species_prefix_Hv,Hv,GA2ox3,
HvGA3ox,B,species_prefix_Hv,Hv,GA3ox,
HvGA3ox2,B,species_prefix_Hv,Hv,GA3ox2,
HvHGGT,B,species_prefix_Hv,Hv,HGGT,
HvHsfA2c,B,species_prefix_Hv,Hv,HsfA2c,
HvHSFA2e,B,species_prefix_Hv,Hv,HSFA2e,
HvIRT1,B,species_prefix_Hv,Hv,IRT1,
HvMADS,B,species_prefix_Hv,Hv,MADS,
HvNAAT,B,species_prefix_Hv,Hv,NAAT,
HvNAC genes,D,descriptive_name,,,
HvNAC proteins,D,descriptive_name,,,
HvNAC1,B,species_prefix_Hv,Hv,NAC1,
HvNAC11,B,species_prefix_Hv,Hv,NAC11,
HvNAC13,B,species_prefix_Hv,Hv,NAC13,
HvNAC15,B,species_prefix_Hv,Hv,NAC15,
HvNAC16,B,species_prefix_Hv,Hv,NAC16,
HvNAC16 gene,D,descriptive_name,,,
HvNAC18,B,species_prefix_Hv,Hv,NAC18,
HvNAC19,B,species_prefix_Hv,Hv,NAC19,
HvNAC2,B,species_prefix_Hv,Hv,NAC2,
HvNAC22,B,species_prefix_Hv,Hv,NAC22,
HvNAC24,B,species_prefix_Hv,Hv,NAC24,
HvNAC25,B,species_prefix_Hv,Hv,NAC25,
HvNAC26,B,species_prefix_Hv,Hv,NAC26,
HvNAC4,B,species_prefix_Hv,Hv,NAC4,
HvNAC6,B,species_prefix_Hv,Hv,NAC6,
HvNAC7,B,species_prefix_Hv,Hv,NAC7,
HvNACs,B,species_prefix_Hv,Hv,NACs,
HvNCED2,B,species_prefix_Hv,Hv,NCED2,
HvP4H1,B,species_prefix_Hv,Hv,P4H1,
HvP4H2,B,species_prefix_Hv,Hv,P4H2,
HvRBOHF2,B,species_prefix_Hv,Hv,RBOHF2,
HVS,C,bare_gene_symbol,,,
HvsHsf,B,species_prefix_Hvs,Hvs,Hsf,
HvSnRK2,B,species_prefix_Hv,Hv,SnRK2,
HvSOD1,B,species_prefix_Hv,Hv,SOD1,
HvSPDT,B,species_prefix_Hv,Hv,SPDT,
HvSULTR genes,D,descriptive_name,,,
HvSULTR2,B,species_prefix_Hv,Hv,SULTR2,
HvSULTR3.4,D,descriptive_name,,,
HvSULTR4,B,species_prefix_Hv,Hv,SULTR4,
HvSULTR5,B,species_prefix_Hv,Hv,SULTR5,
HvSUT1,B,species_prefix_Hv,Hv,SUT1,
HvUGT13248,B,species_prefix_Hv,Hv,UGT13248,
HvYS1,B,species_prefix_Hv,Hv,YS1,
HvYSL1,B,species_prefix_Hv,Hv,YSL1,
HXK,C,bare_gene_symbol,,,
HXK-5,D,descriptive_name,,,
HXK1,C,bare_gene_symbol,,,
Hxk2,C,bare_gene_symbol,,,
HY1,C,bare_gene_symbol,,,
HY5,C,bare_gene_symbol,,,
HY5 ortholog,D,descriptive_name,,,
HY5-NRT1.1 module,D,descriptive_name,,,
HY5-NRT1.1 regulatory mechanism,D,descriptive_name,,,
HY5-NRT1.1 regulatory module,D,descriptive_name,,,
hybrid histidine kinase,D,descriptive_name,,,
hybrid histidine kinase gene,D,descriptive_name,,,
hybrid proline-rich protein,D,descriptive_name,,,
hydrogenase,D,descriptive_name,,,
hydrogenase enzyme,D,descriptive_name,,,
hydrolase,D,descriptive_name,,,
hydrolases,D,descriptive_name,,,
hydrolytic enzyme,D,descriptive_name,,,
hydrolytic enzymes,D,descriptive_name,,,
hydrolytic genes,D,descriptive_name,,,
hydroperoxide dehydratase,D,descriptive_name,,,
hydroperoxide lyase,D,descriptive_name,,,
hydrophilic chaperones,D,descriptive_name,,,
hydrophilins,D,descriptive_name,,,
hydroquinone glucosyltransferase,D,descriptive_name,,,
hydroquinone glucosyltransferase-like isoform 1,D,descriptive_name,,,
Hydroxycinnamoyl benzoyltransferase-related genes,D,descriptive_name,,,
hydroxycinnamoyl CoA:shikimate/quinate hydroxycinnamoyltransferase,D,descriptive_name,,,
hydroxycinnamoyl transferase,D,descriptive_name,,,
hydroxycinnamoyl transferases,D,descriptive_name,,,
hydroxycinnamoyl-CoA shikimate/quinate hydroxycinnamoyl transferase,D,descriptive_name,,,
hydroxycinnamoyl-CoA shikimate/quinate transferase,D,descriptive_name,,,
hydroxycinnamoyl-CoA transferase,D,descriptive_name,,,
hydroxycinnamoyl-CoA: shikimate/quinate hydroxycinnamoyltransferase,D,descriptive_name,,,
Hydroxycinnamoyl-coenzyme A shikimate/quinate hydroxycinnamoyltransferase-like,D,descriptive_name,,,
hydroxycinnamoyltransferase,D,descriptive_name,,,
hydroxyethyl thiazole phosphate synthase,D,descriptive_name,,,
hydroxylase genes,D,descriptive_name,,,
hydroxymethylbilane synthase,D,descriptive_name,,,
hydroxymethylbutenyl diphosphate (HMBDP) synthase,D,descriptive_name,,,
hydroxymethylglutaryl-CoA reductase,D,descriptive_name,,,
hydroxymethylpyrimidine phosphate synthase,D,descriptive_name,,,
Hydroxyphenylpyruvatedioxygenase,D,descriptive_name,,,
Hydroxyproline glycoprotein,D,descriptive_name,,,
Hydroxyproline O-arabinosyltransferase-like,D,descriptive_name,,,
Hydroxyproline-rich glycoprotein,D,descriptive_name,,,
Hydroxyproline-rich glycoproteins,D,descriptive_name,,,
hydroxypyruvate reductase,D,descriptive_name,,,
Hydroxysteroid dehydrogenases,D,descriptive_name,,,
hygromycin resistance cassette,D,descriptive_name,,,
HYH,C,bare_gene_symbol,,,
hyp-1,D,descriptive_name,,,
Hyp-galactosyltransferases,D,descriptive_name,,,
hyperosmolarity-gated calcium-permeable cation channel proteins,D,descriptive_name,,,
hypersensitive sensors,D,descriptive_name,,,
hyperthermophilic cellulases,D,descriptive_name,,,
hyperthermophilic cellulolytic blend,D,descriptive_name,,,
hyperthermophilic enzymes,D,descriptive_name,,,
hyperthermophilic xylanase,D,descriptive_name,,,
hypothetical proteins,D,descriptive_name,,,
hypoxanthine ribosyltransferase,D,descriptive_name,,,
HYR,C,bare_gene_symbol,,,
I,E,noise_too_short,,,
I IbARF10,D,descriptive_name,,,
I-CREII,D,descriptive_name,,,
I10H,C,bare_gene_symbol,,,
i1_HQ_LWC_c3032/f1p5/4571,D,descriptive_name,,,
I2'H,D,descriptive_name,,,
IAA,C,bare_gene_symbol,,,
IAA (auxin) synthesis genes,D,descriptive_name,,,
IAA amido synthetase,D,descriptive_name,,,
IAA amido synthetase gene,D,descriptive_name,,,
IAA amino acid conjugate hydrolase,D,descriptive_name,,,
IAA amino synthetase,D,descriptive_name,,,
IAA genes,D,descriptive_name,,,
IAA polar transport protein,D,descriptive_name,,,
IAA proteins,D,descriptive_name,,,
IAA signaling genes,D,descriptive_name,,,
IAA synthases,D,descriptive_name,,,
IAA synthesis genes,D,descriptive_name,,,
IAA β-glucosyltransferase,D,descriptive_name,,,
IAA-alanine resistant3,D,descriptive_name,,,
IAA-amido synthase,D,descriptive_name,,,
IAA-amido synthetase,D,descriptive_name,,,
IAA-amido synthetase GH3.1,D,descriptive_name,,,
IAA-amido synthetase GH3.4,D,descriptive_name,,,
IAA-amido synthetases,D,descriptive_name,,,
IAA-amino acid conjugate hydrolase,D,descriptive_name,,,
IAA-amino acid hydrolase ILR1-like,D,descriptive_name,,,
IAA-amino acid hydrolases,D,descriptive_name,,,
IAA-induced proteins,D,descriptive_name,,,
IAA-related genes,D,descriptive_name,,,
IAA-related signal transduction genes,D,descriptive_name,,,
IAA-responsive cis-elements,D,descriptive_name,,,
IAA-responsive elements,D,descriptive_name,,,
IAA-type transcription factors,D,descriptive_name,,,
IAA/AUX,D,descriptive_name,,,
IAA/AUX proteins,D,descriptive_name,,,
IAA1,C,bare_gene_symbol,,,
IAA11,C,bare_gene_symbol,,,
IAA12,C,bare_gene_symbol,,,
IAA13,C,bare_gene_symbol,,,
IAA14,C,bare_gene_symbol,,,
IAA14-like,D,descriptive_name,,,
IAA15,C,bare_gene_symbol,,,
IAA16,C,bare_gene_symbol,,,
IAA17,C,bare_gene_symbol,,,
IAA17-like,D,descriptive_name,,,
IAA19,C,bare_gene_symbol,,,
IAA2,C,bare_gene_symbol,,,
IAA20,C,bare_gene_symbol,,,
IAA25,C,bare_gene_symbol,,,
IAA26,C,bare_gene_symbol,,,
IAA27,C,bare_gene_symbol,,,
IAA27 family,D,descriptive_name,,,
IAA28,C,bare_gene_symbol,,,
IAA29,C,bare_gene_symbol,,,
IAA29-like,D,descriptive_name,,,
IAA3,C,bare_gene_symbol,,,
IAA31,C,bare_gene_symbol,,,
IAA31-like,D,descriptive_name,,,
IAA5,C,bare_gene_symbol,,,
IAA5/6/19,D,descriptive_name,,,
IAA7,C,bare_gene_symbol,,,
IAA7 gene,D,descriptive_name,,,
IAA8,C,bare_gene_symbol,,,
IAA8 protein,D,descriptive_name,,,
IAA8AAA,C,bare_gene_symbol,,,
IAA8WT,C,bare_gene_symbol,,,
IAA9,C,bare_gene_symbol,,,
iaa9-3,D,descriptive_name,,,
iaa9-5,D,descriptive_name,,,
IAAs,D,descriptive_name,,,
IaCom,B,species_prefix_Ia,Ia,Com,
IAGLU,C,bare_gene_symbol,,,
IAMT1,C,bare_gene_symbol,,,
IaPal-1,B,species_prefix_Ia,Ia,Pal-1,
IaSus,B,species_prefix_Ia,Ia,Sus,
IaSus6,B,species_prefix_Ia,Ia,Sus6,
IbABF4,B,species_prefix_Ib,Ib,ABF4,
IbAGPb1A,B,species_prefix_Ib,Ib,AGPb1A,
IbARF8,B,species_prefix_Ib,Ib,ARF8,
IbARF8-like,B,species_prefix_Ib,Ib,ARF8-like,
IbBGAL17,B,species_prefix_Ib,Ib,BGAL17,
IbCOR47,B,species_prefix_Ib,Ib,COR47,
IbERF,B,species_prefix_Ib,Ib,ERF,
IbERF104,B,species_prefix_Ib,Ib,ERF104,
IbERF3,B,species_prefix_Ib,Ib,ERF3,
IbERF9,B,species_prefix_Ib,Ib,ERF9,
IbEXLA1,B,species_prefix_Ib,Ib,EXLA1,
IbEXLB11,B,species_prefix_Ib,Ib,EXLB11,
IbEXP,B,species_prefix_Ib,Ib,EXP,
IbEXP promoters,D,descriptive_name,,,
IbEXPA orthologs,D,descriptive_name,,,
IbEXPA15,B,species_prefix_Ib,Ib,EXPA15,
IbEXPA17,B,species_prefix_Ib,Ib,EXPA17,
IbEXPA22,B,species_prefix_Ib,Ib,EXPA22,
IbEXPA35,B,species_prefix_Ib,Ib,EXPA35,
IbEXPA4,B,species_prefix_Ib,Ib,EXPA4,
IbEXPB5,B,species_prefix_Ib,Ib,EXPB5,
IbEXPs,B,species_prefix_Ib,Ib,EXPs,
IbFAD8,B,species_prefix_Ib,Ib,FAD8,
IbFAD8 enzyme,D,descriptive_name,,,
IbFAD8 gene,D,descriptive_name,,,
IbFAD8-GFP,B,species_prefix_Ib,Ib,FAD8-GFP,
IbHSPs,B,species_prefix_Ib,Ib,HSPs,
IbmiR160,C,bare_gene_symbol,,,
IbmiR167,C,bare_gene_symbol,,,
IbmiR319,C,bare_gene_symbol,,,
IbmiR397,C,bare_gene_symbol,,,
IbmiR398,C,bare_gene_symbol,,,
IbMPK3,B,species_prefix_Ib,Ib,MPK3,
IbOr,D,descriptive_name,,,
IbOr gene,D,descriptive_name,,,
IbOr protein,D,descriptive_name,,,
IbOr-N2 fragment,D,descriptive_name,,,
IbOr-R96H,B,species_prefix_Ib,Ib,Or-R96H,
IbOr-WT,B,species_prefix_Ib,Ib,Or-WT,
IbPRX17,B,species_prefix_Ib,Ib,PRX17,
IbPsbP,B,species_prefix_Ib,Ib,PsbP,
IbPSY,B,species_prefix_Ib,Ib,PSY,
IbRAB18,B,species_prefix_Ib,Ib,RAB18,
IbRD22,B,species_prefix_Ib,Ib,RD22,
IbRD29B,B,species_prefix_Ib,Ib,RD29B,
IbRGA2,B,species_prefix_Ib,Ib,RGA2,
IBRI,C,bare_gene_symbol,,,
IbSAP,B,species_prefix_Ib,Ib,SAP,
IbSAP gene,D,descriptive_name,,,
IbSAP gene family,D,descriptive_name,,,
IbSAP genes,D,descriptive_name,,,
IbSAP1,B,species_prefix_Ib,Ib,SAP1,
IbSAP16,B,species_prefix_Ib,Ib,SAP16,
IbSAP18-20,B,species_prefix_Ib,Ib,SAP18-20,
IbSAP20,B,species_prefix_Ib,Ib,SAP20,
IbSAP3,B,species_prefix_Ib,Ib,SAP3,
IbSAP4,B,species_prefix_Ib,Ib,SAP4,
IbSAP5,B,species_prefix_Ib,Ib,SAP5,
IbSCRM,B,species_prefix_Ib,Ib,SCRM,
IbTCP2,B,species_prefix_Ib,Ib,TCP2,
IbWRKYs,B,species_prefix_Ib,Ib,WRKYs,
ICDH,C,bare_gene_symbol,,,
ice recrystallization inhibition proteins,D,descriptive_name,,,
ICE1,C,bare_gene_symbol,,,
ICE1/2 factors,D,descriptive_name,,,
ICE2,C,bare_gene_symbol,,,
ICL,C,bare_gene_symbol,,,
ICME,C,bare_gene_symbol,,,
ICME family,D,descriptive_name,,,
ICME gene family,D,descriptive_name,,,
ICME genes,D,descriptive_name,,,
ICME proteins,D,descriptive_name,,,
ICME-like genes,D,descriptive_name,,,
ICME-like homologs,D,descriptive_name,,,
ICME-LIKE1,D,descriptive_name,,,
ICME-LIKE2,D,descriptive_name,,,
icme-like2-1,D,descriptive_name,,,
ICMT,C,bare_gene_symbol,,,
ICS,C,bare_gene_symbol,,,
ICS genes,D,descriptive_name,,,
ICS1,C,bare_gene_symbol,,,
ics1-2,D,descriptive_name,,,
ICS2,C,bare_gene_symbol,,,
IDD proteins,D,descriptive_name,,,
identity genes,D,descriptive_name,,,
IDH,C,bare_gene_symbol,,,
IDH3,C,bare_gene_symbol,,,
IDI,C,bare_gene_symbol,,,
IDP7361,C,bare_gene_symbol,,,
IF1,C,bare_gene_symbol,,,
IFR,C,bare_gene_symbol,,,
IFS,C,bare_gene_symbol,,,
IFS1,C,bare_gene_symbol,,,
IFS2,C,bare_gene_symbol,,,
IGMT,C,bare_gene_symbol,,,
IGMT1,C,bare_gene_symbol,,,
IGMT2,C,bare_gene_symbol,,,
IGP,C,bare_gene_symbol,,,
igrA,D,descriptive_name,,,
IGS1,C,bare_gene_symbol,,,
IgWRKY32,B,species_prefix_Ig,Ig,WRKY32,
IgWRKY50,B,species_prefix_Ig,Ig,WRKY50,
II,E,noise_too_short,,,
III,C,bare_gene_symbol,,,
IIL1,C,bare_gene_symbol,,,
IL-12,D,descriptive_name,,,
IL-1β,D,descriptive_name,,,
IL-6,D,descriptive_name,,,
ILL6,C,bare_gene_symbol,,,
ilvA,D,descriptive_name,,,
ilvE,D,descriptive_name,,,
IlWRKY70,B,species_prefix_Il,Il,WRKY70,
IMAT,C,bare_gene_symbol,,,
imidazole glycerol phosphate synthase,D,descriptive_name,,,
immune genes,D,descriptive_name,,,
immune receptors,D,descriptive_name,,,
immune response factors,D,descriptive_name,,,
immune-related genes,D,descriptive_name,,,
immunophilin,D,descriptive_name,,,
immunophilin subfamilies,D,descriptive_name,,,
immunophilins,D,descriptive_name,,,
IMP,C,bare_gene_symbol,,,
IMP cyclohydrolase,D,descriptive_name,,,
imp mutants,D,descriptive_name,,,
imp1,D,descriptive_name,,,
imp1 mutant,D,descriptive_name,,,
IMPase,D,descriptive_name,,,
importin-alpha,D,descriptive_name,,,
inactive TPR repeat-containing thioredoxin TTL3,D,descriptive_name,,,
INDETERMINATE DOMAIN1,D,descriptive_name,,,
INDOLE GLUCOSINOLATE O-METHYLTRANSFERASE,D,descriptive_name,,,
indole glucosinolate O-methyltransferase 4,D,descriptive_name,,,
indole-3-acetaldehyde dehydrogenase,D,descriptive_name,,,
indole-3-acetaldehyde oxidase,D,descriptive_name,,,
Indole-3-acetate O-methyltransferase,D,descriptive_name,,,
Indole-3-Acetic Acid 8,D,descriptive_name,,,
indole-3-acetic acid amidosynthetase,D,descriptive_name,,,
INDOLE-3-ACETIC ACID INDUCIBLE 19,D,descriptive_name,,,
INDOLE-3-ACETIC ACID INDUCIBLE 29,D,descriptive_name,,,
indole-3-acetic acid methyltransferase1,D,descriptive_name,,,
indole-3-acetic acid-amido synthetase,D,descriptive_name,,,
indole-3-acetic acid-amido synthetase GH3.1,D,descriptive_name,,,
indole-3-acetic acid-amido synthetase GH3.10,D,descriptive_name,,,
indole-3-acetic acid-amido synthetase GH3.8,D,descriptive_name,,,
indole-3-acetic acid-amido synthetases,D,descriptive_name,,,
indole-3-acetic acid-amidosynthetase GH3.17,D,descriptive_name,,,
indole-3-acetic acid–amido synthetase GH3.1,D,descriptive_name,,,
indole-3-acetic-acid-amido synthetase GH3.10,D,descriptive_name,,,
indole-3-glycerol phosphate,D,descriptive_name,,,
indole-3-glycerol phosphate synthase,D,descriptive_name,,,
indole-3-pyruvate monooxygenase,D,descriptive_name,,,
Indole-3-pyruvate monooxygenase YUCCA,D,descriptive_name,,,
indoleacetic acid-induced protein 9,D,descriptive_name,,,
indolepyruvate decarboxylase,D,descriptive_name,,,
inducible promoters,D,descriptive_name,,,
INF1,C,bare_gene_symbol,,,
infected host proteome,D,descriptive_name,,,
influx and efflux facilitators,D,descriptive_name,,,
influx carrier,D,descriptive_name,,,
influx carrier genes,D,descriptive_name,,,
influx carriers,D,descriptive_name,,,
Inh-II,D,descriptive_name,,,
Inh-II protein,D,descriptive_name,,,
Inh-II proteins,D,descriptive_name,,,
inhibitor of mechanosensitive channels,D,descriptive_name,,,
inhibitor of organellar translation,D,descriptive_name,,,
inhibitors,D,descriptive_name,,,
inhibitory dimers,D,descriptive_name,,,
inhibitory proteins,D,descriptive_name,,,
initiation factor eIF2,D,descriptive_name,,,
innate immune receptors,D,descriptive_name,,,
inner peripheral antenna proteins,D,descriptive_name,,,
Inorganic phosphate transporters,D,descriptive_name,,,
inorganic pyrophosphatase,D,descriptive_name,,,
inorganic pyrophosphatase 2,D,descriptive_name,,,
inorganic transporters,D,descriptive_name,,,
iNOS,D,descriptive_name,,,
Inos-1-P_synth,D,descriptive_name,,,
Inosine monophosphate cyclohydrolase,D,descriptive_name,,,
inosine-5'-monophosphate dehydrogenase,D,descriptive_name,,,
"inositol 1,3,4-trisphosphate 5/6-kinase",D,descriptive_name,,,
inositol 3-phosphate synthase isozyme 3,D,descriptive_name,,,
inositol 3-α-galactosyltransferase,D,descriptive_name,,,
inositol galactoside synthase,D,descriptive_name,,,
inositol monophosphatase,D,descriptive_name,,,
inositol monophosphatases,D,descriptive_name,,,
inositol oxygenase,D,descriptive_name,,,
inositol oxygenase 2,D,descriptive_name,,,
inositol phosphate kinases,D,descriptive_name,,,
inositol phosphorylceramide glucuronosyltransferase,D,descriptive_name,,,
inositol phosphorylceramide glucuronosyltransferase 1,D,descriptive_name,,,
inositol phosphorylceramide synthases,D,descriptive_name,,,
inositol transporter,D,descriptive_name,,,
inositol transporters,D,descriptive_name,,,
"Inositol-1, 4, 5-trisphosphate 5-Phosphatase",D,descriptive_name,,,
inositol-1-monophosphatase,D,descriptive_name,,,
inositol-1-phosphate phosphatase,D,descriptive_name,,,
Inositol-3-phosphate synthase,D,descriptive_name,,,
Inositol-3-phosphate synthase 1,D,descriptive_name,,,
inositol-3-phosphate synthase 2,D,descriptive_name,,,
Inositol-tetrakisphosphate 1-kinase,D,descriptive_name,,,
inositol-tetrakisphosphate 1-kinase 3-like isoform,D,descriptive_name,,,
INSIG-1,D,descriptive_name,,,
INSIG-1 orthologs,D,descriptive_name,,,
insoluble protein,D,descriptive_name,,,
InsP3 receptors,D,descriptive_name,,,
insulin,D,descriptive_name,,,
integral light-harvesting complex,D,descriptive_name,,,
integral membrane components,D,descriptive_name,,,
integral membrane protein,D,descriptive_name,,,
integral membrane proteins,D,descriptive_name,,,
Interleukin-12,D,descriptive_name,,,
Interleukin-6,D,descriptive_name,,,
Interleukins,D,descriptive_name,,,
intestinal microflora,D,descriptive_name,,,
intestinal microflora enzymes,D,descriptive_name,,,
intracellular calcium channels,D,descriptive_name,,,
intracellular esterases,D,descriptive_name,,,
intracellular proteins,D,descriptive_name,,,
intradiol ring cleavage dioxygenase,D,descriptive_name,,,
intramembrane proteins,D,descriptive_name,,,
intrinsic light-harvesting complex genes,D,descriptive_name,,,
intrinsic membrane-bound LHC family,D,descriptive_name,,,
intrinsically disordered proteins,D,descriptive_name,,,
intrinsically disordered region proteins,D,descriptive_name,,,
introns,D,descriptive_name,,,
INV,C,bare_gene_symbol,,,
INV*DC4,D,descriptive_name,,,
INV1,C,bare_gene_symbol,,,
INV2,C,bare_gene_symbol,,,
INV3,C,bare_gene_symbol,,,
INV4,C,bare_gene_symbol,,,
invertase,D,descriptive_name,,,
invertase enzymes,D,descriptive_name,,,
invertase inhibitor,D,descriptive_name,,,
invertase isoforms,D,descriptive_name,,,
invertase isozyme,D,descriptive_name,,,
invertase isozymes,D,descriptive_name,,,
Invertase/pectin methylesterase inhibitor proteins,D,descriptive_name,,,
Invertase/pectin methylesterase inhibitor superfamily proteins,D,descriptive_name,,,
invertase/pectin methylesterase inhibitors,D,descriptive_name,,,
invertase1,D,descriptive_name,,,
invertase2,D,descriptive_name,,,
invertases,D,descriptive_name,,,
INVINH1,C,bare_gene_symbol,,,
involved genes,D,descriptive_name,,,
INVs,D,descriptive_name,,,
inward K+ channels,D,descriptive_name,,,
inward rectifier channels,D,descriptive_name,,,
inward-rectifying K+ channel,D,descriptive_name,,,
inward-rectifying K+ channels,D,descriptive_name,,,
inwardly rectifying voltage-gated channels,D,descriptive_name,,,
IOMT,C,bare_gene_symbol,,,
ion channels,D,descriptive_name,,,
ion pumps,D,descriptive_name,,,
ion transport genes,D,descriptive_name,,,
ion transporters,D,descriptive_name,,,
ion-related genes,D,descriptive_name,,,
IOX,C,bare_gene_symbol,,,
IP3 receptors,D,descriptive_name,,,
IPCS,C,bare_gene_symbol,,,
IPCSs,D,descriptive_name,,,
ipdC,D,descriptive_name,,,
ipe1,D,descriptive_name,,,
IPI,C,bare_gene_symbol,,,
IPK1,C,bare_gene_symbol,,,
IPK2,C,bare_gene_symbol,,,
IPK2 family proteins,D,descriptive_name,,,
IPK2 kinases,D,descriptive_name,,,
IPK2 proteins,D,descriptive_name,,,
IPK2-type kinases,D,descriptive_name,,,
IPK2-type proteins,D,descriptive_name,,,
IPK2/IPMK,D,descriptive_name,,,
IPM dehydrogenase,D,descriptive_name,,,
IPMI,C,bare_gene_symbol,,,
IPMI SSU1,D,descriptive_name,,,
IPMK/IPK2 family proteins,D,descriptive_name,,,
IPP,C,bare_gene_symbol,,,
IPP isomerase,D,descriptive_name,,,
IPP-related genes,D,descriptive_name,,,
IPP1,C,bare_gene_symbol,,,
IPPI,C,bare_gene_symbol,,,
IPPI_2,D,descriptive_name,,,
IPR gene,D,descriptive_name,,,
IPS,C,bare_gene_symbol,,,
IPS1,C,bare_gene_symbol,,,
Ips2,C,bare_gene_symbol,,,
IPT,C,bare_gene_symbol,,,
IPT family genes,D,descriptive_name,,,
IPT gene,D,descriptive_name,,,
IPT genes,D,descriptive_name,,,
IPT1,C,bare_gene_symbol,,,
IPT10,C,bare_gene_symbol,,,
IPT4,C,bare_gene_symbol,,,
IPT5-2,D,descriptive_name,,,
IPT8,C,bare_gene_symbol,,,
IPT9,C,bare_gene_symbol,,,
IPUT1,C,bare_gene_symbol,,,
IQ motif,D,descriptive_name,,,
IQD1,C,bare_gene_symbol,,,
IRCD,C,bare_gene_symbol,,,
irCYP94B3s,D,descriptive_name,,,
IRE1,C,bare_gene_symbol,,,
IRL,C,bare_gene_symbol,,,
iron (III)-hydroxamate ABC transporter cluster,D,descriptive_name,,,
iron deficiency responses,D,descriptive_name,,,
iron ion transporter,D,descriptive_name,,,
iron reductases,D,descriptive_name,,,
Iron superoxide dismutase,D,descriptive_name,,,
iron transport pathways,D,descriptive_name,,,
iron transporters,D,descriptive_name,,,
iron uptake genes,D,descriptive_name,,,
iron-dependent oxidoreductases,D,descriptive_name,,,
iron-regulated transporter,D,descriptive_name,,,
IRON-REGULATED TRANSPORTER 1,D,descriptive_name,,,
iron-storage proteins,D,descriptive_name,,,
iron-sulfur centers,D,descriptive_name,,,
iron-sulfur protein,D,descriptive_name,,,
Iron-sulphur (Fe-S) cluster assembly genes,D,descriptive_name,,,
Iron-sulphur cluster assembly genes,D,descriptive_name,,,
irPDS,D,descriptive_name,,,
IRT,C,bare_gene_symbol,,,
IRT1,C,bare_gene_symbol,,,
IRX family,D,descriptive_name,,,
IRX1,C,bare_gene_symbol,,,
IRX12,C,bare_gene_symbol,,,
IRX3,C,bare_gene_symbol,,,
IRX5,C,bare_gene_symbol,,,
IRX6,C,bare_gene_symbol,,,
ISA1,C,bare_gene_symbol,,,
ISA2,C,bare_gene_symbol,,,
ISA3,C,bare_gene_symbol,,,
isc,D,descriptive_name,,,
isoamylase,D,descriptive_name,,,
isoamylase 1,D,descriptive_name,,,
isoamylase1,D,descriptive_name,,,
isoamylases,D,descriptive_name,,,
isochorismatase,D,descriptive_name,,,
isochorismate pyruvate lyase,D,descriptive_name,,,
isochorismate synthase,D,descriptive_name,,,
isochorismate synthase 1,D,descriptive_name,,,
Isochrismate Synthase 1,D,descriptive_name,,,
isocitrate dehydrogenase,D,descriptive_name,,,
Isocitrate dehydrogenase [NADP],D,descriptive_name,,,
isocitrate lyase,D,descriptive_name,,,
isoeugenol synthase,D,descriptive_name,,,
isoflavone 2'-hydroxylase,D,descriptive_name,,,
isoflavone 7-O-methyltransferase,D,descriptive_name,,,
Isoflavone reductase,D,descriptive_name,,,
isoflavone reductase-like,D,descriptive_name,,,
isoflavone reductase-like genes,D,descriptive_name,,,
Isoflavone reductase-like protein (spot 28),D,descriptive_name,,,
isoflavone synthase,D,descriptive_name,,,
isoflavonoid malonyl transferase 2,D,descriptive_name,,,
isofloridoside phosphate synthase,D,descriptive_name,,,
isoforms 2,D,descriptive_name,,,
isoforms 3,D,descriptive_name,,,
isoforms 4,D,descriptive_name,,,
Isoliquiritigenin 2'-O-methyltransferase-like,D,descriptive_name,,,
Isomerases,D,descriptive_name,,,
isopentenyl diphosphate isomerase,D,descriptive_name,,,
isopentenyl diphosphate-isomerase,D,descriptive_name,,,
Isopentenyl pyrophosphate isomerase,D,descriptive_name,,,
isopentenyl pyrophosphate:dimethylallyl pyrophosphate isomerase,D,descriptive_name,,,
Isopentenyl transferase,D,descriptive_name,,,
isopentenyl-diphosphate delta isomerase,D,descriptive_name,,,
isopentenyl-diphosphate delta-isomerase,D,descriptive_name,,,
isopentenyl-diphosphate delta-isomerase I,D,descriptive_name,,,
isopentenyltransferase,D,descriptive_name,,,
isopentenyltransferases,D,descriptive_name,,,
isopeptidases,D,descriptive_name,,,
isoprene diphosphate isomerase,D,descriptive_name,,,
isoprene synthase,D,descriptive_name,,,
isoprene synthases,D,descriptive_name,,,
Isoprenoid secondary metabolism genes,D,descriptive_name,,,
isoprenyl diphosphate synthases,D,descriptive_name,,,
isoprenylcysteine methyltransferase,D,descriptive_name,,,
Isopropylmalate isomerase,D,descriptive_name,,,
isothiocyanate-hydrolases,D,descriptive_name,,,
isovaleryl-CoA dehydrogenase,D,descriptive_name,,,
ispA,D,descriptive_name,,,
ispE,D,descriptive_name,,,
IspG,D,descriptive_name,,,
ispH,D,descriptive_name,,,
IspS,D,descriptive_name,,,
IT1K2,C,bare_gene_symbol,,,
ItbSAP,B,species_prefix_Itb,Itb,SAP,
ItfSAP,B,species_prefix_Itf,Itf,SAP,
ITPK1/2,D,descriptive_name,,,
ITS,C,bare_gene_symbol,,,
ITS region,D,descriptive_name,,,
ITS1,C,bare_gene_symbol,,,
ituA,D,descriptive_name,,,
ituC,D,descriptive_name,,,
ituD,D,descriptive_name,,,
iturin A,D,descriptive_name,,,
IV,E,noise_too_short,,,
IVR1,C,bare_gene_symbol,,,
ivr2,D,descriptive_name,,,
IWB14950,C,bare_gene_symbol,,,
I–IV,D,descriptive_name,,,
J domain,D,descriptive_name,,,
J-domain proteins,D,descriptive_name,,,
J-protein,D,descriptive_name,,,
J-proteins,D,descriptive_name,,,
J2,E,noise_too_short,,,
j2-2,D,descriptive_name,,,
J2/J3 antibodies,D,descriptive_name,,,
j3,E,noise_too_short,,,
j3-2,D,descriptive_name,,,
J3C417S,C,bare_gene_symbol,,,
JA biosynthesis genes,D,descriptive_name,,,
JA biosynthetic genes,D,descriptive_name,,,
JA carboxyl methyl transferase,D,descriptive_name,,,
JA genes,D,descriptive_name,,,
JA methyltransferase,D,descriptive_name,,,
JA receptors,D,descriptive_name,,,
JA related DEGs,D,descriptive_name,,,
JA related genes,D,descriptive_name,,,
JA response and biosynthesis genes,D,descriptive_name,,,
JA response genes,D,descriptive_name,,,
JA signaling genes,D,descriptive_name,,,
JA synthesis-related genes,D,descriptive_name,,,
JA-amino acid synthetase,D,descriptive_name,,,
JA-biosynthetic genes,D,descriptive_name,,,
JA-dependent genes,D,descriptive_name,,,
JA-induced MKB1 E3 ligase,D,descriptive_name,,,
JA-inducible gene,D,descriptive_name,,,
JA-inducible MKB1 E3 ligase,D,descriptive_name,,,
JA-involved genes,D,descriptive_name,,,
JA-marker genes,D,descriptive_name,,,
JA-related DEGs,D,descriptive_name,,,
JA-related genes,D,descriptive_name,,,
JA-related proteins,D,descriptive_name,,,
JA-related transcription factors,D,descriptive_name,,,
JA-responsive cis-acting elements,D,descriptive_name,,,
JA-responsive defensive protein,D,descriptive_name,,,
JA-responsive elements,D,descriptive_name,,,
JA-responsive gene,D,descriptive_name,,,
JA-responsive genes,D,descriptive_name,,,
JA-responsive genetic networks,D,descriptive_name,,,
JA-responsive transcription factor,D,descriptive_name,,,
JA2L,C,bare_gene_symbol,,,
jai1-1,D,descriptive_name,,,
jai1-1 mutant,D,descriptive_name,,,
jai1-1 mutants,D,descriptive_name,,,
JAM1,C,bare_gene_symbol,,,
JAO2,C,bare_gene_symbol,,,
JAR,C,bare_gene_symbol,,,
JAR enzymes,D,descriptive_name,,,
JAR1,C,bare_gene_symbol,,,
jar1-1,D,descriptive_name,,,
JAR4,C,bare_gene_symbol,,,
JAR5,C,bare_gene_symbol,,,
jasmonate acid carboxyl methyltransferase,D,descriptive_name,,,
jasmonate coreceptor complex,D,descriptive_name,,,
Jasmonate metabolism genes,D,descriptive_name,,,
jasmonate o-methyltransferase,D,descriptive_name,,,
JASMONATE O-METHYLTRANSFERASE genes,D,descriptive_name,,,
jasmonate resistant 1,D,descriptive_name,,,
JASMONATE RESISTANT1,D,descriptive_name,,,
jasmonate response elements,D,descriptive_name,,,
Jasmonate ZIM domain,D,descriptive_name,,,
Jasmonate ZIM domain protein gene,D,descriptive_name,,,
jasmonate ZIM domain-containing protein,D,descriptive_name,,,
JASMONATE ZIM-DOMAIN,D,descriptive_name,,,
jasmonate ZIM-domain (JAZ) proteins,D,descriptive_name,,,
jasmonate ZIM-domain proteins,D,descriptive_name,,,
Jasmonate-associated genes,D,descriptive_name,,,
jasmonate-induced protein,D,descriptive_name,,,
jasmonate-induced proteins,D,descriptive_name,,,
jasmonate-isoleucine receptor,D,descriptive_name,,,
jasmonate-related genes,D,descriptive_name,,,
Jasmonate-related transcripts,D,descriptive_name,,,
jasmonate-responsive genes,D,descriptive_name,,,
jasmonate-zim-domain,D,descriptive_name,,,
JASMONATE-ZIM-DOMAIN PROTEIN,D,descriptive_name,,,
jasmonate-zim-domain protein 1,D,descriptive_name,,,
jasmonic acid 2,D,descriptive_name,,,
jasmonic acid amido synthetase,D,descriptive_name,,,
jasmonic acid carboxyl methyltransferase,D,descriptive_name,,,
jasmonic acid marker genes,D,descriptive_name,,,
jasmonic acid related DEGs,D,descriptive_name,,,
jasmonic acid resistant 1,D,descriptive_name,,,
jasmonic acid response elements,D,descriptive_name,,,
Jasmonic acid response genes,D,descriptive_name,,,
jasmonic acid-amido synthetase,D,descriptive_name,,,
Jasmonic acid-amido synthetase genes,D,descriptive_name,,,
jasmonic acid-related genes,D,descriptive_name,,,
jasmonic acid-related proteins,D,descriptive_name,,,
jasmonic acid-responsive cis-elements,D,descriptive_name,,,
jasmonic acid-responsive cis-regulatory element,D,descriptive_name,,,
jasmonic acid-responsive elements,D,descriptive_name,,,
jasmonic acid-responsive genes,D,descriptive_name,,,
jasmonic acid-responsive marker gene,D,descriptive_name,,,
jasmonic synthetase,D,descriptive_name,,,
jasmonoyl-l-isoleucine hydrolase 5,D,descriptive_name,,,
JAV1,C,bare_gene_symbol,,,
JAV1-JAZ-WEKY51 complex,D,descriptive_name,,,
JAZ,C,bare_gene_symbol,,,
JAZ co-receptors,D,descriptive_name,,,
JAZ family proteins,D,descriptive_name,,,
JAZ gene,D,descriptive_name,,,
JAZ genes,D,descriptive_name,,,
JAZ protein,D,descriptive_name,,,
JAZ proteins,D,descriptive_name,,,
JAZ repressor genes,D,descriptive_name,,,
JAZ repressor proteins,D,descriptive_name,,,
JAZ repressors,D,descriptive_name,,,
JAZ subfamily proteins,D,descriptive_name,,,
JAZ-6,D,descriptive_name,,,
JAZ1,C,bare_gene_symbol,,,
JAZ10,C,bare_gene_symbol,,,
JAZ13,C,bare_gene_symbol,,,
JAZ2,C,bare_gene_symbol,,,
JAZ3,C,bare_gene_symbol,,,
JAZ4,C,bare_gene_symbol,,,
JAZ4/8,D,descriptive_name,,,
JAZ6,C,bare_gene_symbol,,,
JAZ7,C,bare_gene_symbol,,,
JAZ8,C,bare_gene_symbol,,,
JAZ9,C,bare_gene_symbol,,,
JAZs,D,descriptive_name,,,
JcCAS,B,species_prefix_Jc,Jc,CAS,
JcDREB,B,species_prefix_Jc,Jc,DREB,
JCVI_1037,D,descriptive_name,,,
JCVI_18822,D,descriptive_name,,,
JCVI_31051,D,descriptive_name,,,
JER6,C,bare_gene_symbol,,,
JH hormone receptors,D,descriptive_name,,,
JIH5,C,bare_gene_symbol,,,
JIM16,C,bare_gene_symbol,,,
JIOsPR10,C,bare_gene_symbol,,,
JIP23-like gene,D,descriptive_name,,,
JIPs,D,descriptive_name,,,
JMJ13,C,bare_gene_symbol,,,
JMJ25,C,bare_gene_symbol,,,
JMJ30,C,bare_gene_symbol,,,
JMJ32,C,bare_gene_symbol,,,
JMJ524,C,bare_gene_symbol,,,
JMJC,C,bare_gene_symbol,,,
JmjC family,D,descriptive_name,,,
JmjC gene family,D,descriptive_name,,,
JmjC genes,D,descriptive_name,,,
JMT,C,bare_gene_symbol,,,
Jr01_04940,D,descriptive_name,,,
Jr01_19240,D,descriptive_name,,,
Jr01_32050,D,descriptive_name,,,
Jr02_01370,D,descriptive_name,,,
Jr03_26990,D,descriptive_name,,,
Jr04_00910,D,descriptive_name,,,
Jr04_13540,D,descriptive_name,,,
Jr04_21480,D,descriptive_name,,,
Jr07_23590,D,descriptive_name,,,
Jr07_24930,D,descriptive_name,,,
Jr08_18850,D,descriptive_name,,,
Jr09_00400,D,descriptive_name,,,
JR1,C,bare_gene_symbol,,,
Jr10_24060,D,descriptive_name,,,
Jr10_24240,D,descriptive_name,,,
Jr11_30350,D,descriptive_name,,,
Jr13_16510,D,descriptive_name,,,
Jr14_11390,D,descriptive_name,,,
Jr16_05020,D,descriptive_name,,,
JrDof3,B,species_prefix_Jr,Jr,Dof3,
JrGRAS2,B,species_prefix_Jr,Jr,GRAS2,
JrHsf03,B,species_prefix_Jr,Jr,Hsf03,
JrHsf22,B,species_prefix_Jr,Jr,Hsf22,
JrHsf24,B,species_prefix_Jr,Jr,Hsf24,
JrLBD38-1,B,species_prefix_Jr,Jr,LBD38-1,
JrLBD38-1 gene,D,descriptive_name,,,
JUB1,C,bare_gene_symbol,,,
JUB1 homologue,D,descriptive_name,,,
JUB1 promoter,D,descriptive_name,,,
Jumonji,D,descriptive_name,,,
JUNGBRUNNEN1,D,descriptive_name,,,
K transport system,D,descriptive_name,,,
K(+) efflux antiporter 5 isoform X1,D,descriptive_name,,,
K+ channel,D,descriptive_name,,,
K+ channel genes,D,descriptive_name,,,
K+ channels,D,descriptive_name,,,
K+ efflux antiporters,D,descriptive_name,,,
K+ ion channels,D,descriptive_name,,,
K+ transporters,D,descriptive_name,,,
K+/H+ antiporter,D,descriptive_name,,,
K00108,C,bare_gene_symbol,,,
K00799,C,bare_gene_symbol,,,
K00830,C,bare_gene_symbol,,,
K00927,C,bare_gene_symbol,,,
K01689,C,bare_gene_symbol,,,
K15633,C,bare_gene_symbol,,,
K15918,C,bare_gene_symbol,,,
K16241 ortholog,D,descriptive_name,,,
K7TFB6,A,uniprot_accession,,,
KAI2,C,bare_gene_symbol,,,
KAO,C,bare_gene_symbol,,,
KAO2,C,bare_gene_symbol,,,
KAR,C,bare_gene_symbol,,,
karrikin receptor KAI2,D,descriptive_name,,,
KAS,C,bare_gene_symbol,,,
KAS family,D,descriptive_name,,,
KAS I,D,descriptive_name,,,
KAS II,D,descriptive_name,,,
KAS III,D,descriptive_name,,,
KASI,C,bare_gene_symbol,,,
KASI paralogs,D,descriptive_name,,,
KASII,C,bare_gene_symbol,,,
KASIII,C,bare_gene_symbol,,,
Kat2,C,bare_gene_symbol,,,
KAT5,C,bare_gene_symbol,,,
katA,D,descriptive_name,,,
KatE,D,descriptive_name,,,
katG,D,descriptive_name,,,
katG gene,D,descriptive_name,,,
kaurene oxidase,D,descriptive_name,,,
KCR,C,bare_gene_symbol,,,
KcRCB,B,species_prefix_Kc,Kc,RCB,
KCS,C,bare_gene_symbol,,,
KCS genes,D,descriptive_name,,,
KCS-18,D,descriptive_name,,,
KCS-19,D,descriptive_name,,,
KCS-5,D,descriptive_name,,,
KCS-6,D,descriptive_name,,,
KCS15,C,bare_gene_symbol,,,
KCS18,C,bare_gene_symbol,,,
KCS2,C,bare_gene_symbol,,,
KcTRXf,B,species_prefix_Kc,Kc,TRXf,
KdActin,B,species_prefix_Kd,Kd,Actin,
KdN41,B,species_prefix_Kd,Kd,N41,
KdN41 protein,D,descriptive_name,,,
KdpABC K+ transporting ATPase,D,descriptive_name,,,
KDSR,C,bare_gene_symbol,,,
KEA3,C,bare_gene_symbol,,,
Keap1,C,bare_gene_symbol,,,
kefB,D,descriptive_name,,,
KefB/KefC efflux transporter,D,descriptive_name,,,
KefB/KefC transporter,D,descriptive_name,,,
KEGG module M00231,D,descriptive_name,,,
Kelch domain-containing F-box protein,D,descriptive_name,,,
Kelch-type F-box genes,D,descriptive_name,,,
keratase,D,descriptive_name,,,
Ketoacyl-CoA synthase,D,descriptive_name,,,
ketoacyl-CoA synthase 6,D,descriptive_name,,,
ketol-acid reductoisomerase,D,descriptive_name,,,
ketopantoate reductase,D,descriptive_name,,,
KFB,C,bare_gene_symbol,,,
KfNF-YB3,B,species_prefix_Kf,Kf,NF-YB3,
KfNF-YB3 gene,D,descriptive_name,,,
KfNF-YB3 transcription factor,D,descriptive_name,,,
killer proteins,D,descriptive_name,,,
KIN1,C,bare_gene_symbol,,,
KIN14k,D,descriptive_name,,,
KIN2,C,bare_gene_symbol,,,
kinase,D,descriptive_name,,,
kinase AtGCN2,D,descriptive_name,,,
kinase GCN2,D,descriptive_name,,,
kinase TaGCN2,D,descriptive_name,,,
kinases,D,descriptive_name,,,
Kinesin-4 protein,D,descriptive_name,,,
kinesin-like protein,D,descriptive_name,,,
kiwifruit AcMT genes,D,descriptive_name,,,
kiwifruit metallothionein,D,descriptive_name,,,
kiwifruit metallothionein gene,D,descriptive_name,,,
kiwifruit metallothioneins,D,descriptive_name,,,
KJM23,C,bare_gene_symbol,,,
KJM23 kinase,D,descriptive_name,,,
KJM23-OE,D,descriptive_name,,,
KJM4,C,bare_gene_symbol,,,
KLU,C,bare_gene_symbol,,,
KNAT5,C,bare_gene_symbol,,,
Knot1/defensin,D,descriptive_name,,,
KNOX,C,bare_gene_symbol,,,
KNOX1 gene,D,descriptive_name,,,
KNOX1 subfamily genes,D,descriptive_name,,,
KO,E,noise_too_short,,,
KO6/62,D,descriptive_name,,,
KO6/76,D,descriptive_name,,,
KOBITO 1,D,descriptive_name,,,
KOD,C,bare_gene_symbol,,,
KoWRKYs gene family,D,descriptive_name,,,
KoWRKYs genes,D,descriptive_name,,,
KPR,C,bare_gene_symbol,,,
Kre9_KNH domain,D,descriptive_name,,,
KS,E,noise_too_short,,,
KS1,C,bare_gene_symbol,,,
KSL-related gene,D,descriptive_name,,,
KSL4,C,bare_gene_symbol,,,
KSL5,C,bare_gene_symbol,,,
KT,E,noise_too_short,,,
KT/HAK/KUP family,D,descriptive_name,,,
KT1,C,bare_gene_symbol,,,
KUA1,C,bare_gene_symbol,,,
KUI68644.1,C,bare_gene_symbol,,,
KUI73686.1,C,bare_gene_symbol,,,
KUI73864.1,C,bare_gene_symbol,,,
Kunitz,D,descriptive_name,,,
Kunitz protease inhibitors,D,descriptive_name,,,
Kup system,D,descriptive_name,,,
KUP6,C,bare_gene_symbol,,,
Kv channels,D,descriptive_name,,,
KvHSP26,B,species_prefix_Kv,Kv,HSP26,
L-/DCD,D,descriptive_name,,,
L-alanine decarboxylase,D,descriptive_name,,,
L-amino acid transporters,D,descriptive_name,,,
L-amino-acid oxidase,D,descriptive_name,,,
L-arginine dependent nitric oxide synthase,D,descriptive_name,,,
L-ascorbaste peroxidase,D,descriptive_name,,,
L-ascorbate oxidase,D,descriptive_name,,,
L-ascorbate peroxidase,D,descriptive_name,,,
L-ascorbate peroxidase 1,D,descriptive_name,,,
l-ascorbate peroxidase 1 (cytosolic),D,descriptive_name,,,
L-ascorbate peroxidase 2,D,descriptive_name,,,
L-ascorbate peroxidase 6,D,descriptive_name,,,
L-ascorbate peroxidase genes,D,descriptive_name,,,
L-ascorbate peroxidase-6,D,descriptive_name,,,
L-ascorbate-related genes,D,descriptive_name,,,
L-ascorbate:hydrogen peroxide oxido-reductase,D,descriptive_name,,,
L-Asparaginase,D,descriptive_name,,,
L-Asparaginase type 2-like enzymes,D,descriptive_name,,,
L-aspartate oxidase,D,descriptive_name,,,
L-beta-hydroxyacyl-CoA dehydrogenase,D,descriptive_name,,,
L-cysteine desulfhydrase,D,descriptive_name,,,
L-Dcysteine desulfhydrase,D,descriptive_name,,,
L-Dopa Decarboxylase,D,descriptive_name,,,
"L-galactono-1,4-lactone dehydrogenase",D,descriptive_name,,,
L-galactono-gamma-lactone dehydrogenase,D,descriptive_name,,,
L-galactose 1-phosphate phosphatase,D,descriptive_name,,,
L-galactose dehydrogenase,D,descriptive_name,,,
L-galactose guanyltransferase,D,descriptive_name,,,
L-Galactose-1-P-phosphatase,D,descriptive_name,,,
L-GalDH,D,descriptive_name,,,
L-GalLDH,D,descriptive_name,,,
L-iditol 2-dehydrogenase,D,descriptive_name,,,
l-isoaspartyl-O-methyltransferase,D,descriptive_name,,,
L-lactate dehydrogenase A,D,descriptive_name,,,
L-LecRLK gene family,D,descriptive_name,,,
L-LecRLK genes,D,descriptive_name,,,
L-LecRLKs,D,descriptive_name,,,
L-myo-inositol phosphate synthase,D,descriptive_name,,,
L-myoinositol-1-phosphate synthase,D,descriptive_name,,,
L-phenylalanine ammonia-lyase,D,descriptive_name,,,
L-proline dehydrogenase,D,descriptive_name,,,
L-tryptophan-pyruvate aminotransferase,D,descriptive_name,,,
L-type LecRLK family,D,descriptive_name,,,
L-type LecRLKs,D,descriptive_name,,,
L-type lectin pattern recognition receptors,D,descriptive_name,,,
L-type lectin receptor-like kinases,D,descriptive_name,,,
L-type lectin receptors,D,descriptive_name,,,
L-type lectin-domain containing receptor kinase III,D,descriptive_name,,,
L-type lectins,D,descriptive_name,,,
L2,E,noise_too_short,,,
L263,C,bare_gene_symbol,,,
L29 ribosomal protein,D,descriptive_name,,,
L3 ribosomal protein,D,descriptive_name,,,
L36157.1,C,bare_gene_symbol,,,
L379F,C,bare_gene_symbol,,,
L3e,D,descriptive_name,,,
LA1,C,bare_gene_symbol,,,
LA6,C,bare_gene_symbol,,,
LAC,C,bare_gene_symbol,,,
LAC genes,D,descriptive_name,,,
LAC11,C,bare_gene_symbol,,,
LAC17,C,bare_gene_symbol,,,
LAC3,C,bare_gene_symbol,,,
LAC4,C,bare_gene_symbol,,,
laccase,D,descriptive_name,,,
laccase enzymes,D,descriptive_name,,,
laccase gene,D,descriptive_name,,,
laccase genes,D,descriptive_name,,,
Laccase-4,D,descriptive_name,,,
laccase-associated genes,D,descriptive_name,,,
laccases,D,descriptive_name,,,
LACS,C,bare_gene_symbol,,,
LACS1,C,bare_gene_symbol,,,
LACS6,C,bare_gene_symbol,,,
lactase,D,descriptive_name,,,
Lactate dehydrogenase,D,descriptive_name,,,
lactoylglutathione lyase,D,descriptive_name,,,
LacZ reporter gene,D,descriptive_name,,,
laeA,D,descriptive_name,,,
Lap,D,descriptive_name,,,
LAP5,C,bare_gene_symbol,,,
LAP6,C,bare_gene_symbol,,,
LapA,D,descriptive_name,,,
LAR,C,bare_gene_symbol,,,
large,D,descriptive_name,,,
large and small subunits,D,descriptive_name,,,
large chain precursor of Rubisco,D,descriptive_name,,,
large plasmids,D,descriptive_name,,,
large subunit,D,descriptive_name,,,
large subunit (spot 40),D,descriptive_name,,,
large subunit of Rubisco,D,descriptive_name,,,
large subunit protein,D,descriptive_name,,,
large subunits,D,descriptive_name,,,
LAS1,C,bare_gene_symbol,,,
late anthocyanin biosynthesis subgroup,D,descriptive_name,,,
late biosynthesis genes,D,descriptive_name,,,
Late Embryogenesis Abundant,D,descriptive_name,,,
late embryogenesis abundant (LEA) proteins,D,descriptive_name,,,
late embryogenesis abundant protein,D,descriptive_name,,,
late embryogenesis abundant proteins,D,descriptive_name,,,
late embryogenesis-abundant proteins,D,descriptive_name,,,
late embryogenesis-related proteins,D,descriptive_name,,,
Late-embryogenesis abundant (LEA) proteins,D,descriptive_name,,,
late-embryogenesis abundant proteins,D,descriptive_name,,,
late-embryogenesis-abundant proteins,D,descriptive_name,,,
late-responsive elements,D,descriptive_name,,,
LATS,C,bare_gene_symbol,,,
LAV,C,bare_gene_symbol,,,
LAX,C,bare_gene_symbol,,,
LAX2,C,bare_gene_symbol,,,
LAX3,C,bare_gene_symbol,,,
LAZ1,C,bare_gene_symbol,,,
LBA1,C,bare_gene_symbol,,,
LBD,C,bare_gene_symbol,,,
LBD family,D,descriptive_name,,,
LBD gene family,D,descriptive_name,,,
LBD15,C,bare_gene_symbol,,,
LBD16,C,bare_gene_symbol,,,
LBD16/ASL18,D,descriptive_name,,,
LBD20,C,bare_gene_symbol,,,
LBD29,C,bare_gene_symbol,,,
LBD29/ASL16,D,descriptive_name,,,
LbPAO,B,species_prefix_Lb,Lb,PAO,
LbPYL10,B,species_prefix_Lb,Lb,PYL10,
LbPYL10 gene,D,descriptive_name,,,
LbPYLs,B,species_prefix_Lb,Lb,PYLs,
LbSGRL,B,species_prefix_Lb,Lb,SGRL,
LC3II,C,bare_gene_symbol,,,
LcAAAP,B,species_prefix_Lc,Lc,AAAP,
LcAAP1a,B,species_prefix_Lc,Lc,AAP1a,
LcAAP4,B,species_prefix_Lc,Lc,AAP4,
LcAP1,B,species_prefix_Lc,Lc,AP1,
LCAT3,C,bare_gene_symbol,,,
LCAT4,C,bare_gene_symbol,,,
LcATL5a,B,species_prefix_Lc,Lc,ATL5a,
LcATL7d,B,species_prefix_Lc,Lc,ATL7d,
LcATL8b,B,species_prefix_Lc,Lc,ATL8b,
LcATL9,B,species_prefix_Lc,Lc,ATL9,
LcAUX1a,B,species_prefix_Lc,Lc,AUX1a,
LcAUX1b,B,species_prefix_Lc,Lc,AUX1b,
LcCKX family,D,descriptive_name,,,
LcCKX gene family,D,descriptive_name,,,
LcCKX gene promoters,D,descriptive_name,,,
LcCKX genes,D,descriptive_name,,,
LcCKX5,B,species_prefix_Lc,Lc,CKX5,
LcCKX5 gene,D,descriptive_name,,,
LCD,C,bare_gene_symbol,,,
LCD1,C,bare_gene_symbol,,,
LcFLC,B,species_prefix_Lc,Lc,FLC,
LcGAT1a,B,species_prefix_Lc,Lc,GAT1a,
LcGAT1c,B,species_prefix_Lc,Lc,GAT1c,
LcGAT2,B,species_prefix_Lc,Lc,GAT2,
LcGAT4,B,species_prefix_Lc,Lc,GAT4,
Lchi02891,C,bare_gene_symbol,,,
Lchi14330,C,bare_gene_symbol,,,
LcHsf,B,species_prefix_Lc,Lc,Hsf,
LcHsp70,B,species_prefix_Lc,Lc,Hsp70,
lci,D,descriptive_name,,,
LCIA,C,bare_gene_symbol,,,
LCIC,C,bare_gene_symbol,,,
LCID,C,bare_gene_symbol,,,
LCIE,C,bare_gene_symbol,,,
LcLAX2,B,species_prefix_Lc,Lc,LAX2,
LcLAX5a,B,species_prefix_Lc,Lc,LAX5a,
LcLFY,B,species_prefix_Lc,Lc,LFY,
LcLHT1,B,species_prefix_Lc,Lc,LHT1,
LcMC-1-like,B,species_prefix_Lc,Lc,MC-1-like,
LcMCII-1,B,species_prefix_Lc,Lc,MCII-1,
LcMYB108,B,species_prefix_Lc,Lc,MYB108,
LcMYB186,B,species_prefix_Lc,Lc,MYB186,
LcMYB77,B,species_prefix_Lc,Lc,MYB77,
LcMYB89,B,species_prefix_Lc,Lc,MYB89,
LcNAC13,B,species_prefix_Lc,Lc,NAC13,
LCNP,C,bare_gene_symbol,,,
LcPirin,B,species_prefix_Lc,Lc,Pirin,
LcPorT1,B,species_prefix_Lc,Lc,PorT1,
LcPorT2,B,species_prefix_Lc,Lc,PorT2,
LCR,C,bare_gene_symbol,,,
LcRboh,B,species_prefix_Lc,Lc,Rboh,
LcTRX gene family,D,descriptive_name,,,
LcTRX genes,D,descriptive_name,,,
LCY,C,bare_gene_symbol,,,
LCY protein family,D,descriptive_name,,,
LCY-b,D,descriptive_name,,,
LCY-ε,D,descriptive_name,,,
LCYB,C,bare_gene_symbol,,,
LCYb1,C,bare_gene_symbol,,,
LCYE,C,bare_gene_symbol,,,
LDAP1,C,bare_gene_symbol,,,
ldD,D,descriptive_name,,,
LDH,C,bare_gene_symbol,,,
LDHA,C,bare_gene_symbol,,,
LdHSFB2a,B,species_prefix_Ld,Ld,HSFB2a,
LDNP,C,bare_gene_symbol,,,
LDOX,C,bare_gene_symbol,,,
Le gene,D,descriptive_name,,,
Le-CTR1,D,descriptive_name,,,
Le4,C,bare_gene_symbol,,,
LEA,C,bare_gene_symbol,,,
LEA genes,D,descriptive_name,,,
LEA protein orthologs,D,descriptive_name,,,
LEA proteins,D,descriptive_name,,,
LEA superfamily,D,descriptive_name,,,
LEA-1,D,descriptive_name,,,
LEA1,C,bare_gene_symbol,,,
LEA2 proteins,D,descriptive_name,,,
LEA3 proteins,D,descriptive_name,,,
LEA4-5,D,descriptive_name,,,
LEA5,C,bare_gene_symbol,,,
LEA_1,D,descriptive_name,,,
LEA_1-6,D,descriptive_name,,,
LEA_5,D,descriptive_name,,,
LeACS3,B,species_prefix_Le,Le,ACS3,
leaderless protein,D,descriptive_name,,,
leaderless proteins,D,descriptive_name,,,
leaf cotyledon2-abscisic acid insensitive3-VAL,D,descriptive_name,,,
leaf proteins,D,descriptive_name,,,
leaf proteome,D,descriptive_name,,,
LEAF WILTING 1,D,descriptive_name,,,
LEAFY promoter,D,descriptive_name,,,
LeAN2,B,species_prefix_Le,Le,AN2,
LEAP,C,bare_gene_symbol,,,
LeAPX,B,species_prefix_Le,Le,APX,
LEAs,D,descriptive_name,,,
LEC1,C,bare_gene_symbol,,,
LEC2,C,bare_gene_symbol,,,
LEC2 transcription factor,D,descriptive_name,,,
LeCAT,B,species_prefix_Le,Le,CAT,
LeCDJ1,B,species_prefix_Le,Le,CDJ1,
LECPLEACS2,C,bare_gene_symbol,,,
LecRLKs,B,species_prefix_Lec,Lec,RLKs,
lectin,D,descriptive_name,,,
lectin gene,D,descriptive_name,,,
lectin molecular chaperone,D,descriptive_name,,,
lectin molecular chaperones,D,descriptive_name,,,
Lectin protein,D,descriptive_name,,,
Leghemoglobin,D,descriptive_name,,,
leghemoglobins,D,descriptive_name,,,
LeGolS-1,B,species_prefix_Le,Le,GolS-1,
LeGSTT4,B,species_prefix_Le,Le,GSTT4,
LeGSTU2,B,species_prefix_Le,Le,GSTU2,
Legumin 1,D,descriptive_name,,,
LeJERF1,B,species_prefix_Le,Le,JERF1,
LEM1,C,bare_gene_symbol,,,
LeMBF1,B,species_prefix_Le,Le,MBF1,
LeNCED1,B,species_prefix_Le,Le,NCED1,
LePLDa1,B,species_prefix_Le,Le,PLDa1,
LePOD,B,species_prefix_Le,Le,POD,
LesaCESA1,C,bare_gene_symbol,,,
LesaCESA3,C,bare_gene_symbol,,,
LesaDIN10,C,bare_gene_symbol,,,
LesaEXPA2,C,bare_gene_symbol,,,
LesaGAL2,C,bare_gene_symbol,,,
LesaSIP2,C,bare_gene_symbol,,,
LesaUGE2,C,bare_gene_symbol,,,
LesaXGD1,C,bare_gene_symbol,,,
LesaXTH19,C,bare_gene_symbol,,,
LesaXTH24,C,bare_gene_symbol,,,
LesaXTH33,C,bare_gene_symbol,,,
LesaXXT1,C,bare_gene_symbol,,,
LeSOD,B,species_prefix_Le,Le,SOD,
Leu138A,D,descriptive_name,,,
LEU2 marker,D,descriptive_name,,,
leucine aminopeptidase,D,descriptive_name,,,
leucine kinase,D,descriptive_name,,,
leucine zipper proteins,D,descriptive_name,,,
Leucine-rich repeat family proteins,D,descriptive_name,,,
leucine-rich repeat receptor kinase,D,descriptive_name,,,
leucoanthocyanidin dioxygenase,D,descriptive_name,,,
Leucoanthocyanidin oxygenase,D,descriptive_name,,,
leucoanthocyanidin reductase,D,descriptive_name,,,
leucoanthocyanidin reductase gene,D,descriptive_name,,,
leucoanthocyanin reductase,D,descriptive_name,,,
leucocyanidin dioxygenase,D,descriptive_name,,,
leucocyanidin reductase,D,descriptive_name,,,
Leukotriene A-4 hydrolase,D,descriptive_name,,,
leukotriene-B4 20-monooxygenase,D,descriptive_name,,,
levan sucrase,D,descriptive_name,,,
LEW1,C,bare_gene_symbol,,,
lew2,D,descriptive_name,,,
lew3,D,descriptive_name,,,
LexA/XVE complex,D,descriptive_name,,,
LFNR-like,D,descriptive_name,,,
LFY,C,bare_gene_symbol,,,
LG1,C,bare_gene_symbol,,,
LG2,C,bare_gene_symbol,,,
LG4,C,bare_gene_symbol,,,
LG5,C,bare_gene_symbol,,,
LG6,C,bare_gene_symbol,,,
LG7,C,bare_gene_symbol,,,
LG8,C,bare_gene_symbol,,,
LgHbs,B,species_prefix_Lg,Lg,Hbs,
LH2 PLAT domain-containing,D,descriptive_name,,,
LHC,C,bare_gene_symbol,,,
LHC antenna protein genes,D,descriptive_name,,,
LHC Ib-21,D,descriptive_name,,,
LHC protein,D,descriptive_name,,,
LHC proteins,D,descriptive_name,,,
LHC superfamily,D,descriptive_name,,,
Lhca,D,descriptive_name,,,
LHCA proteins,D,descriptive_name,,,
LHCa/b,D,descriptive_name,,,
Lhca1,C,bare_gene_symbol,,,
lhca2,D,descriptive_name,,,
Lhca3,C,bare_gene_symbol,,,
Lhca4,C,bare_gene_symbol,,,
LHCA9,C,bare_gene_symbol,,,
Lhcb,D,descriptive_name,,,
LHCB genes,D,descriptive_name,,,
LHCB proteins,D,descriptive_name,,,
LHCB1,C,bare_gene_symbol,,,
Lhcb1-3,D,descriptive_name,,,
Lhcb1-Lhcb6,D,descriptive_name,,,
LHCB2,C,bare_gene_symbol,,,
LHCB2.1,C,bare_gene_symbol,,,
LHCB2.3,C,bare_gene_symbol,,,
LHCB2.4,C,bare_gene_symbol,,,
Lhcb4,C,bare_gene_symbol,,,
Lhcb7,C,bare_gene_symbol,,,
LHCBs,D,descriptive_name,,,
LHCI,C,bare_gene_symbol,,,
LHCII,C,bare_gene_symbol,,,
LHCII-type chlorophyll a-b binding protein,D,descriptive_name,,,
LHCII-type chlorophyll a-b binding proteins,D,descriptive_name,,,
LHCIIb,D,descriptive_name,,,
LHCP,C,bare_gene_symbol,,,
LHCPII,C,bare_gene_symbol,,,
LHCPs,D,descriptive_name,,,
LHCs,D,descriptive_name,,,
LHCSR genes,D,descriptive_name,,,
LHCSR proteins,D,descriptive_name,,,
LHCSR1,C,bare_gene_symbol,,,
LHCSR3,C,bare_gene_symbol,,,
LhDof4,B,species_prefix_Lh,Lh,Dof4,
LhDof6,B,species_prefix_Lh,Lh,Dof6,
LHP,C,bare_gene_symbol,,,
LHT,C,bare_gene_symbol,,,
LHT1,C,bare_gene_symbol,,,
LhTRX-h3,B,species_prefix_Lh,Lh,TRX-h3,
LHTs,D,descriptive_name,,,
LHY,C,bare_gene_symbol,,,
LIC,C,bare_gene_symbol,,,
licochalcone A genes,D,descriptive_name,,,
ligand-gated calcium channels,D,descriptive_name,,,
ligand-gated channels,D,descriptive_name,,,
ligand-gated glutamate receptor-like channels,D,descriptive_name,,,
ligand-gated K+ channels,D,descriptive_name,,,
ligase,D,descriptive_name,,,
ligases,D,descriptive_name,,,
light capture protein complex,D,descriptive_name,,,
light reaction genes,D,descriptive_name,,,
light steel blue 1 gene module,D,descriptive_name,,,
light steel blue 1 module,D,descriptive_name,,,
light-dependent protochlorophyllide reductase,D,descriptive_name,,,
light-harvesting chlorophyll,D,descriptive_name,,,
light-harvesting chlorophyll A-B binding proteins,D,descriptive_name,,,
light-harvesting chlorophyll a/b binding protein,D,descriptive_name,,,
light-harvesting chlorophyll a/b binding proteins,D,descriptive_name,,,
light-harvesting chlorophyll a/b-binding proteins,D,descriptive_name,,,
light-harvesting chlorophyll protein complex,D,descriptive_name,,,
light-harvesting chlorophyll protein genes,D,descriptive_name,,,
Light-harvesting chlorophyll-binding proteins,D,descriptive_name,,,
light-harvesting complex,D,descriptive_name,,,
light-harvesting complex genes,D,descriptive_name,,,
light-harvesting complex I chlorophyll a/b binding protein 1,D,descriptive_name,,,
light-harvesting complex II,D,descriptive_name,,,
light-harvesting complex II chlorophyll a/b binding proteins,D,descriptive_name,,,
light-harvesting complex of PSII,D,descriptive_name,,,
light-harvesting complex proteins,D,descriptive_name,,,
light-harvesting complexes,D,descriptive_name,,,
light-harvesting protein,D,descriptive_name,,,
light-harvesting protein complexes,D,descriptive_name,,,
light-harvesting protein genes,D,descriptive_name,,,
light-harvesting proteins,D,descriptive_name,,,
light-independent protochlorophyllide reductase,D,descriptive_name,,,
light-induced factors,D,descriptive_name,,,
light-inducible transcription factor,D,descriptive_name,,,
light-reaction proteins,D,descriptive_name,,,
Lignin biosynthetic genes,D,descriptive_name,,,
lignin synthase genes,D,descriptive_name,,,
lignin-associated repressors,D,descriptive_name,,,
lignocellulases,D,descriptive_name,,,
LiHsp83,B,species_prefix_Li,Li,Hsp83,
LiHsp83-SAG1,B,species_prefix_Li,Li,Hsp83-SAG1,
LiHsp83-SAG1 fusion protein,D,descriptive_name,,,
lily HsfA3 genes,D,descriptive_name,,,
LIME1,C,bare_gene_symbol,,,
LimHSP16.45,D,descriptive_name,,,
LimHSP16.45-GFP,D,descriptive_name,,,
limonoid UDP-glucosyltransferase,D,descriptive_name,,,
Limonoid UDP-glucosyltransferase-like,D,descriptive_name,,,
Lin5,C,bare_gene_symbol,,,
Lin6,C,bare_gene_symbol,,,
Lin7,C,bare_gene_symbol,,,
Linalool synthase,D,descriptive_name,,,
linalool synthase genes,D,descriptive_name,,,
linalool synthases,D,descriptive_name,,,
linkage group panel,D,descriptive_name,,,
linoleate 13S-lipoxygenase,D,descriptive_name,,,
linoleate 13S-lipoxygenase 2-1,D,descriptive_name,,,
linoleate 9S-lipoxygenase,D,descriptive_name,,,
linoleate 9S-lipoxygenase 1,D,descriptive_name,,,
linoleate 9S-lipoxygenase 2,D,descriptive_name,,,
linoleate 9S-lipoxygenase 4,D,descriptive_name,,,
linoleate 9S-lipoxygenase 5,D,descriptive_name,,,
linoleate desaturase,D,descriptive_name,,,
Linoleate lipoxygenase,D,descriptive_name,,,
linoleate-related enzymes,D,descriptive_name,,,
linoleoyl-PC desaturase,D,descriptive_name,,,
lipA gene,D,descriptive_name,,,
lipase,D,descriptive_name,,,
lipase EG1,D,descriptive_name,,,
lipase enzymes,D,descriptive_name,,,
lipase proteins,D,descriptive_name,,,
lipase-like PAD4,D,descriptive_name,,,
lipases,D,descriptive_name,,,
lipid and energy biosynthesis-related genes,D,descriptive_name,,,
lipid biosynthesis genes,D,descriptive_name,,,
LIPID DROPLET METHYLTRANSFERASE 1,D,descriptive_name,,,
lipid droplet proteins,D,descriptive_name,,,
lipid metabolism genes,D,descriptive_name,,,
lipid metabolism-related proteins,D,descriptive_name,,,
Lipid Phosphate Phosphatase,D,descriptive_name,,,
Lipid Phosphate Phosphatases,D,descriptive_name,,,
lipid transfer protein (LTP) genes,D,descriptive_name,,,
lipid transfer protein genes,D,descriptive_name,,,
lipid transfer protein-like proteins,D,descriptive_name,,,
Lipid transfer proteins,D,descriptive_name,,,
Lipid transporters,D,descriptive_name,,,
lipid-associated proteins,D,descriptive_name,,,
lipid-binding genes,D,descriptive_name,,,
lipid-degrading genes,D,descriptive_name,,,
lipid-modifying enzymes,D,descriptive_name,,,
LIPID-TRANSFER PROTEIN 4,D,descriptive_name,,,
lipocalin,D,descriptive_name,,,
lipocalins,D,descriptive_name,,,
Lipoxidase,D,descriptive_name,,,
lipoxygenase,D,descriptive_name,,,
lipoxygenase 1,D,descriptive_name,,,
lipoxygenase 2,D,descriptive_name,,,
lipoxygenase 5,D,descriptive_name,,,
lipoxygenase gene,D,descriptive_name,,,
lipoxygenase genes,D,descriptive_name,,,
lipoxygenase L-2,D,descriptive_name,,,
LIPOXYGENASE1,D,descriptive_name,,,
lipoxygenases,D,descriptive_name,,,
LlAPX1,B,species_prefix_Ll,Ll,APX1,
LlAPX2,B,species_prefix_Ll,Ll,APX2,
LlbHLH12,B,species_prefix_Llb,Llb,HLH12,
LlCaM3,B,species_prefix_Ll,Ll,CaM3,
LlCAT2,B,species_prefix_Ll,Ll,CAT2,
LlERF012,B,species_prefix_Ll,Ll,ERF012,
LlERF092,B,species_prefix_Ll,Ll,ERF092,
LlERF110,B,species_prefix_Ll,Ll,ERF110,
LlETO1,B,species_prefix_Ll,Ll,ETO1,
LlHsfA2,B,species_prefix_Ll,Ll,HsfA2,
LlHsfA3,B,species_prefix_Ll,Ll,HsfA3,
LlHsfA3A,B,species_prefix_Ll,Ll,HsfA3A,
LlHsfA3A/B,D,descriptive_name,,,
LlHSFA4,B,species_prefix_Ll,Ll,HSFA4,
LlMBF1c,B,species_prefix_Ll,Ll,MBF1c,
LlMBF1c promoter,D,descriptive_name,,,
LlWRKY33,B,species_prefix_Ll,Ll,WRKY33,
LM10,C,bare_gene_symbol,,,
LM11,C,bare_gene_symbol,,,
LM26,C,bare_gene_symbol,,,
LM5,C,bare_gene_symbol,,,
LM5 antibodies,D,descriptive_name,,,
LM5 antibody,D,descriptive_name,,,
LmSAP,B,species_prefix_Lm,Lm,SAP,
LmSAPΔA20,D,descriptive_name,,,
LmSAPΔA20-ΔAN1,D,descriptive_name,,,
LmSAPΔAN1,D,descriptive_name,,,
Lmscaffold452.187,D,descriptive_name,,,
Lmscaffold696.41,D,descriptive_name,,,
Lmscaffold98.522,D,descriptive_name,,,
LMW-GS,D,descriptive_name,,,
LMW-HSP,D,descriptive_name,,,
lncRNA,D,descriptive_name,,,
lncRNA TCONS_00016454,D,descriptive_name,,,
lncRNA TRINITY_DN10873_c0_g1_i14,D,descriptive_name,,,
lncRNAs,D,descriptive_name,,,
LNG proteins,D,descriptive_name,,,
LNG1-4,D,descriptive_name,,,
LOB family genes,D,descriptive_name,,,
LOB/LBD cis-acting element,D,descriptive_name,,,
"LOC-110,694,404",D,descriptive_name,,,
"LOC-110,699,943",D,descriptive_name,,,
LOC100191919,D,descriptive_name,,,
LOC100282558,D,descriptive_name,,,
LOC100502460,D,descriptive_name,,,
LOC100781791,D,descriptive_name,,,
LOC100787536,D,descriptive_name,,,
LOC100791342,D,descriptive_name,,,
LOC100794703,D,descriptive_name,,,
LOC100799875,D,descriptive_name,,,
LOC100802759,D,descriptive_name,,,
LOC100812201,D,descriptive_name,,,
LOC100818755,D,descriptive_name,,,
LOC100819730,D,descriptive_name,,,
LOC103633555,D,descriptive_name,,,
LOC103642379,D,descriptive_name,,,
LOC103644435,D,descriptive_name,,,
LOC103647946,D,descriptive_name,,,
LOC105047965,D,descriptive_name,,,
LOC105048608,D,descriptive_name,,,
LOC107279585,D,descriptive_name,,,
LOC107411031,D,descriptive_name,,,
LOC107412561,D,descriptive_name,,,
LOC107417136,D,descriptive_name,,,
LOC107419520,D,descriptive_name,,,
LOC107427373,D,descriptive_name,,,
LOC107810152,D,descriptive_name,,,
LOC107829594,D,descriptive_name,,,
LOC110735639,D,descriptive_name,,,
LOC112489350,D,descriptive_name,,,
LOC112492292,D,descriptive_name,,,
LOC112493133,D,descriptive_name,,,
LOC114260773,D,descriptive_name,,,
LOC114262611,D,descriptive_name,,,
LOC114269283,D,descriptive_name,,,
LOC114269489,D,descriptive_name,,,
LOC114284060,D,descriptive_name,,,
LOC114309916,D,descriptive_name,,,
LOC114310402,D,descriptive_name,,,
LOC114314242,D,descriptive_name,,,
LOC114314594,D,descriptive_name,,,
LOC114320162,D,descriptive_name,,,
LOC21392597,C,bare_gene_symbol,,,
LOC21397545,C,bare_gene_symbol,,,
LOC21404820,C,bare_gene_symbol,,,
LOC21408668,C,bare_gene_symbol,,,
LOC_Os01g09800.1,D,descriptive_name,,,
LOC_Os01g43550,A,rice_locus_msu,,,
LOC_Os01g51890,A,rice_locus_msu,,,
LOC_Os01g64000,A,rice_locus_msu,,,
LOC_Os01g67220,A,rice_locus_msu,,,
LOC_Os03g01600,A,rice_locus_msu,,,
LOC_Os03g04770,A,rice_locus_msu,,,
LOC_Os03g12510.1,D,descriptive_name,,,
LOC_Os03g13140.1,D,descriptive_name,,,
LOC_Os03g31750.1,D,descriptive_name,,,
LOC_Os03g47860,A,rice_locus_msu,,,
LOC_Os03g48170,A,rice_locus_msu,,,
LOC_Os03g62180,A,rice_locus_msu,,,
LOC_Os04g33740,A,rice_locus_msu,,,
LOC_Os04g37619,A,rice_locus_msu,,,
LOC_Os04g38400,A,rice_locus_msu,,,
LOC_Os04g51300.1,D,descriptive_name,,,
LOC_Os04g52830,A,rice_locus_msu,,,
LOC_Os05g12040,A,rice_locus_msu,,,
LOC_Os05g188700,D,descriptive_name,,,
LOC_Os05g22920,A,rice_locus_msu,,,
LOC_Os05g33130,A,rice_locus_msu,,,
LOC_Os05g40270,A,rice_locus_msu,,,
LOC_Os05g43870,A,rice_locus_msu,,,
LOC_Os05g46020,A,rice_locus_msu,,,
LOC_Os06g03710,A,rice_locus_msu,,,
LOC_Os06g36670,A,rice_locus_msu,,,
LOC_Os06g38120,A,rice_locus_msu,,,
LOC_Os06g41720,A,rice_locus_msu,,,
LOC_Os06g48200,A,rice_locus_msu,,,
LOC_Os07g31010,A,rice_locus_msu,,,
LOC_Os07g34570,A,rice_locus_msu,,,
LOC_Os08g36920,A,rice_locus_msu,,,
LOC_Os08g41030,A,rice_locus_msu,,,
LOC_Os08g41720,A,rice_locus_msu,,,
LOC_Os09g15670,A,rice_locus_msu,,,
LOC_Os09g20390,A,rice_locus_msu,,,
LOC_Os10g35500,A,rice_locus_msu,,,
LOC_Os10g37660,A,rice_locus_msu,,,
LOC_Os10g38360,A,rice_locus_msu,,,
LOC_Os10g38740,A,rice_locus_msu,,,
LOC_Os10g41550,A,rice_locus_msu,,,
LOC_Os11g14950,A,rice_locus_msu,,,
LOC_Os11g37050,A,rice_locus_msu,,,
LOC_Os11g38580,A,rice_locus_msu,,,
LOC_Os12g19530.1,D,descriptive_name,,,
LOCSAPK2,C,bare_gene_symbol,,,
LOCSAPK3like,D,descriptive_name,,,
LOG,C,bare_gene_symbol,,,
LOG proteins,D,descriptive_name,,,
LOG1,C,bare_gene_symbol,,,
LOG5,C,bare_gene_symbol,,,
LOG7,C,bare_gene_symbol,,,
LOGs,D,descriptive_name,,,
LoHDZ2,B,species_prefix_Lo,Lo,HDZ2,
Lon protease homolog 2,D,descriptive_name,,,
lonely guy,D,descriptive_name,,,
LONELY GUYs,D,descriptive_name,,,
long chain acyl-CoA synthetase,D,descriptive_name,,,
long chain acyl-CoA synthetases,D,descriptive_name,,,
Long-chain acyl-CoA synthetase,D,descriptive_name,,,
long-chain acyl-CoA synthetase 6,D,descriptive_name,,,
longan Ran,D,descriptive_name,,,
longan Ran genes,D,descriptive_name,,,
longan Ran GTPases,D,descriptive_name,,,
longifolene synthase,D,descriptive_name,,,
lor1,D,descriptive_name,,,
LOV domain,D,descriptive_name,,,
Low affinity sulfate transporter 3,D,descriptive_name,,,
low-affinity systems,D,descriptive_name,,,
low-CO2 inducible (LCI) genes,D,descriptive_name,,,
low-molecular-weight dehydrins,D,descriptive_name,,,
low-molecular-weight isoforms,D,descriptive_name,,,
low-molecular-weight subunits,D,descriptive_name,,,
LOX,C,bare_gene_symbol,,,
LOX domains,D,descriptive_name,,,
LOX enzymes,D,descriptive_name,,,
LOX gene family,D,descriptive_name,,,
LOX genes,D,descriptive_name,,,
LOX-2S,D,descriptive_name,,,
LOX1,C,bare_gene_symbol,,,
LOX1 gene,D,descriptive_name,,,
LOX1_5,D,descriptive_name,,,
LOX2,C,bare_gene_symbol,,,
LOX2 gene,D,descriptive_name,,,
LOX2.1,C,bare_gene_symbol,,,
LOX2S,C,bare_gene_symbol,,,
LOX3,C,bare_gene_symbol,,,
LOX4,C,bare_gene_symbol,,,
LOX5,C,bare_gene_symbol,,,
LOX8,C,bare_gene_symbol,,,
LOXA,C,bare_gene_symbol,,,
LOXs,D,descriptive_name,,,
LPA acyltransferases,D,descriptive_name,,,
LPAAT,C,bare_gene_symbol,,,
LPAAT1,C,bare_gene_symbol,,,
LPAAT2,C,bare_gene_symbol,,,
LPAAT2α1,D,descriptive_name,,,
LPAAT2α2,D,descriptive_name,,,
LpAOC,B,species_prefix_Lp,Lp,AOC,
LpAPX1,B,species_prefix_Lp,Lp,APX1,
LPAT,C,bare_gene_symbol,,,
LPAT4,C,bare_gene_symbol,,,
LpBIPG,B,species_prefix_Lp,Lp,BIPG,
LPCAT,C,bare_gene_symbol,,,
LPCAT enzymes,D,descriptive_name,,,
LPCAT2,C,bare_gene_symbol,,,
LpCDPK,B,species_prefix_Lp,Lp,CDPK,
LpCOMT,B,species_prefix_Lp,Lp,COMT,
LpCYP72A15,B,species_prefix_Lp,Lp,CYP72A15,
LPD1,C,bare_gene_symbol,,,
LpD14,B,species_prefix_Lp,Lp,D14,
LPD2,C,bare_gene_symbol,,,
LPEAT,C,bare_gene_symbol,,,
LPEAT enzymes,D,descriptive_name,,,
LPEAT1,C,bare_gene_symbol,,,
LPEAT1/2,D,descriptive_name,,,
lpeat2,D,descriptive_name,,,
LpHsfA2,B,species_prefix_Lp,Lp,HsfA2,
LpHsfA4,B,species_prefix_Lp,Lp,HsfA4,
LpHsp70-010,B,species_prefix_Lp,Lp,Hsp70-010,
LpHsp90,B,species_prefix_Lp,Lp,Hsp90,
LpHsp90 gene family,D,descriptive_name,,,
LpHsp90 genes,D,descriptive_name,,,
LpHsp90-1,B,species_prefix_Lp,Lp,Hsp90-1,
LpHsp90-2,B,species_prefix_Lp,Lp,Hsp90-2,
LpHsp90-3,B,species_prefix_Lp,Lp,Hsp90-3,
LpHsp90-4,B,species_prefix_Lp,Lp,Hsp90-4,
LpHsp90-5,B,species_prefix_Lp,Lp,Hsp90-5,
LpHsp90-6,B,species_prefix_Lp,Lp,Hsp90-6,
LpHsp90-7,B,species_prefix_Lp,Lp,Hsp90-7,
LpHsp90-8,B,species_prefix_Lp,Lp,Hsp90-8,
LpJMT,B,species_prefix_Lp,Lp,JMT,
LpLAC,B,species_prefix_Lp,Lp,LAC,
LPLAT,C,bare_gene_symbol,,,
LpLLI,B,species_prefix_Lp,Lp,LLI,
LpLOX,B,species_prefix_Lp,Lp,LOX,
LpLOX2,B,species_prefix_Lp,Lp,LOX2,
LpMAX2,B,species_prefix_Lp,Lp,MAX2,
LpNAC022,B,species_prefix_Lp,Lp,NAC022,
LpNAC037,B,species_prefix_Lp,Lp,NAC037,
LpNAC045,B,species_prefix_Lp,Lp,NAC045,
LpNAC054,B,species_prefix_Lp,Lp,NAC054,
LpNCED1,B,species_prefix_Lp,Lp,NCED1,
LpNOL,B,species_prefix_Lp,Lp,NOL,
LpNYC1,B,species_prefix_Lp,Lp,NYC1,
LpOPR3,B,species_prefix_Lp,Lp,OPR3,
LPOR,C,bare_gene_symbol,,,
LPP,C,bare_gene_symbol,,,
LpPI4K,B,species_prefix_Lp,Lp,PI4K,
LpPPH,B,species_prefix_Lp,Lp,PPH,
LpPRX,B,species_prefix_Lp,Lp,PRX,
LPPs,D,descriptive_name,,,
LPPε1,D,descriptive_name,,,
LpSGR,B,species_prefix_Lp,Lp,SGR,
LpSUT1,B,species_prefix_Lp,Lp,SUT1,
LpTT3.2,D,descriptive_name,,,
LpxXL,D,descriptive_name,,,
LpZEP,B,species_prefix_Lp,Lp,ZEP,
Lr34,C,bare_gene_symbol,,,
LRA1,C,bare_gene_symbol,,,
LrHSF1,B,species_prefix_Lr,Lr,HSF1,
LrHSF10,B,species_prefix_Lr,Lr,HSF10,
LrHSF13,B,species_prefix_Lr,Lr,HSF13,
LrHSF16,B,species_prefix_Lr,Lr,HSF16,
LrHSF18,B,species_prefix_Lr,Lr,HSF18,
LrHSF5,B,species_prefix_Lr,Lr,HSF5,
LrHSF8,B,species_prefix_Lr,Lr,HSF8,
LrHSP17.2,D,descriptive_name,,,
LRK1,C,bare_gene_symbol,,,
LRK10,C,bare_gene_symbol,,,
LRP,C,bare_gene_symbol,,,
LRP1,C,bare_gene_symbol,,,
LRR,C,bare_gene_symbol,,,
LRR receptor kinase-like family,D,descriptive_name,,,
LRR receptor kinase-like protein,D,descriptive_name,,,
LRR receptor kinase-like proteins,D,descriptive_name,,,
LRR receptor-like serine/threonine-protein kinase,D,descriptive_name,,,
LRR-RLK genes,D,descriptive_name,,,
LRR-RLK VIII,D,descriptive_name,,,
LRR-RLK VIII genes,D,descriptive_name,,,
LRR-RLKs,D,descriptive_name,,,
LsABA1,B,species_prefix_Ls,Ls,ABA1,
LsACS1,B,species_prefix_Ls,Ls,ACS1,
LsADC,B,species_prefix_Ls,Ls,ADC,
LsAGL24,B,species_prefix_Ls,Ls,AGL24,
LsAO1,B,species_prefix_Ls,Ls,AO1,
LsAP1,B,species_prefix_Ls,Ls,AP1,
LsAPXa,B,species_prefix_Ls,Ls,APXa,
LsAPXb,B,species_prefix_Ls,Ls,APXb,
LsARF,B,species_prefix_Ls,Ls,ARF,
LsARF genes,D,descriptive_name,,,
LsARF10,B,species_prefix_Ls,Ls,ARF10,
LsARF16b,B,species_prefix_Ls,Ls,ARF16b,
LsARF19,B,species_prefix_Ls,Ls,ARF19,
LsARF19a,B,species_prefix_Ls,Ls,ARF19a,
LsARF19b,B,species_prefix_Ls,Ls,ARF19b,
LsARF2b,B,species_prefix_Ls,Ls,ARF2b,
LsARF3,B,species_prefix_Ls,Ls,ARF3,
LsARF7a,B,species_prefix_Ls,Ls,ARF7a,
LsARF8a,B,species_prefix_Ls,Ls,ARF8a,
LsARF9a,B,species_prefix_Ls,Ls,ARF9a,
LsARFs,B,species_prefix_Ls,Ls,ARFs,
Lsat_1_v5_gn_2_116640,D,descriptive_name,,,
Lsat_1_v5_gn_2_15680,D,descriptive_name,,,
Lsat_1_v5_gn_9_80621,D,descriptive_name,,,
LsCO promoter,D,descriptive_name,,,
LsCPS1,B,species_prefix_Ls,Ls,CPS1,
LSD1,C,bare_gene_symbol,,,
LsDPBF3,B,species_prefix_Ls,Ls,DPBF3,
LsEIN2,B,species_prefix_Ls,Ls,EIN2,
LsERF1,B,species_prefix_Ls,Ls,ERF1,
LsFUL,B,species_prefix_Ls,Ls,FUL,
LsGA2ox1,B,species_prefix_Ls,Ls,GA2ox1,
LsGA2ox2,B,species_prefix_Ls,Ls,GA2ox2,
LsGA3ox1,B,species_prefix_Ls,Ls,GA3ox1,
LsGA3ox1/2,D,descriptive_name,,,
LsGASA,B,species_prefix_Ls,Ls,GASA,
LsGASA family,D,descriptive_name,,,
LsGASA genes,D,descriptive_name,,,
LsGASA promoter regions,D,descriptive_name,,,
LsGASA promoters,D,descriptive_name,,,
LsGASA1,B,species_prefix_Ls,Ls,GASA1,
LsGASA12,B,species_prefix_Ls,Ls,GASA12,
LsGASA18,B,species_prefix_Ls,Ls,GASA18,
LsGASA2,B,species_prefix_Ls,Ls,GASA2,
LsGASA6,B,species_prefix_Ls,Ls,GASA6,
LsGASA9,B,species_prefix_Ls,Ls,GASA9,
LsGRAS,B,species_prefix_Ls,Ls,GRAS,
LsGRAS gene family,D,descriptive_name,,,
LsGRAS13,B,species_prefix_Ls,Ls,GRAS13,
LsGRAS13 gene,D,descriptive_name,,,
LsHsp70 proteins,D,descriptive_name,,,
LsHsp70-2711,B,species_prefix_Ls,Ls,Hsp70-2711,
LsHsp70-3701,B,species_prefix_Ls,Ls,Hsp70-3701,
Lsi transporters,D,descriptive_name,,,
Lsi1,C,bare_gene_symbol,,,
Lsi2,C,bare_gene_symbol,,,
Lsi3,C,bare_gene_symbol,,,
Lsi6,C,bare_gene_symbol,,,
LsIAA genes,D,descriptive_name,,,
LsIAA members,D,descriptive_name,,,
LsIAA17,B,species_prefix_Ls,Ls,IAA17,
LsIAA3,B,species_prefix_Ls,Ls,IAA3,
LsIAA4,B,species_prefix_Ls,Ls,IAA4,
LsIAAs,B,species_prefix_Ls,Ls,IAAs,
LsiI,D,descriptive_name,,,
LsiII,D,descriptive_name,,,
LsKS,D,descriptive_name,,,
Lsm1–7 complex,D,descriptive_name,,,
LsM3K18A,B,species_prefix_Ls,Ls,M3K18A,
LsMYB15,B,species_prefix_Ls,Ls,MYB15,
LsNAC46,B,species_prefix_Ls,Ls,NAC46,
LsNCED3,B,species_prefix_Ls,Ls,NCED3,
LsNCED4,B,species_prefix_Ls,Ls,NCED4,
LsPAO,B,species_prefix_Ls,Ls,PAO,
lsr operon,D,descriptive_name,,,
lsrACDBFG,D,descriptive_name,,,
LsSAMDC,B,species_prefix_Ls,Ls,SAMDC,
LsSOC1,B,species_prefix_Ls,Ls,SOC1,
LsSOD,B,species_prefix_Ls,Ls,SOD,
LsSODa,B,species_prefix_Ls,Ls,SODa,
LsSODb,B,species_prefix_Ls,Ls,SODb,
LsSPDS,B,species_prefix_Ls,Ls,SPDS,
LsSPMS,B,species_prefix_Ls,Ls,SPMS,
LsSPS,B,species_prefix_Ls,Ls,SPS,
LST1,C,bare_gene_symbol,,,
LsTT2,B,species_prefix_Ls,Ls,TT2,
LSU,C,bare_gene_symbol,,,
LsWRKY genes,D,descriptive_name,,,
LsWRKY transcription factor genes,D,descriptive_name,,,
LsWRKY09,B,species_prefix_Ls,Ls,WRKY09,
LsWRKY58,B,species_prefix_Ls,Ls,WRKY58,
LsWRKY69,B,species_prefix_Ls,Ls,WRKY69,
LsWRKY70,B,species_prefix_Ls,Ls,WRKY70,
LsWRKY72,B,species_prefix_Ls,Ls,WRKY72,
LsWRKY75,B,species_prefix_Ls,Ls,WRKY75,
LsWRKYIII genes,D,descriptive_name,,,
LsWRKYIII members,D,descriptive_name,,,
LTA4H,C,bare_gene_symbol,,,
LTA4H gene,D,descriptive_name,,,
LTA4H gene homolog,D,descriptive_name,,,
LTC1,C,bare_gene_symbol,,,
LTCOR12,C,bare_gene_symbol,,,
Ltg2.1 QTL,D,descriptive_name,,,
LTI65,C,bare_gene_symbol,,,
LTI6b,D,descriptive_name,,,
LTP,C,bare_gene_symbol,,,
LTP gene,D,descriptive_name,,,
LTP genes,D,descriptive_name,,,
LTP-like proteins,D,descriptive_name,,,
LTP1,C,bare_gene_symbol,,,
LTP10,C,bare_gene_symbol,,,
LTP2,C,bare_gene_symbol,,,
LTP3,C,bare_gene_symbol,,,
LTP4,C,bare_gene_symbol,,,
LTP5,C,bare_gene_symbol,,,
LTP6,C,bare_gene_symbol,,,
LTP7,C,bare_gene_symbol,,,
LTPs,D,descriptive_name,,,
LUC,C,bare_gene_symbol,,,
Luciferase,D,descriptive_name,,,
luciferase reporter genes,D,descriptive_name,,,
lupeol synthase,D,descriptive_name,,,
LUT1,C,bare_gene_symbol,,,
lutein epoxidase,D,descriptive_name,,,
Lux-R system,D,descriptive_name,,,
luxS,D,descriptive_name,,,
lyc-β,D,descriptive_name,,,
lyc-ε,D,descriptive_name,,,
LYCB,C,bare_gene_symbol,,,
lycopene b-cyclase,D,descriptive_name,,,
Lycopene beta cyclase,D,descriptive_name,,,
lycopene beta-cyclase,D,descriptive_name,,,
lycopene cleavage dioxygenase,D,descriptive_name,,,
lycopene cyclases,D,descriptive_name,,,
lycopene epsilon cyclase,D,descriptive_name,,,
Lycopene epsilon-cyclase,D,descriptive_name,,,
lycopene β-cyclase,D,descriptive_name,,,
lycopene ε-cyclase,D,descriptive_name,,,
lycopene-beta-cyclase,D,descriptive_name,,,
lycopene-epsilon-cyclase,D,descriptive_name,,,
Lycopene-related genes,D,descriptive_name,,,
LYKs,D,descriptive_name,,,
LYM3,C,bare_gene_symbol,,,
Lys134,C,bare_gene_symbol,,,
Lys253B,D,descriptive_name,,,
Lys268B,D,descriptive_name,,,
Lysin metabolism genes,D,descriptive_name,,,
lysin motif,D,descriptive_name,,,
lysine biosynthetic enzyme,D,descriptive_name,,,
lysine histidine transporter,D,descriptive_name,,,
Lysine-specific demethylase JMJ25,D,descriptive_name,,,
lysine-specific demethylase REF6,D,descriptive_name,,,
lysine-specific histone demethylase 1,D,descriptive_name,,,
Lysine-specific histone demethylase-1,D,descriptive_name,,,
lysine-succinylated enzyme,D,descriptive_name,,,
lysine-tRNA ligase,D,descriptive_name,,,
lysine/histidine permeases,D,descriptive_name,,,
LysM,D,descriptive_name,,,
LysM domain receptor-like kinase 4,D,descriptive_name,,,
LysM effector,D,descriptive_name,,,
LysM effectors,D,descriptive_name,,,
LysM proteins,D,descriptive_name,,,
LysM-containing receptors,D,descriptive_name,,,
lyso-phosphatidylcholine acyltransferase,D,descriptive_name,,,
lysophosphatidic acid acyltransferase,D,descriptive_name,,,
Lysophosphatidic acid acyltransferases,D,descriptive_name,,,
lysophosphatidylcholine acyltransferase,D,descriptive_name,,,
LYSOPHOSPHATIDYLETHANOLAMINE ACYLTRANSFERASE 1,D,descriptive_name,,,
lysophospholipid acid acyltransferase,D,descriptive_name,,,
LYSOPL2,C,bare_gene_symbol,,,
lysosomal beta-galactosidase1,D,descriptive_name,,,
lysosomal enzymes,D,descriptive_name,,,
Lysozyme,D,descriptive_name,,,
lysozyme type G,D,descriptive_name,,,
lysyl-tRNA synthetase,D,descriptive_name,,,
lytic enzyme,D,descriptive_name,,,
Lytic enzymes,D,descriptive_name,,,
LzHsfA2a,B,species_prefix_Lz,Lz,HsfA2a,
M,E,noise_too_short,,,
M-sHSP,D,descriptive_name,,,
M-sHSP gene,D,descriptive_name,,,
M-sHSP genes,D,descriptive_name,,,
M-sHSP23.5,D,descriptive_name,,,
M-sHSPs,D,descriptive_name,,,
M-type_MADS,D,descriptive_name,,,
M10,C,bare_gene_symbol,,,
M11,C,bare_gene_symbol,,,
M13 binding peptide,D,descriptive_name,,,
M13 peptide,D,descriptive_name,,,
M13 sequence,D,descriptive_name,,,
M144,C,bare_gene_symbol,,,
M2H,C,bare_gene_symbol,,,
m4405,D,descriptive_name,,,
m6A demethylase,D,descriptive_name,,,
m6A erasers,D,descriptive_name,,,
MaABI5-like,B,species_prefix_Ma,Ma,ABI5-like,
MaACO1,B,species_prefix_Ma,Ma,ACO1,
MaACS1,B,species_prefix_Ma,Ma,ACS1,
MaAPX1,B,species_prefix_Ma,Ma,APX1,
MAC18,C,bare_gene_symbol,,,
macAB,D,descriptive_name,,,
MaCER1,B,species_prefix_Ma,Ma,CER1,
MaCER3,B,species_prefix_Ma,Ma,CER3,
MaCESA6B,B,species_prefix_Ma,Ma,CESA6B,
MaCESA7,B,species_prefix_Ma,Ma,CESA7,
macrolide-specific pumps,D,descriptive_name,,,
macromolecules,D,descriptive_name,,,
macrophage migration inhibitory factor,D,descriptive_name,,,
MaCYP86,B,species_prefix_Ma,Ma,CYP86,
MaD53,B,species_prefix_Ma,Ma,D53,
MaDCR,B,species_prefix_Ma,Ma,DCR,
MADS,C,bare_gene_symbol,,,
MADS box proteins,D,descriptive_name,,,
MADS-box,D,descriptive_name,,,
MADS-box flowering integrators,D,descriptive_name,,,
MADS-box genes,D,descriptive_name,,,
MADS-box transcription factor,D,descriptive_name,,,
MADS-box transcription factors,D,descriptive_name,,,
MADS-RIN transcription factor,D,descriptive_name,,,
MADS1,C,bare_gene_symbol,,,
MADS3,C,bare_gene_symbol,,,
MADS6,C,bare_gene_symbol,,,
MaECR,B,species_prefix_Ma,Ma,ECR,
MaFAR,B,species_prefix_Ma,Ma,FAR,
MAG lipases,D,descriptive_name,,,
MAGL4,C,bare_gene_symbol,,,
magnesium chelatase,D,descriptive_name,,,
magnesium chelatase genes,D,descriptive_name,,,
magnesium chelatase subunits,D,descriptive_name,,,
magnesium chelating enzyme,D,descriptive_name,,,
magnesium dechelatase,D,descriptive_name,,,
magnesium protoporphyrin IX methyltransferase,D,descriptive_name,,,
magnesium protoporphyrin IX monomethyl ester cyclase,D,descriptive_name,,,
magnesium transporter,D,descriptive_name,,,
Magnesium-chelatase,D,descriptive_name,,,
magnesium-chelatase subunit chlH,D,descriptive_name,,,
magnesium-chelatase subunit ChlI,D,descriptive_name,,,
magnesium-chelatase subunits,D,descriptive_name,,,
Magnesium-free pheophorbide a oxygenase,D,descriptive_name,,,
magnesium-protoporphyrin IX methyltransferase,D,descriptive_name,,,
magnesium-protoporphyrin IX monomethyl ester,D,descriptive_name,,,
magnesium-protoporphyrin IX monomethyl ester (oxidative) cyclase,D,descriptive_name,,,
magnesium-protoporphyrin IX monomethyl ester cyclase,D,descriptive_name,,,
MaGPAT,B,species_prefix_Ma,Ma,GPAT,
MaGSTZ1,B,species_prefix_Ma,Ma,GSTZ1,
MaHsf24,B,species_prefix_Ma,Ma,Hsf24,
maize AChE,D,descriptive_name,,,
maize ACX family genes,D,descriptive_name,,,
Maize PAOs,D,descriptive_name,,,
maize polyamine oxidase genes,D,descriptive_name,,,
Major CHO metabolism genes,D,descriptive_name,,,
major facilitator sugar transporter-like family,D,descriptive_name,,,
Major Facilitator Superfamily,D,descriptive_name,,,
Major Facilitator Superfamily transporters,D,descriptive_name,,,
major intrinsic protein family,D,descriptive_name,,,
major intrinsic protein superfamily,D,descriptive_name,,,
major latex protein-like,D,descriptive_name,,,
major latex-like protein,D,descriptive_name,,,
major latex-like proteins,D,descriptive_name,,,
MAK kinase,D,descriptive_name,,,
MAK kinases,D,descriptive_name,,,
MaKCR,B,species_prefix_Ma,Ma,KCR,
MaKCS,B,species_prefix_Ma,Ma,KCS,
MAKIBISHI1,C,bare_gene_symbol,,,
MAKPPP19,C,bare_gene_symbol,,,
MaLACS,B,species_prefix_Ma,Ma,LACS,
malate dehydrogenase,D,descriptive_name,,,
Malate dehydrogenase (spot 23),D,descriptive_name,,,
malate dehydrogenase [NADP],D,descriptive_name,,,
malate dehydrogenase complex,D,descriptive_name,,,
malate dehydrogenase gene,D,descriptive_name,,,
malate dehydrogenase genes,D,descriptive_name,,,
malate dehydrogenases,D,descriptive_name,,,
malate synthase,D,descriptive_name,,,
Malate synthases,D,descriptive_name,,,
malate-related enzymes,D,descriptive_name,,,
malectin/receptor kinase/RALF complex,D,descriptive_name,,,
malectin/receptor-like kinase complex,D,descriptive_name,,,
maleylacetoacetate isomerase,D,descriptive_name,,,
malic enzyme,D,descriptive_name,,,
malic enzymes,D,descriptive_name,,,
malonate-CoA ligase,D,descriptive_name,,,
malonyl-CoA decarboxylase,D,descriptive_name,,,
malonyl-CoA synthetase,D,descriptive_name,,,
malonyl-CoA:ACP transacylase,D,descriptive_name,,,
malonyl-coenzyme: anthocyanin 5-O-glucoside-6’’’-O-malonyltransferase-like,D,descriptive_name,,,
malonyltransferase,D,descriptive_name,,,
MaLOX,B,species_prefix_Ma,Ma,LOX,
MaLOX1,B,species_prefix_Ma,Ma,LOX1,
MaLOX1-4,B,species_prefix_Ma,Ma,LOX1-4,
MaLOX10,B,species_prefix_Ma,Ma,LOX10,
MaLOX13,B,species_prefix_Ma,Ma,LOX13,
MaLOX15,B,species_prefix_Ma,Ma,LOX15,
MaLOX18,B,species_prefix_Ma,Ma,LOX18,
MaLOX2,B,species_prefix_Ma,Ma,LOX2,
MaLOX4,B,species_prefix_Ma,Ma,LOX4,
MaLOX5,B,species_prefix_Ma,Ma,LOX5,
MaLOX7,B,species_prefix_Ma,Ma,LOX7,
MaLOX7-10,B,species_prefix_Ma,Ma,LOX7-10,
MaLOX8,B,species_prefix_Ma,Ma,LOX8,
MaLOXs,B,species_prefix_Ma,Ma,LOXs,
malQ,D,descriptive_name,,,
maltase,D,descriptive_name,,,
maltase-glucoamylase,D,descriptive_name,,,
maltooligosyl trehalose trehalohydrolase,D,descriptive_name,,,
maltose excess protein 1,D,descriptive_name,,,
maltose-binding construct,D,descriptive_name,,,
maltose-binding fusion protein,D,descriptive_name,,,
MaLUL2,B,species_prefix_Ma,Ma,LUL2,
MaLUL2-GFP fusion protein,D,descriptive_name,,,
MAM,C,bare_gene_symbol,,,
MAM1,C,bare_gene_symbol,,,
MAMD,C,bare_gene_symbol,,,
MaMDAR4,B,species_prefix_Ma,Ma,MDAR4,
mammalian HRI,D,descriptive_name,,,
mammalian meEF2-kinase,D,descriptive_name,,,
mammalian phase II enzymes,D,descriptive_name,,,
mammalian PKR,D,descriptive_name,,,
mammalian spermine oxidases,D,descriptive_name,,,
mammalian target of rapamycin,D,descriptive_name,,,
MaMYC2,B,species_prefix_Ma,Ma,MYC2,
MAN,C,bare_gene_symbol,,,
MAN1,C,bare_gene_symbol,,,
MAN6,C,bare_gene_symbol,,,
MaNAC1,B,species_prefix_Ma,Ma,NAC1,
MaNAC2,B,species_prefix_Ma,Ma,NAC2,
Manganese Superoxide Dismutase,D,descriptive_name,,,
MANGANESE SUPEROXIDE DISMUTASE 1,D,descriptive_name,,,
manganese-dependent inorganic pyrophosphatase,D,descriptive_name,,,
manganese-superoxide dismutase,D,descriptive_name,,,
"mannan endo-1,4-beta-mannosidase 7",D,descriptive_name,,,
"mannan endo-1,4-β-mannosidase",D,descriptive_name,,,
mannan synthase,D,descriptive_name,,,
mannase,D,descriptive_name,,,
mannitol 1-phosphate dehydrogenase,D,descriptive_name,,,
mannitol dehydrogenase,D,descriptive_name,,,
mannitol dehydrogenase genes,D,descriptive_name,,,
Mannitol dehydrogenase-like,D,descriptive_name,,,
Mannitol dehydrogenases,D,descriptive_name,,,
mannitol-inducible genes,D,descriptive_name,,,
mannose phosphate isomerases,D,descriptive_name,,,
mannose-1-phosphate guanyltransferase,D,descriptive_name,,,
mannose-6-phosphate isomerase,D,descriptive_name,,,
mannose-related genes,D,descriptive_name,,,
ManS1,B,species_prefix_Man,Man,S1,
MaNYC1,B,species_prefix_Ma,Ma,NYC1,
MAP kinase,D,descriptive_name,,,
MAP KINASE 4,D,descriptive_name,,,
MAP kinase cascades,D,descriptive_name,,,
MAP kinase gene,D,descriptive_name,,,
MAP kinases,D,descriptive_name,,,
MAP3K18,C,bare_gene_symbol,,,
MAP3K5,C,bare_gene_symbol,,,
MAP3Ks,D,descriptive_name,,,
MAP3Kδ4,D,descriptive_name,,,
MAP65-1,D,descriptive_name,,,
MaPAO,B,species_prefix_Ma,Ma,PAO,
MAPEG,C,bare_gene_symbol,,,
MAPK,C,bare_gene_symbol,,,
MAPK 11,D,descriptive_name,,,
MAPK genes,D,descriptive_name,,,
MAPK isoforms,D,descriptive_name,,,
MAPK transcription factors,D,descriptive_name,,,
MAPK1,C,bare_gene_symbol,,,
MAPK1/6,D,descriptive_name,,,
MAPK11,C,bare_gene_symbol,,,
MAPK3,C,bare_gene_symbol,,,
MAPK6,C,bare_gene_symbol,,,
MAPK6/3,D,descriptive_name,,,
MAPKK,C,bare_gene_symbol,,,
MAPKK kinases,D,descriptive_name,,,
MAPKKK16,C,bare_gene_symbol,,,
MAPKKK17,C,bare_gene_symbol,,,
MAPKKK17/18,D,descriptive_name,,,
MAPKKK18,C,bare_gene_symbol,,,
MAPKKK5,C,bare_gene_symbol,,,
MAPKs,D,descriptive_name,,,
MaPPH,B,species_prefix_Ma,Ma,PPH,
MaPR1-1,B,species_prefix_Ma,Ma,PR1-1,
MaPR10c,B,species_prefix_Ma,Ma,PR10c,
MaPR2,B,species_prefix_Ma,Ma,PR2,
MaPR5-2,B,species_prefix_Ma,Ma,PR5-2,
MaPR5-3,B,species_prefix_Ma,Ma,PR5-3,
marA,D,descriptive_name,,,
marker AX-95155574,D,descriptive_name,,,
marker genes,D,descriptive_name,,,
marker NAF057,D,descriptive_name,,,
Marker Xbarc42,D,descriptive_name,,,
marker Xbarc49,D,descriptive_name,,,
markers,D,descriptive_name,,,
marneral synthase 1,D,descriptive_name,,,
MarR,D,descriptive_name,,,
marRAB operon,D,descriptive_name,,,
MAS,C,bare_gene_symbol,,,
Mascot search tools,D,descriptive_name,,,
MaSGR1,B,species_prefix_Ma,Ma,SGR1,
MaSGR2,B,species_prefix_Ma,Ma,SGR2,
MASH,C,bare_gene_symbol,,,
MAT2A,C,bare_gene_symbol,,,
matA,D,descriptive_name,,,
matB,D,descriptive_name,,,
MATE,C,bare_gene_symbol,,,
MATE efflux family protein FRD3-like,D,descriptive_name,,,
MATE transporters,D,descriptive_name,,,
MATE-family transporter,D,descriptive_name,,,
MATE-family transporters,D,descriptive_name,,,
MATE2 transporters,D,descriptive_name,,,
matK,D,descriptive_name,,,
matK gene,D,descriptive_name,,,
matRABC locus,D,descriptive_name,,,
maturation genes,D,descriptive_name,,,
maturation subunit GhCcmFc,D,descriptive_name,,,
mature miR390,D,descriptive_name,,,
MAX1,C,bare_gene_symbol,,,
MAX2,C,bare_gene_symbol,,,
MAX2 F-box protein,D,descriptive_name,,,
MAX3,C,bare_gene_symbol,,,
MAX4,C,bare_gene_symbol,,,
MaXB3,B,species_prefix_Ma,Ma,XB3,
MBD5,C,bare_gene_symbol,,,
MBF1,C,bare_gene_symbol,,,
MBF1 family,D,descriptive_name,,,
MBF1 proteins,D,descriptive_name,,,
MBF1B,C,bare_gene_symbol,,,
MBF1C,C,bare_gene_symbol,,,
MbLOX,B,species_prefix_Mb,Mb,LOX,
MBO synthase,D,descriptive_name,,,
MBOATs,D,descriptive_name,,,
MBP-DUF538,D,descriptive_name,,,
MBP1,C,bare_gene_symbol,,,
MBS,C,bare_gene_symbol,,,
MBS1,C,bare_gene_symbol,,,
mbt,D,descriptive_name,,,
MBW,C,bare_gene_symbol,,,
MBW complex,D,descriptive_name,,,
MBW regulatory complex,D,descriptive_name,,,
MBW transcription factor complex,D,descriptive_name,,,
MbWRKY65,B,species_prefix_Mb,Mb,WRKY65,
MBY,C,bare_gene_symbol,,,
MCAT,C,bare_gene_symbol,,,
MCCA,C,bare_gene_symbol,,,
MCCB,C,bare_gene_symbol,,,
mCherry,D,descriptive_name,,,
MCM4,C,bare_gene_symbol,,,
MCM6,C,bare_gene_symbol,,,
MCO,C,bare_gene_symbol,,,
MCS,C,bare_gene_symbol,,,
MCT,C,bare_gene_symbol,,,
MCTK,C,bare_gene_symbol,,,
MD00G1005100,D,descriptive_name,,,
MD03G1135100,D,descriptive_name,,,
MD08G1172400,D,descriptive_name,,,
MD15G1040000,D,descriptive_name,,,
MD15G1357900,D,descriptive_name,,,
MDA reductase,D,descriptive_name,,,
MdANR,B,species_prefix_Md,Md,ANR,
MdANS,B,species_prefix_Md,Md,ANS,
MdAP2.12,D,descriptive_name,,,
MDAR,C,bare_gene_symbol,,,
MDAR transcripts,D,descriptive_name,,,
MDAR1,C,bare_gene_symbol,,,
MDAR2,C,bare_gene_symbol,,,
MdATG18a,B,species_prefix_Md,Md,ATG18a,
MdbHLH3,B,species_prefix_Mdb,Mdb,HLH3,
MdbZIP44,B,species_prefix_Mdb,Mdb,ZIP44,
MdbZIP5b,B,species_prefix_Mdb,Mdb,ZIP5b,
MDC,C,bare_gene_symbol,,,
mdcABCDEFGHR,D,descriptive_name,,,
MDCase,D,descriptive_name,,,
MdCHI,B,species_prefix_Md,Md,CHI,
MdCHS,B,species_prefix_Md,Md,CHS,
MdCKX1,B,species_prefix_Md,Md,CKX1,
MdCKX10,B,species_prefix_Md,Md,CKX10,
MdCKX2,B,species_prefix_Md,Md,CKX2,
MdCKX4,B,species_prefix_Md,Md,CKX4,
MdCKX5,B,species_prefix_Md,Md,CKX5,
MdCKX6,B,species_prefix_Md,Md,CKX6,
MdCKX7,B,species_prefix_Md,Md,CKX7,
MdCKX8,B,species_prefix_Md,Md,CKX8,
mdcMLHGEDCBA,D,descriptive_name,,,
MdCOL4,B,species_prefix_Md,Md,COL4,
MdDFR,B,species_prefix_Md,Md,DFR,
MdERF114,B,species_prefix_Md,Md,ERF114,
MdERF1b,B,species_prefix_Md,Md,ERF1b,
MdF3H,B,species_prefix_Md,Md,F3H,
MdFLS,B,species_prefix_Md,Md,FLS,
MdGASA genes,D,descriptive_name,,,
MdGH3.6,D,descriptive_name,,,
MdGolS2,B,species_prefix_Md,Md,GolS2,
MDH,C,bare_gene_symbol,,,
MDH1,C,bare_gene_symbol,,,
MDH2,C,bare_gene_symbol,,,
MDHA reductase,D,descriptive_name,,,
MDHAR,C,bare_gene_symbol,,,
MDHAR gene,D,descriptive_name,,,
MdHB-7,B,species_prefix_Md,Md,HB-7,
MDHs,D,descriptive_name,,,
MdHSFA8,B,species_prefix_Md,Md,HSFA8,
MdHSFA8a,B,species_prefix_Md,Md,HSFA8a,
MdHSP70,B,species_prefix_Md,Md,HSP70,
MdHSP70 family members,D,descriptive_name,,,
MdHSP70 gene family,D,descriptive_name,,,
MdHSP70 genes,D,descriptive_name,,,
MdHSP70 proteins,D,descriptive_name,,,
MdHSP70-23,B,species_prefix_Md,Md,HSP70-23,
MdHSP70-26,B,species_prefix_Md,Md,HSP70-26,
MdHSP70-45,B,species_prefix_Md,Md,HSP70-45,
MdHSP70-56,B,species_prefix_Md,Md,HSP70-56,
MdHSP70-6,B,species_prefix_Md,Md,HSP70-6,
MdJAZs,B,species_prefix_Md,Md,JAZs,
MdKAI2,B,species_prefix_Md,Md,KAI2,
MdLBD37,B,species_prefix_Md,Md,LBD37,
mdm-miR828,D,descriptive_name,,,
MdMYB1,B,species_prefix_Md,Md,MYB1,
MdMYB10,B,species_prefix_Md,Md,MYB10,
MdMYB11,B,species_prefix_Md,Md,MYB11,
MdMYB12,B,species_prefix_Md,Md,MYB12,
MdMYB23,B,species_prefix_Md,Md,MYB23,
MdMYB9,B,species_prefix_Md,Md,MYB9,
MdMYBR9,B,species_prefix_Md,Md,MYBR9,
MdNAC29,B,species_prefix_Md,Md,NAC29,
MDP0000440654,D,descriptive_name,,,
MdPAD4,B,species_prefix_Md,Md,PAD4,
MdPDS,B,species_prefix_Md,Md,PDS,
MdPR3,B,species_prefix_Md,Md,PR3,
MdPR5,B,species_prefix_Md,Md,PR5,
MdPRP6,B,species_prefix_Md,Md,PRP6,
MdPSY,B,species_prefix_Md,Md,PSY,
MDR,C,bare_gene_symbol,,,
MdRGL1a,B,species_prefix_Md,Md,RGL1a,
MDS,C,bare_gene_symbol,,,
MdS5H1,B,species_prefix_Md,Md,S5H1,
MdS5H2,B,species_prefix_Md,Md,S5H2,
mdtA,D,descriptive_name,,,
mdtABC,D,descriptive_name,,,
mdtN,D,descriptive_name,,,
MdUFGT,B,species_prefix_Md,Md,UFGT,
MdVQ10,B,species_prefix_Md,Md,VQ10,
MdVQ37,B,species_prefix_Md,Md,VQ37,
MdWRKY75,B,species_prefix_Md,Md,WRKY75,
MdYUCCA10a,B,species_prefix_Md,Md,YUCCA10a,
MdYUCCA11d,B,species_prefix_Md,Md,YUCCA11d,
MdYUCCA2b,B,species_prefix_Md,Md,YUCCA2b,
MdYUCCA8a,B,species_prefix_Md,Md,YUCCA8a,
MdZDS,B,species_prefix_Md,Md,ZDS,
ME,E,noise_too_short,,,
Me-JA-responsive elements,D,descriptive_name,,,
Me-JA-responsive motifs,D,descriptive_name,,,
ME1,C,bare_gene_symbol,,,
MeCCoAMT,B,species_prefix_Me,Me,CCoAMT,
MECR,C,bare_gene_symbol,,,
MeCWINV3,B,species_prefix_Me,Me,CWINV3,
MeCYP71,B,species_prefix_Me,Me,CYP71,
MeCYP71E,B,species_prefix_Me,Me,CYP71E,
MeCYP79,B,species_prefix_Me,Me,CYP79,
MED14,C,bare_gene_symbol,,,
mediator complexes,D,descriptive_name,,,
Mediator subunit,D,descriptive_name,,,
Medtr3g062450,A,medicago_locus,,,
MeEDS1,B,species_prefix_Me,Me,EDS1,
meEF2,D,descriptive_name,,,
MeJA elements,D,descriptive_name,,,
MeJA esterases,D,descriptive_name,,,
MeJA response elements,D,descriptive_name,,,
MeJA responsiveness elements,D,descriptive_name,,,
MeJA-inducible stress modules,D,descriptive_name,,,
MeJA-related cis-acting elements,D,descriptive_name,,,
MeJA-responsive cis-acting elements,D,descriptive_name,,,
MeJA-responsive cis-acting regulatory elements,D,descriptive_name,,,
MeJA-responsive cis-elements,D,descriptive_name,,,
MeJA-responsive cis-regulatory elements,D,descriptive_name,,,
MeJA-responsive element,D,descriptive_name,,,
MeJA-responsive elements,D,descriptive_name,,,
MeJA-responsiveness elements,D,descriptive_name,,,
MeJARE,B,species_prefix_Me,Me,JARE,
MeJRE,B,species_prefix_Me,Me,JRE,
MEKK1,C,bare_gene_symbol,,,
melatonin biosynthesis genes,D,descriptive_name,,,
MeLHCB,B,species_prefix_Me,Me,LHCB,
MElightpink,D,descriptive_name,,,
MELO3C006430,D,descriptive_name,,,
MELO3C007597,D,descriptive_name,,,
MELO3C009678,D,descriptive_name,,,
MELO3C011839,D,descriptive_name,,,
MELO3C013851,D,descriptive_name,,,
MELO3C014597,D,descriptive_name,,,
MELO3C024920.2,D,descriptive_name,,,
MEM1,C,bare_gene_symbol,,,
MEmagenta,D,descriptive_name,,,
MEmagenta gene co-expression module,D,descriptive_name,,,
MEmagenta gene module,D,descriptive_name,,,
MEMB11,C,bare_gene_symbol,,,
membrane associated proteins in eicosanoid and glutathione metabolism,D,descriptive_name,,,
membrane proteins,D,descriptive_name,,,
membrane receptors,D,descriptive_name,,,
membrane RNA helicases,D,descriptive_name,,,
membrane stabilizers,D,descriptive_name,,,
membrane steroid receptors,D,descriptive_name,,,
membrane transport proteins,D,descriptive_name,,,
membrane transporters,D,descriptive_name,,,
membrane-associated signaling proteins,D,descriptive_name,,,
membrane-bound delta-12 fatty acid,D,descriptive_name,,,
membrane-bound desaturases,D,descriptive_name,,,
membrane-bound enzymes,D,descriptive_name,,,
membrane-bound proteins,D,descriptive_name,,,
membrane-bound transporters,D,descriptive_name,,,
membrane-protein,D,descriptive_name,,,
membrane-related proteins,D,descriptive_name,,,
MeNAC genes,D,descriptive_name,,,
menF,D,descriptive_name,,,
MEorangered,D,descriptive_name,,,
MEP-S,D,descriptive_name,,,
MEP3a,D,descriptive_name,,,
MEP3b,D,descriptive_name,,,
MePR4,B,species_prefix_Me,Me,PR4,
mercuric ion reductase,D,descriptive_name,,,
mercuric reductase,D,descriptive_name,,,
mercuric resistance operon,D,descriptive_name,,,
mercuric resistance operon regulatory proteins,D,descriptive_name,,,
merge29,D,descriptive_name,,,
merge73,D,descriptive_name,,,
MES,C,bare_gene_symbol,,,
MES9,C,bare_gene_symbol,,,
Met-synthesis enzymes,D,descriptive_name,,,
MET1,C,bare_gene_symbol,,,
MET16,C,bare_gene_symbol,,,
metA,D,descriptive_name,,,
metabolic enzymes,D,descriptive_name,,,
metabolic gene,D,descriptive_name,,,
metabolic genes,D,descriptive_name,,,
metabolic protein,D,descriptive_name,,,
metabolic proteins,D,descriptive_name,,,
metabolism and regulation genes,D,descriptive_name,,,
metabolism-related genes,D,descriptive_name,,,
metabolite transporters,D,descriptive_name,,,
metabolite-modifying enzymes,D,descriptive_name,,,
metabolite-modifying hydrolase,D,descriptive_name,,,
metacaspase-4,D,descriptive_name,,,
metal tolerance protein (MTP) genes,D,descriptive_name,,,
metal transporters,D,descriptive_name,,,
metal-binding proteins,D,descriptive_name,,,
Metallocarboxypeptidase inhibitors,D,descriptive_name,,,
metallochaperones,D,descriptive_name,,,
metalloenzymes,D,descriptive_name,,,
metalloprotein,D,descriptive_name,,,
metalloproteinase inhibitor,D,descriptive_name,,,
metalloproteinases,D,descriptive_name,,,
Metalloproteins,D,descriptive_name,,,
metallothionein,D,descriptive_name,,,
metallothionein gene,D,descriptive_name,,,
metallothionein genes,D,descriptive_name,,,
Metallothionein-like protein type 2,D,descriptive_name,,,
metallothionein-like protein type 3,D,descriptive_name,,,
metallothioneins,D,descriptive_name,,,
METE,C,bare_gene_symbol,,,
METE gene,D,descriptive_name,,,
METH,C,bare_gene_symbol,,,
Methionine aminotransferase,D,descriptive_name,,,
methionine S-methyltransferase,D,descriptive_name,,,
methionine sulfoxide reductase,D,descriptive_name,,,
methionine sulfoxide reductase (Msr) enzymes,D,descriptive_name,,,
methionine sulfoxide reductases,D,descriptive_name,,,
methionine synthase,D,descriptive_name,,,
methionine γ-lyase,D,descriptive_name,,,
methionine-(S)-S-oxide reductase,D,descriptive_name,,,
Methionine–tRNA ligase,D,descriptive_name,,,
methyl cytosine-binding protein,D,descriptive_name,,,
methyl esterases,D,descriptive_name,,,
methyl jasmonate response elements,D,descriptive_name,,,
methyl jasmonate-responsive cis-regulatory element,D,descriptive_name,,,
methyl jasmonate-responsive elements,D,descriptive_name,,,
methyl transferase,D,descriptive_name,,,
methyl transferase domain,D,descriptive_name,,,
methylase,D,descriptive_name,,,
methylation enzyme,D,descriptive_name,,,
methylation modulator,D,descriptive_name,,,
methylcrotonoyl-CoA carboxylase,D,descriptive_name,,,
methylcrotonoyl-CoA carboxylase (subunit alpha and beta chain),D,descriptive_name,,,
methylcrotonoyl-CoA carboxylase subunit,D,descriptive_name,,,
Methylcrotonyl-CoA carboxylase,D,descriptive_name,,,
Methylenetetrahydrofolate reductase,D,descriptive_name,,,
methylesterase 9,D,descriptive_name,,,
methylesterases,D,descriptive_name,,,
methylmalonate semi-aldehyde dehydrogenase,D,descriptive_name,,,
methylphytyl benzoquinone methyltransferase,D,descriptive_name,,,
methyltransferase,D,descriptive_name,,,
methyltransferase effector,D,descriptive_name,,,
methyltransferase enzymes,D,descriptive_name,,,
methyltransferase family enzyme,D,descriptive_name,,,
methyltransferase protein,D,descriptive_name,,,
methyltransferases,D,descriptive_name,,,
Mevalonate disphosphate decarboxylase,D,descriptive_name,,,
mevalonate kinase,D,descriptive_name,,,
MFP,C,bare_gene_symbol,,,
MFP2,C,bare_gene_symbol,,,
MFS,C,bare_gene_symbol,,,
MFS families,D,descriptive_name,,,
MFS transporter,D,descriptive_name,,,
MFS transporters,D,descriptive_name,,,
MFS-type transporters,D,descriptive_name,,,
MFT protein,D,descriptive_name,,,
MfWRKY40,B,species_prefix_Mf,Mf,WRKY40,
Mg transporter genes,D,descriptive_name,,,
Mg transporters,D,descriptive_name,,,
Mg-chelatase,D,descriptive_name,,,
Mg-CHT,D,descriptive_name,,,
Mg-dechelatase,D,descriptive_name,,,
Mg-protoporphyrin IX chelatase,D,descriptive_name,,,
Mg1LysM,D,descriptive_name,,,
Mg2+-ATPase,D,descriptive_name,,,
Mg3LysM,D,descriptive_name,,,
MgCh,D,descriptive_name,,,
MGD,C,bare_gene_symbol,,,
MGD1,C,bare_gene_symbol,,,
MGD2,C,bare_gene_symbol,,,
MGD3,C,bare_gene_symbol,,,
MGDG synthase,D,descriptive_name,,,
MGDG synthases,D,descriptive_name,,,
MGDS,C,bare_gene_symbol,,,
mGFP,D,descriptive_name,,,
MgGDH,B,species_prefix_Mg,Mg,GDH,
MGL,C,bare_gene_symbol,,,
mgl knockout mutant,D,descriptive_name,,,
mgl knockout mutants,D,descriptive_name,,,
mgl mutants,D,descriptive_name,,,
MgPEC,B,species_prefix_Mg,Mg,PEC,
MgPMT,B,species_prefix_Mg,Mg,PMT,
MGST,C,bare_gene_symbol,,,
Mgst3,C,bare_gene_symbol,,,
Mha2,C,bare_gene_symbol,,,
MhANR,B,species_prefix_Mh,Mh,ANR,
MHF1,C,bare_gene_symbol,,,
MHMT,C,bare_gene_symbol,,,
MhYTP1,B,species_prefix_Mh,Mh,YTP1,
MhYTP1 promoter,D,descriptive_name,,,
MhYTP1 promoters,D,descriptive_name,,,
MhYTP2,B,species_prefix_Mh,Mh,YTP2,
MhYTP2 promoter,D,descriptive_name,,,
MhYTP2 promoters,D,descriptive_name,,,
miaA,D,descriptive_name,,,
MiAGL15,B,species_prefix_Mi,Mi,AGL15,
MiCAT1,B,species_prefix_Mi,Mi,CAT1,
MiCHS1,B,species_prefix_Mi,Mi,CHS1,
Micro RNAs,D,descriptive_name,,,
micro-RNA,D,descriptive_name,,,
microbial carbon-catabolizing enzymes,D,descriptive_name,,,
microbial cell wall degrading enzymes,D,descriptive_name,,,
microbial cell wall-degrading enzymes,D,descriptive_name,,,
microbial cell wall–degrading enzymes,D,descriptive_name,,,
microbial enzymes,D,descriptive_name,,,
microbial glucosyl hydrolases,D,descriptive_name,,,
Micrococcal nuclease,D,descriptive_name,,,
microRNAs,D,descriptive_name,,,
microsomal enzyme,D,descriptive_name,,,
microsomal fatty acid desaturases,D,descriptive_name,,,
microsomal glutathione S-transferase,D,descriptive_name,,,
Microsomal Glutathione S-Transferase 3,D,descriptive_name,,,
microsomal ω-6 and ω-3 fatty acid desaturases,D,descriptive_name,,,
microtubule-associated protein,D,descriptive_name,,,
microtuple-associated protein,D,descriptive_name,,,
MiDHS1,B,species_prefix_Mi,Mi,DHS1,
MIEL1,C,bare_gene_symbol,,,
MIF,C,bare_gene_symbol,,,
MIF-like proteins,D,descriptive_name,,,
MiFAB2.12,D,descriptive_name,,,
MiFAB2.7,D,descriptive_name,,,
MiFBA6,B,species_prefix_Mi,Mi,FBA6,
MiGAD1,B,species_prefix_Mi,Mi,GAD1,
MiGSTF6,B,species_prefix_Mi,Mi,GSTF6,
MiKASI1,B,species_prefix_Mi,Mi,KASI1,
MiKASI3,B,species_prefix_Mi,Mi,KASI3,
MiKASI5,B,species_prefix_Mi,Mi,KASI5,
MIL2,C,bare_gene_symbol,,,
MiLOX,B,species_prefix_Mi,Mi,LOX,
MiMIF genes,D,descriptive_name,,,
MiMIF-2,B,species_prefix_Mi,Mi,MIF-2,
MiMIF-2 effector,D,descriptive_name,,,
mindh,D,descriptive_name,,,
MIOX,C,bare_gene_symbol,,,
MIOX enzyme,D,descriptive_name,,,
MIOX genes,D,descriptive_name,,,
MIOX2,C,bare_gene_symbol,,,
MiPER42,B,species_prefix_Mi,Mi,PER42,
MiPRX17,B,species_prefix_Mi,Mi,PRX17,
MIPS,C,bare_gene_symbol,,,
MIPS genes,D,descriptive_name,,,
MIPS1,C,bare_gene_symbol,,,
MIPS2,C,bare_gene_symbol,,,
MIPS3,C,bare_gene_symbol,,,
mir-496,D,descriptive_name,,,
miR1144-z,D,descriptive_name,,,
miR156,D,descriptive_name,,,
miR156A,D,descriptive_name,,,
miR156b,D,descriptive_name,,,
miR156b–GmSPL2b,D,descriptive_name,,,
miR156c,D,descriptive_name,,,
miR156d-3p,D,descriptive_name,,,
miR156g,D,descriptive_name,,,
miR156OE,D,descriptive_name,,,
miR157d,D,descriptive_name,,,
miR158a-3p,D,descriptive_name,,,
miR159,D,descriptive_name,,,
miR159b,D,descriptive_name,,,
mir160,D,descriptive_name,,,
MIR160 microRNA,D,descriptive_name,,,
MIR161,C,bare_gene_symbol,,,
miR161.1,D,descriptive_name,,,
miR164,D,descriptive_name,,,
miR166,D,descriptive_name,,,
miR166d,D,descriptive_name,,,
miR167,D,descriptive_name,,,
miR167-ARF,D,descriptive_name,,,
miR167d,D,descriptive_name,,,
miR169,D,descriptive_name,,,
MIR173,C,bare_gene_symbol,,,
miR174,D,descriptive_name,,,
miR27319,D,descriptive_name,,,
miR319,D,descriptive_name,,,
miR390,D,descriptive_name,,,
miR390 gene,D,descriptive_name,,,
miR390 promoter,D,descriptive_name,,,
miR393,D,descriptive_name,,,
miR393-TIR1/AFB2 module,D,descriptive_name,,,
miR396,D,descriptive_name,,,
miR396a,D,descriptive_name,,,
miR396b,D,descriptive_name,,,
miR396c,D,descriptive_name,,,
miR397,D,descriptive_name,,,
miR397-z,D,descriptive_name,,,
miR397/laccase module,D,descriptive_name,,,
miR397a,D,descriptive_name,,,
miR397b,D,descriptive_name,,,
miR398,D,descriptive_name,,,
MIR399,C,bare_gene_symbol,,,
miR408,D,descriptive_name,,,
miR408-ARF17,D,descriptive_name,,,
miR444,D,descriptive_name,,,
miR5054,D,descriptive_name,,,
miR5185-z,D,descriptive_name,,,
miR528,D,descriptive_name,,,
miR528-5p,D,descriptive_name,,,
miR5303,D,descriptive_name,,,
miR5658-z,D,descriptive_name,,,
miR6475,D,descriptive_name,,,
MIR827,C,bare_gene_symbol,,,
miR828,D,descriptive_name,,,
miR857,D,descriptive_name,,,
miR9748,D,descriptive_name,,,
MIR9748 promoter,D,descriptive_name,,,
miraculin,D,descriptive_name,,,
miraculin-like proteins,D,descriptive_name,,,
miRNA,D,descriptive_name,,,
miRNA binding site,D,descriptive_name,,,
miRNA networks,D,descriptive_name,,,
miRNA target,D,descriptive_name,,,
miRNA-mRNA modules,D,descriptive_name,,,
miRNAs,D,descriptive_name,,,
misfolded proteins,D,descriptive_name,,,
mit-ACO,D,descriptive_name,,,
Mito-sHSP24.7,D,descriptive_name,,,
mitochondrial AAC isoforms,D,descriptive_name,,,
mitochondrial AATP1,D,descriptive_name,,,
mitochondrial aconitase,D,descriptive_name,,,
mitochondrial ADP/ATP carrier,D,descriptive_name,,,
mitochondrial ADP/ATP carrier protein,D,descriptive_name,,,
mitochondrial ADP/ATP carrier proteins,D,descriptive_name,,,
mitochondrial aldehyde dehydrogenase,D,descriptive_name,,,
Mitochondrial alternative oxidase,D,descriptive_name,,,
mitochondrial ATP synthase,D,descriptive_name,,,
mitochondrial ATP synthase subunit beta,D,descriptive_name,,,
mitochondrial ATP synthase subunit O,D,descriptive_name,,,
mitochondrial ATP synthase subunits,D,descriptive_name,,,
mitochondrial ATP synthesis proteins,D,descriptive_name,,,
mitochondrial ATP:ADP antiporters,D,descriptive_name,,,
mitochondrial ATPase,D,descriptive_name,,,
mitochondrial branched chain alpha-keto acid dehydrogenase,D,descriptive_name,,,
mitochondrial complex,D,descriptive_name,,,
mitochondrial complex I,D,descriptive_name,,,
mitochondrial complex II,D,descriptive_name,,,
mitochondrial complex V,D,descriptive_name,,,
mitochondrial complexes,D,descriptive_name,,,
mitochondrial cytochrome c oxidase,D,descriptive_name,,,
mitochondrial dehydrogenases,D,descriptive_name,,,
mitochondrial electron transport chain,D,descriptive_name,,,
mitochondrial electron transport chain proteins,D,descriptive_name,,,
mitochondrial electron transport genes,D,descriptive_name,,,
Mitochondrial enoyl [acyl carrier protein] reductase,D,descriptive_name,,,
mitochondrial enzyme proteins,D,descriptive_name,,,
mitochondrial enzymes,D,descriptive_name,,,
mitochondrial F1-ATPase,D,descriptive_name,,,
mitochondrial F1-ATPase beta subunits,D,descriptive_name,,,
mitochondrial form,D,descriptive_name,,,
mitochondrial genes,D,descriptive_name,,,
mitochondrial genome,D,descriptive_name,,,
mitochondrial glycine decarboxylase,D,descriptive_name,,,
mitochondrial heat shock protein GhHSP24.7,D,descriptive_name,,,
mitochondrial HSP22,D,descriptive_name,,,
mitochondrial HSP23,D,descriptive_name,,,
mitochondrial HSP70,D,descriptive_name,,,
mitochondrial isocitrate dehydrogenase,D,descriptive_name,,,
mitochondrial L-GalL dehydrogenase,D,descriptive_name,,,
mitochondrial lipase EG1,D,descriptive_name,,,
mitochondrial malate dehydrogenase,D,descriptive_name,,,
mitochondrial membrane transporters,D,descriptive_name,,,
mitochondrial NAD-dependent malic enzymes,D,descriptive_name,,,
mitochondrial NADH dehydrogenase complex,D,descriptive_name,,,
mitochondrial NADH dehydrogenases,D,descriptive_name,,,
mitochondrial probable ATP synthase 24 kDa subunit (spot 41),D,descriptive_name,,,
mitochondrial protein BIL2,D,descriptive_name,,,
mitochondrial respiratory chain genes,D,descriptive_name,,,
mitochondrial respiratory chain-related genes,D,descriptive_name,,,
mitochondrial SHMT,D,descriptive_name,,,
mitochondrial SHMT gene,D,descriptive_name,,,
mitochondrial sHSP genes,D,descriptive_name,,,
mitochondrial sHSPs,D,descriptive_name,,,
mitochondrial small heat shock protein,D,descriptive_name,,,
mitochondrial small heat shock protein genes,D,descriptive_name,,,
mitochondrial small heat shock proteins,D,descriptive_name,,,
Mitochondrial substrate carrier family proteins,D,descriptive_name,,,
mitochondrial transcription termination factor,D,descriptive_name,,,
mitochondrial transcripts,D,descriptive_name,,,
mitochondrial-like aminomethyl transferase (spot 27),D,descriptive_name,,,
mitogen-activated protein kinase,D,descriptive_name,,,
mitogen-activated protein kinase (MAPK) transcription factors,D,descriptive_name,,,
mitogen-activated protein kinase 3,D,descriptive_name,,,
mitogen-activated protein kinase gene,D,descriptive_name,,,
mitogen-activated protein kinase kinase kinase 5,D,descriptive_name,,,
Mitogen-activated protein kinases,D,descriptive_name,,,
MitoTracker Orange,D,descriptive_name,,,
MiTPS14,B,species_prefix_Mi,Mi,TPS14,
mixed prolamins,D,descriptive_name,,,
MK,E,noise_too_short,,,
MKB1,C,bare_gene_symbol,,,
MKB1 E3 ubiquitin ligase,D,descriptive_name,,,
MKK1/2,D,descriptive_name,,,
MKK3,C,bare_gene_symbol,,,
MKK4/5,D,descriptive_name,,,
MKK5,C,bare_gene_symbol,,,
ML1:FUS3-GFP,D,descriptive_name,,,
MLG synthase,D,descriptive_name,,,
MlHSF promoters,D,descriptive_name,,,
MlHSFA2b,B,species_prefix_Ml,Ml,HSFA2b,
MlHSFB2b,B,species_prefix_Ml,Ml,HSFB2b,
MlHSFC1,B,species_prefix_Ml,Ml,HSFC1,
MlHSFs,B,species_prefix_Ml,Ml,HSFs,
MLOC_174,D,descriptive_name,,,
MLOC_18300,D,descriptive_name,,,
MLOC_19075,D,descriptive_name,,,
MLOC_21709,D,descriptive_name,,,
MLOC_22343,D,descriptive_name,,,
MLOC_34476,D,descriptive_name,,,
MLOC_35821,D,descriptive_name,,,
MLOC_36976,D,descriptive_name,,,
MLOC_40292,D,descriptive_name,,,
MLOC_4579,D,descriptive_name,,,
MLOC_51927,D,descriptive_name,,,
MLOC_53947,D,descriptive_name,,,
MLOC_54083,D,descriptive_name,,,
MLOC_57100,D,descriptive_name,,,
MLOC_58506,D,descriptive_name,,,
MLOC_58872,D,descriptive_name,,,
MLOC_62667,D,descriptive_name,,,
MLOC_6299,D,descriptive_name,,,
MLOC_63263,D,descriptive_name,,,
MLOC_65477,D,descriptive_name,,,
MLOC_65646,D,descriptive_name,,,
MLOC_69302,D,descriptive_name,,,
MLOC_70465,D,descriptive_name,,,
MLOC_71910,D,descriptive_name,,,
MLOC_72613,D,descriptive_name,,,
MLOC_73233,D,descriptive_name,,,
MLP,C,bare_gene_symbol,,,
MLP genes,D,descriptive_name,,,
MLP-423,D,descriptive_name,,,
MLP-GR1,D,descriptive_name,,,
MLP-GR3,D,descriptive_name,,,
MLP-PG1,D,descriptive_name,,,
MLP423,C,bare_gene_symbol,,,
MLPL,C,bare_gene_symbol,,,
MLPs,D,descriptive_name,,,
MLS,C,bare_gene_symbol,,,
MmDGAT2,B,species_prefix_Mm,Mm,DGAT2,
mMDH,D,descriptive_name,,,
MMS21,C,bare_gene_symbol,,,
MMT,C,bare_gene_symbol,,,
Mn,E,noise_too_short,,,
Mn SOD isoform,D,descriptive_name,,,
Mn stabilizing protein,D,descriptive_name,,,
Mn superoxide dismutase,D,descriptive_name,,,
Mn-dependent enzymes,D,descriptive_name,,,
Mn-SOD,D,descriptive_name,,,
Mn-superoxide dismutase,D,descriptive_name,,,
Mn-type SODs,D,descriptive_name,,,
Mn-type superoxide dismutases,D,descriptive_name,,,
MnANR,B,species_prefix_Mn,Mn,ANR,
MNase,D,descriptive_name,,,
MnLAR,B,species_prefix_Mn,Mn,LAR,
MnSOD,B,species_prefix_Mn,Mn,SOD,
MnSOD protein,D,descriptive_name,,,
MnSOD1,B,species_prefix_Mn,Mn,SOD1,
MnSODs,B,species_prefix_Mn,Mn,SODs,
Mo-containing enzymes,D,descriptive_name,,,
Moco sulfurase,D,descriptive_name,,,
MoCo sulfurase gene,D,descriptive_name,,,
module M00231,D,descriptive_name,,,
module M00599,D,descriptive_name,,,
module ME3,D,descriptive_name,,,
Module ME4,D,descriptive_name,,,
module TM1,D,descriptive_name,,,
module TM5,D,descriptive_name,,,
modules,D,descriptive_name,,,
MolAPX,B,species_prefix_Mol,Mol,APX,
molecular cation transporters,D,descriptive_name,,,
molecular chaperone,E,noise_generic_term,,,
molecular chaperone complexes,D,descriptive_name,,,
molecular chaperone genes,D,descriptive_name,,,
molecular chaperone network,D,descriptive_name,,,
molecular chaperone RbcX,D,descriptive_name,,,
molecular chaperone system,D,descriptive_name,,,
molecular chaperones,D,descriptive_name,,,
molecular circadian clock,D,descriptive_name,,,
molecular genes,D,descriptive_name,,,
molecular marker,D,descriptive_name,,,
molecular switches,D,descriptive_name,,,
MolHSF19,B,species_prefix_Mol,Mol,HSF19,
MolHSF3,B,species_prefix_Mol,Mol,HSF3,
molybdenum cofactor (MoCo) sulfurase gene,D,descriptive_name,,,
molybdenum cofactor-dependent aldehyde oxidase,D,descriptive_name,,,
molybdenum cofactor-dependent aldehyde oxidases,D,descriptive_name,,,
Momordin II,D,descriptive_name,,,
MoMrt4,B,species_prefix_Mo,Mo,Mrt4,
MoMrt4-GFP,B,species_prefix_Mo,Mo,Mrt4-GFP,
MoMrt4G69D/E,D,descriptive_name,,,
mono-dehydroascorbate reductase,D,descriptive_name,,,
monoclonal antibodies,D,descriptive_name,,,
monodehydroascorbate reductase,D,descriptive_name,,,
monodehydroascorbate reductases,D,descriptive_name,,,
monodehydroascorbic acid reductase,D,descriptive_name,,,
monodehydroasorbate reductase,D,descriptive_name,,,
monodehyedroascorbate reductase,D,descriptive_name,,,
monofunctional pimaradiene synthase,D,descriptive_name,,,
Monogalactosyldiacylglycerol synthase 1,D,descriptive_name,,,
monolignol biosynthetic genes,D,descriptive_name,,,
monomethyl arsenate reductase,D,descriptive_name,,,
monooxygenases,D,descriptive_name,,,
monooxynase,D,descriptive_name,,,
monosaccharide transport genes,D,descriptive_name,,,
monosaccharide transporter,D,descriptive_name,,,
monoterpene synthase,D,descriptive_name,,,
monoterpene synthase 2,D,descriptive_name,,,
monoterpene synthase enzymes,D,descriptive_name,,,
monoterpene synthases,D,descriptive_name,,,
monoterpene-related RcTPS genes,D,descriptive_name,,,
monothiol glutaredoxin-S10-like,D,descriptive_name,,,
MonoTPS1,C,bare_gene_symbol,,,
MonoTPS2,C,bare_gene_symbol,,,
montmorillonite/quinic acid hydroxycinnamoyl transferase,D,descriptive_name,,,
morning gene cluster,D,descriptive_name,,,
MoSDT1,B,species_prefix_Mo,Mo,SDT1,
MoSsb1,B,species_prefix_Mo,Mo,Ssb1,
MoSsz1,B,species_prefix_Mo,Mo,Ssz1,
motif,D,descriptive_name,,,
Motif 2,D,descriptive_name,,,
motor proteins,D,descriptive_name,,,
mouse DIACYLGLYCEROL ACYLTRANSFERASE 2,D,descriptive_name,,,
movement protein VP37,D,descriptive_name,,,
MoYvh1,B,species_prefix_Mo,Mo,Yvh1,
MoYvh1-GFP,B,species_prefix_Mo,Mo,Yvh1-GFP,
MoYvh1-GFP fusion protein,D,descriptive_name,,,
MP,E,noise_too_short,,,
MP-QTCL,D,descriptive_name,,,
MPBQ/MSBQ transferase,D,descriptive_name,,,
MpCHS,B,species_prefix_Mp,Mp,CHS,
MpCOI1 receptor,D,descriptive_name,,,
MpCOI1-MpJAZ coreceptor,D,descriptive_name,,,
MpCOI1-MpJAZ coreceptor complex,D,descriptive_name,,,
MpCTR1,B,species_prefix_Mp,Mp,CTR1,
MpDELLA,B,species_prefix_Mp,Mp,DELLA,
MpDES5,B,species_prefix_Mp,Mp,DES5,
MpDES6,B,species_prefix_Mp,Mp,DES6,
MpDFR,B,species_prefix_Mp,Mp,DFR,
MPE,C,bare_gene_symbol,,,
MPEC,C,bare_gene_symbol,,,
MpEIN3,B,species_prefix_Mp,Mp,EIN3,
MpELO1,B,species_prefix_Mp,Mp,ELO1,
MpFAD5,B,species_prefix_Mp,Mp,FAD5,
MPH1,C,bare_gene_symbol,,,
MpHSFA1,B,species_prefix_Mp,Mp,HSFA1,
MpHSFA1V,B,species_prefix_Mp,Mp,HSFA1V,
MpHSFB1,B,species_prefix_Mp,Mp,HSFB1,
MPIM1_PINCO,D,descriptive_name,,,
MPIM1_PINCO gene,D,descriptive_name,,,
MpIPMK,B,species_prefix_Mp,Mp,IPMK,
MPIs,D,descriptive_name,,,
MpJAZ repressor,D,descriptive_name,,,
MPK,C,bare_gene_symbol,,,
MPK proteins,D,descriptive_name,,,
MPK1,C,bare_gene_symbol,,,
MPK1 gene,D,descriptive_name,,,
MPK12,C,bare_gene_symbol,,,
MPK2,C,bare_gene_symbol,,,
MPK3,C,bare_gene_symbol,,,
MPK3/4/6,D,descriptive_name,,,
MPK3/6,D,descriptive_name,,,
MPK4,C,bare_gene_symbol,,,
MPK4 kinase,D,descriptive_name,,,
MPK4/6/3 cascade,D,descriptive_name,,,
MPK6,C,bare_gene_symbol,,,
MPK9,C,bare_gene_symbol,,,
MPKs,D,descriptive_name,,,
MpLDOX,B,species_prefix_Mp,Mp,LDOX,
MpLOX4,B,species_prefix_Mp,Mp,LOX4,
MpMYB10,B,species_prefix_Mp,Mp,MYB10,
MpMYB15,B,species_prefix_Mp,Mp,MYB15,
MPO,C,bare_gene_symbol,,,
mpqb-mt,D,descriptive_name,,,
MpUFGT,B,species_prefix_Mp,Mp,UFGT,
MpVHA-B1,B,species_prefix_Mp,Mp,VHA-B1,
MpVHA-B2,B,species_prefix_Mp,Mp,VHA-B2,
MR,E,noise_too_short,,,
MRK1,C,bare_gene_symbol,,,
MRN1,C,bare_gene_symbol,,,
mRNA,D,descriptive_name,,,
mRNA processing genes,D,descriptive_name,,,
mRNAs,D,descriptive_name,,,
MRPs,D,descriptive_name,,,
MruGSTU39,B,species_prefix_Mru,Mru,GSTU39,
MS,E,noise_too_short,,,
MS.gene29028,D,descriptive_name,,,
MS.gene65393,D,descriptive_name,,,
MS.gene68824,D,descriptive_name,,,
MS188,C,bare_gene_symbol,,,
MS2,C,bare_gene_symbol,,,
MsARF gene promoters,D,descriptive_name,,,
MsARF genes,D,descriptive_name,,,
MsARF transcription factors,D,descriptive_name,,,
MsCesA1,B,species_prefix_Ms,Ms,CesA1,
MsCesA3,B,species_prefix_Ms,Ms,CesA3,
MsCesA4,B,species_prefix_Ms,Ms,CesA4,
MsCesA6-B,B,species_prefix_Ms,Ms,CesA6-B,
MsCesA7,B,species_prefix_Ms,Ms,CesA7,
MsCesA8,B,species_prefix_Ms,Ms,CesA8,
MSCP,C,bare_gene_symbol,,,
MsCYS,B,species_prefix_Ms,Ms,CYS,
MSD1,C,bare_gene_symbol,,,
MsDAD1,B,species_prefix_Ms,Ms,DAD1,
MsDjB4,B,species_prefix_Ms,Ms,DjB4,
MsDjB4 gene,D,descriptive_name,,,
MsDjB4 protein,D,descriptive_name,,,
MsFLS13,B,species_prefix_Ms,Ms,FLS13,
MsHsp16.9,D,descriptive_name,,,
MsHsp16.9 gene,D,descriptive_name,,,
MsHSP17.7,D,descriptive_name,,,
MsHSP17.7-GFP,D,descriptive_name,,,
MSI1,C,bare_gene_symbol,,,
MSL08,C,bare_gene_symbol,,,
MSL22,C,bare_gene_symbol,,,
MsPMTR1,B,species_prefix_Ms,Ms,PMTR1,
MsPRX,B,species_prefix_Ms,Ms,PRX,
MsPRX genes,D,descriptive_name,,,
MsPRX10,B,species_prefix_Ms,Ms,PRX10,
MsPRX24,B,species_prefix_Ms,Ms,PRX24,
MsPRX32,B,species_prefix_Ms,Ms,PRX32,
MsPRX51,B,species_prefix_Ms,Ms,PRX51,
MsPRX55,B,species_prefix_Ms,Ms,PRX55,
MsPRX57,B,species_prefix_Ms,Ms,PRX57,
MsPRX63 gene,D,descriptive_name,,,
MsPRX73,B,species_prefix_Ms,Ms,PRX73,
Msr,D,descriptive_name,,,
msrA,D,descriptive_name,,,
msrB,D,descriptive_name,,,
MsrB1,B,species_prefix_Msr,Msr,B1,
MSRB9,C,bare_gene_symbol,,,
MSs,D,descriptive_name,,,
MST,C,bare_gene_symbol,,,
MST superfamily,D,descriptive_name,,,
MST8,C,bare_gene_symbol,,,
MSTRG.12581,C,bare_gene_symbol,,,
MSTs,D,descriptive_name,,,
MT,E,noise_too_short,,,
MT genes,D,descriptive_name,,,
MT isoforms,D,descriptive_name,,,
MT proteins,D,descriptive_name,,,
MT-1,D,descriptive_name,,,
MT-1-4b,D,descriptive_name,,,
MT-3,D,descriptive_name,,,
mt-a-4b,D,descriptive_name,,,
Mt-abi5,D,descriptive_name,,,
MT-expressing strains,D,descriptive_name,,,
Mt-GFP,D,descriptive_name,,,
MT-sHSP,D,descriptive_name,,,
MT-type genes,D,descriptive_name,,,
MT1,C,bare_gene_symbol,,,
MT1 gene,D,descriptive_name,,,
mt1D,D,descriptive_name,,,
MT2,C,bare_gene_symbol,,,
MTA,C,bare_gene_symbol,,,
MTA scaffold468-1_279183,D,descriptive_name,,,
MTAs,D,descriptive_name,,,
MTB,C,bare_gene_symbol,,,
MTC enzymes,D,descriptive_name,,,
mTERF,D,descriptive_name,,,
mTERF genes,D,descriptive_name,,,
mTERF12,D,descriptive_name,,,
mTERF6,D,descriptive_name,,,
mtHSC70,D,descriptive_name,,,
mtHSC70-1,D,descriptive_name,,,
mtHSC70-5,D,descriptive_name,,,
MtHSFA9,B,species_prefix_Mt,Mt,HSFA9,
mtHsp70,D,descriptive_name,,,
mtHSPs,D,descriptive_name,,,
MtLBD1,B,species_prefix_Mt,Mt,LBD1,
MtN3.1 domain,D,descriptive_name,,,
MTO1,C,bare_gene_symbol,,,
mTOR,D,descriptive_name,,,
mTORC1,D,descriptive_name,,,
MTP family genes,D,descriptive_name,,,
MTP genes,D,descriptive_name,,,
mtr,D,descriptive_name,,,
MTs,D,descriptive_name,,,
MTS-mOrange,D,descriptive_name,,,
MTS2,C,bare_gene_symbol,,,
mTurquoise2,D,descriptive_name,,,
MtVTC2,B,species_prefix_Mt,Mt,VTC2,
Mucolytic enzymes,D,descriptive_name,,,
multi-CU gene models,D,descriptive_name,,,
multi-gene families,D,descriptive_name,,,
multi-gene family,D,descriptive_name,,,
multicopper oxidase,D,descriptive_name,,,
multicystatin-like proteins,D,descriptive_name,,,
Multidrug and Toxic Compound Extrusion,D,descriptive_name,,,
multidrug and toxin extrusion,D,descriptive_name,,,
multidrug export systems,D,descriptive_name,,,
multidrug resistance transporter,D,descriptive_name,,,
multifunctional protein,D,descriptive_name,,,
multigene construct,D,descriptive_name,,,
multigene family,D,descriptive_name,,,
multigene T-DNA,D,descriptive_name,,,
Multiprotein bridging factor 1,D,descriptive_name,,,
multiprotein bridging factor 1 gene family,D,descriptive_name,,,
multiprotein bridging factor 1c,D,descriptive_name,,,
MUR3,C,bare_gene_symbol,,,
MUR4,C,bare_gene_symbol,,,
murABCDEF,D,descriptive_name,,,
murine COX-2,D,descriptive_name,,,
MURUS3,C,bare_gene_symbol,,,
MusaDREB1G,D,descriptive_name,,,
MusaNAC042,C,bare_gene_symbol,,,
MUTE,C,bare_gene_symbol,,,
MuxB,D,descriptive_name,,,
MV,E,noise_too_short,,,
MVD,C,bare_gene_symbol,,,
mVenus-N7,D,descriptive_name,,,
MVK,C,bare_gene_symbol,,,
mxcF,D,descriptive_name,,,
MYB,C,bare_gene_symbol,,,
MYB factors,D,descriptive_name,,,
MYB family,D,descriptive_name,,,
MYB family members,D,descriptive_name,,,
MYB proteins,D,descriptive_name,,,
MYB regulators,D,descriptive_name,,,
MYB superfamily,D,descriptive_name,,,
MYB transcription factor,D,descriptive_name,,,
MYB transcription factor families,D,descriptive_name,,,
MYB transcription factor family,D,descriptive_name,,,
MYB transcription factor superfamily,D,descriptive_name,,,
MYB transcription factors,D,descriptive_name,,,
MYB-bHLH-WD40,D,descriptive_name,,,
MYB-binding sites,D,descriptive_name,,,
MYB-like,D,descriptive_name,,,
MYB-like transcription factor,D,descriptive_name,,,
MYB-related,D,descriptive_name,,,
MYB-related protein p-1,D,descriptive_name,,,
MYB-related transcription factor,D,descriptive_name,,,
MYB10,C,bare_gene_symbol,,,
MYB10 promoter,D,descriptive_name,,,
MYB102,C,bare_gene_symbol,,,
MYB108,C,bare_gene_symbol,,,
MYB11,C,bare_gene_symbol,,,
MYB111,C,bare_gene_symbol,,,
MYB112,C,bare_gene_symbol,,,
MYB113,C,bare_gene_symbol,,,
MYB114,C,bare_gene_symbol,,,
MYB12,C,bare_gene_symbol,,,
MYB12 transcription factor,D,descriptive_name,,,
MYB12 transcriptional regulator,D,descriptive_name,,,
MYB13,C,bare_gene_symbol,,,
MYB16,C,bare_gene_symbol,,,
MYB1AT element,D,descriptive_name,,,
MYB2,C,bare_gene_symbol,,,
MYB21,C,bare_gene_symbol,,,
MYB21/24/108,D,descriptive_name,,,
MYB28,C,bare_gene_symbol,,,
MYB29,C,bare_gene_symbol,,,
Myb30,C,bare_gene_symbol,,,
MYB30 protein,D,descriptive_name,,,
MYB33,C,bare_gene_symbol,,,
MYB33 transcription factor,D,descriptive_name,,,
myb33myb65,D,descriptive_name,,,
MYB34,C,bare_gene_symbol,,,
MYB36,C,bare_gene_symbol,,,
MYB380,C,bare_gene_symbol,,,
MYB4,C,bare_gene_symbol,,,
MYB41,C,bare_gene_symbol,,,
MYB44,C,bare_gene_symbol,,,
MYB46,C,bare_gene_symbol,,,
MYB5,C,bare_gene_symbol,,,
MYB5 family members,D,descriptive_name,,,
MYB51,C,bare_gene_symbol,,,
MYB52,C,bare_gene_symbol,,,
MYB59,C,bare_gene_symbol,,,
MYB6,C,bare_gene_symbol,,,
MYB60,C,bare_gene_symbol,,,
MYB65 transcription factor,D,descriptive_name,,,
MYB68,C,bare_gene_symbol,,,
MYB7,C,bare_gene_symbol,,,
MYB72,C,bare_gene_symbol,,,
MYB75,C,bare_gene_symbol,,,
MYB76,C,bare_gene_symbol,,,
MYB86,C,bare_gene_symbol,,,
MYB95,C,bare_gene_symbol,,,
MYB96,C,bare_gene_symbol,,,
MYB_transcription_factors,D,descriptive_name,,,
MYBA,C,bare_gene_symbol,,,
MYBA family,D,descriptive_name,,,
MybA1,B,species_prefix_Myb,Myb,A1,
MYBA2,C,bare_gene_symbol,,,
MYBA3,C,bare_gene_symbol,,,
MYBCS1,C,bare_gene_symbol,,,
MYBL2,C,bare_gene_symbol,,,
MYBPA,C,bare_gene_symbol,,,
mybr24,D,descriptive_name,,,
MYBs,D,descriptive_name,,,
MYBS1,C,bare_gene_symbol,,,
MYC,C,bare_gene_symbol,,,
MYC transcription factors,D,descriptive_name,,,
MYC2,C,bare_gene_symbol,,,
MYC2 genes,D,descriptive_name,,,
MYC2 transcription factor,D,descriptive_name,,,
MYC2-like,D,descriptive_name,,,
myc2/3/4,D,descriptive_name,,,
myc3,D,descriptive_name,,,
myc4,D,descriptive_name,,,
MYC6,C,bare_gene_symbol,,,
MYCATRD22,C,bare_gene_symbol,,,
MYCCONSENSUSAT,D,descriptive_name,,,
MYCs,D,descriptive_name,,,
myeloperoxidase,D,descriptive_name,,,
myo-inositol 1-phosphate synthase,D,descriptive_name,,,
myo-inositol oxygenase,D,descriptive_name,,,
myo-inositol phosphate synthase,D,descriptive_name,,,
myo-inositol-1-phosphate synthase,D,descriptive_name,,,
myo-inositol-3-phosphate synthase,D,descriptive_name,,,
myo-inositol-phosphate synthase,D,descriptive_name,,,
myoinositol monophosphatase-like 1,D,descriptive_name,,,
Myosin XIK,D,descriptive_name,,,
myosin-5 protein,D,descriptive_name,,,
Myrcene synthase,D,descriptive_name,,,
myrcene synthases,D,descriptive_name,,,
myrosinase,D,descriptive_name,,,
myrosinase 2,D,descriptive_name,,,
myrosinase binding protein 1,D,descriptive_name,,,
myrosinase enzymes,D,descriptive_name,,,
myrosinases,D,descriptive_name,,,
N metabolism proteins,D,descriptive_name,,,
N transporter genes,D,descriptive_name,,,
N-acetyl-gamma-glutamyl-phosphate reductase,D,descriptive_name,,,
N-acetylserotonin O-methyltransferase,D,descriptive_name,,,
N-assimilatory proteins,D,descriptive_name,,,
N-carbamoyl putrescine amidase,D,descriptive_name,,,
N-carbamoylputrescine amidohydrolase,D,descriptive_name,,,
N-dependent heat stress responsive genes,D,descriptive_name,,,
N-glycan biosynthesis genes,D,descriptive_name,,,
N-glycan production genes,D,descriptive_name,,,
N-glycosidase,D,descriptive_name,,,
N-glycosyltransferases,D,descriptive_name,,,
N-hydroxycinnamoyl/benzoyltransferase,D,descriptive_name,,,
N-malonyltransferase,D,descriptive_name,,,
N-metabolism enzymes,D,descriptive_name,,,
N-metabolism proteins,D,descriptive_name,,,
N-methylputrescine oxidase,D,descriptive_name,,,
N-MYC down-regulated-like 1,D,descriptive_name,,,
N-myristoylation sites,D,descriptive_name,,,
N-succinyldiaminopimelate aminotransferase,D,descriptive_name,,,
N-terminal ATPase domain,D,descriptive_name,,,
N-terminal deletion fragments,D,descriptive_name,,,
N-terminal deletion mutants,D,descriptive_name,,,
N-terminal signal peptide,D,descriptive_name,,,
N-terminal truncated BrCAX genes,D,descriptive_name,,,
N. yezoensis GLP,D,descriptive_name,,,
N.39992,D,descriptive_name,,,
N10OMT,C,bare_gene_symbol,,,
N21-1,D,descriptive_name,,,
N22 allele,D,descriptive_name,,,
NA synthase,D,descriptive_name,,,
Na+ transport genes,D,descriptive_name,,,
Na+-ATPase,D,descriptive_name,,,
Na+-transporter,D,descriptive_name,,,
Na+/Ca2+ exchangers,D,descriptive_name,,,
Na+/H+ antiporter,D,descriptive_name,,,
Na+/H+ antiporters,D,descriptive_name,,,
Na+/H+ exchangers,D,descriptive_name,,,
Na+/K+-ATPase,D,descriptive_name,,,
Na+/SO42- family,D,descriptive_name,,,
Na+/SO42- transporter,D,descriptive_name,,,
NAC,C,bare_gene_symbol,,,
NAC domain gene,D,descriptive_name,,,
NAC domain protein,D,descriptive_name,,,
NAC domain protein gene,D,descriptive_name,,,
NAC domain proteins,D,descriptive_name,,,
NAC domain-containing protein JA2L,D,descriptive_name,,,
NAC factors,D,descriptive_name,,,
NAC family,D,descriptive_name,,,
NAC family members,D,descriptive_name,,,
NAC family transcription factor genes,D,descriptive_name,,,
NAC gene family,D,descriptive_name,,,
NAC genes,D,descriptive_name,,,
NAC protein,D,descriptive_name,,,
NAC TF 56,D,descriptive_name,,,
NAC transcription factor,D,descriptive_name,,,
NAC transcription factor 29,D,descriptive_name,,,
NAC transcription factor family,D,descriptive_name,,,
NAC transcription factors,D,descriptive_name,,,
NAC002,C,bare_gene_symbol,,,
NAC019,C,bare_gene_symbol,,,
NAC019-A1,D,descriptive_name,,,
NAC062,C,bare_gene_symbol,,,
NAC1,C,bare_gene_symbol,,,
NAC2,C,bare_gene_symbol,,,
Nac2 protein,D,descriptive_name,,,
NAC29,C,bare_gene_symbol,,,
NAC56,C,bare_gene_symbol,,,
NAC72,C,bare_gene_symbol,,,
NaCl-inducible genes,D,descriptive_name,,,
NACs,D,descriptive_name,,,
NAD gene family,D,descriptive_name,,,
NAD kinase,D,descriptive_name,,,
NAD synthetase,D,descriptive_name,,,
NAD transporter,D,descriptive_name,,,
NAD(H) dehydrogenases,D,descriptive_name,,,
NAD(P) binding rossmann-fold superfamily proteins,D,descriptive_name,,,
NAD(P)(H)-dependent oxidoreductases,D,descriptive_name,,,
NAD(P)-linked oxidoreductases,D,descriptive_name,,,
NAD(P)-MALATE DEHYDROGENASE,D,descriptive_name,,,
NAD(P)H dehydrogenase,D,descriptive_name,,,
NAD(P)H dehydrogenase (quinone),D,descriptive_name,,,
NAD(P)H dehydrogenase complex,D,descriptive_name,,,
NAD(P)H oxidase,D,descriptive_name,,,
NAD(P)H oxidases,D,descriptive_name,,,
NAD(P)H-dependent glyceraldehyde-3-phosphate dehydrogenase,D,descriptive_name,,,
NAD(P)H-dependent oxidase,D,descriptive_name,,,
NAD(P)H: oxygen oxidoreducase,D,descriptive_name,,,
NAD+-dependent MDHs,D,descriptive_name,,,
NAD-dependent,D,descriptive_name,,,
NAD-dependent enzymes,D,descriptive_name,,,
NAD-dependent epimerase/dehydratase family protein,D,descriptive_name,,,
NAD-dependent isocitrate dehydrogenase,D,descriptive_name,,,
NAD-dependent malate dehydrogenase,D,descriptive_name,,,
NAD-dependent malic enzyme,D,descriptive_name,,,
NAD-dependent malic enzyme 2,D,descriptive_name,,,
NAD-dependent MDH,D,descriptive_name,,,
NAD-GDH,D,descriptive_name,,,
NAD-malate dehydrogenase,D,descriptive_name,,,
NAD-MALIC ENZYME,D,descriptive_name,,,
NAD-MDH,D,descriptive_name,,,
NAD-ME,D,descriptive_name,,,
NAD-specific GDHs,D,descriptive_name,,,
NAD-specific glutamate dehydrogenase,D,descriptive_name,,,
NAD/FAD binding domain,D,descriptive_name,,,
nad1,D,descriptive_name,,,
nad2,D,descriptive_name,,,
NAD_5_Binding,D,descriptive_name,,,
NADAR,C,bare_gene_symbol,,,
NADH dehydrogenase,D,descriptive_name,,,
NADH dehydrogenase 2,D,descriptive_name,,,
NADH dehydrogenase genes,D,descriptive_name,,,
NADH dehydrogenase subunit 2,D,descriptive_name,,,
NADH dehydrogenase subunit 9,D,descriptive_name,,,
NADH dehydrogenases,D,descriptive_name,,,
NADH ubiquinone oxidoreductase,D,descriptive_name,,,
NADH ubiquinone oxidoreductases,D,descriptive_name,,,
NADH-dependent cytochrome b5 reductase,D,descriptive_name,,,
NADH-glutamate synthase,D,descriptive_name,,,
NADH-GOGAT,D,descriptive_name,,,
NADH-ubiquinone oxidoreductase,D,descriptive_name,,,
NaDH29,B,species_prefix_Na,Na,DH29,
NADH: ubiquinone oxidoreductase,D,descriptive_name,,,
NADH:plastoquinone dehydrogenase,D,descriptive_name,,,
NADH:plastoquinone dehydrogenase complex,D,descriptive_name,,,
NADH:ubiquinone oxidoreductase,D,descriptive_name,,,
NADK3,C,bare_gene_symbol,,,
NADP enzymes,D,descriptive_name,,,
NADP malic enzyme,D,descriptive_name,,,
NADP oxidase,D,descriptive_name,,,
NADP+ dependent form,D,descriptive_name,,,
NADP+-dependent isocitrate dehydrogenase,D,descriptive_name,,,
NADP+-dependent MDH,D,descriptive_name,,,
NADP-dependent,D,descriptive_name,,,
NADP-dependent D-sorbitol-6-phosphate dehydrogenase,D,descriptive_name,,,
NADP-dependent D-sorbitol-6-phosphate dehydrogenase-like protein,D,descriptive_name,,,
NADP-dependent enzymes,D,descriptive_name,,,
NADP-dependent farnesol dehydrogenase,D,descriptive_name,,,
NADP-dependent glyceraldehyde-3-phosphate dehydrogenase,D,descriptive_name,,,
NADP-dependent isocitrate dehydrogenase,D,descriptive_name,,,
NADP-dependent malic enzyme,D,descriptive_name,,,
NADP-dependent malic enzyme-like,D,descriptive_name,,,
NADP-GAPA,D,descriptive_name,,,
NADP-GAPDH,D,descriptive_name,,,
NADP-malate dehydrogenase,D,descriptive_name,,,
NADP-malate enzyme,D,descriptive_name,,,
NADP-malic enzyme,D,descriptive_name,,,
NADP-MDH,D,descriptive_name,,,
NADP-ME,D,descriptive_name,,,
NADP-ME1-4,D,descriptive_name,,,
NADP-ME3,D,descriptive_name,,,
NADP-S6PDH,D,descriptive_name,,,
NADP-specific glutamate dehydrogenases,D,descriptive_name,,,
NADPH,C,bare_gene_symbol,,,
NADPH oxidase,D,descriptive_name,,,
NADPH oxidase-related genes,D,descriptive_name,,,
NADPH oxidases,D,descriptive_name,,,
NADPH type II dehydrogenases,D,descriptive_name,,,
NADPH--cytochrome P450 reductase 1,D,descriptive_name,,,
NADPH-dependent acrolein-reducing enzyme,D,descriptive_name,,,
NADPH-dependent alkenal/one oxidoreductase,D,descriptive_name,,,
NADPH-dependent enzyme,D,descriptive_name,,,
NADPH-dependent enzymes,D,descriptive_name,,,
NADPH-dependent HC-toxin reductase,D,descriptive_name,,,
NADPH-dependent mannose 6-phosphate reductase,D,descriptive_name,,,
NADPH-dependent oxidase,D,descriptive_name,,,
NADPH-dependent reductase,D,descriptive_name,,,
NADPH-dependent thioredoxin reductase,D,descriptive_name,,,
NADPH-dependent thioredoxin reductase C,D,descriptive_name,,,
NADPH-oxidase,D,descriptive_name,,,
NADPH-protochlorophyllide oxidoreductase,D,descriptive_name,,,
NADPH-thioredoxin reductase,D,descriptive_name,,,
NADPH-ubiquinone oxidoreductase B3,D,descriptive_name,,,
NADPH: protochlorophyllide oxidoreductase,D,descriptive_name,,,
NADPH:Pchlide oxidoreductase A,D,descriptive_name,,,
NADPH:protochlorophyllide oxidoreductase,D,descriptive_name,,,
NADPH:quinone oxidoreductase type 2,D,descriptive_name,,,
NADPHox,D,descriptive_name,,,
NahG,D,descriptive_name,,,
NAI1,C,bare_gene_symbol,,,
NAL11,C,bare_gene_symbol,,,
NaLOX3,B,species_prefix_Na,Na,LOX3,
NAM,C,bare_gene_symbol,,,
NAM-B1,D,descriptive_name,,,
Nano luciferase,D,descriptive_name,,,
NAO1,C,bare_gene_symbol,,,
NAP,C,bare_gene_symbol,,,
napA-1,D,descriptive_name,,,
NAR,C,bare_gene_symbol,,,
naringenin 3-dioxygenase,D,descriptive_name,,,
"naringenin, 2-oxoglutarate 3-dioxygenase",D,descriptive_name,,,
naringenin-chalcone synthase,D,descriptive_name,,,
narK-1,D,descriptive_name,,,
NAS,C,bare_gene_symbol,,,
NAS genes,D,descriptive_name,,,
NAS methyltransferase,D,descriptive_name,,,
NAS1,C,bare_gene_symbol,,,
nascent polypeptides,D,descriptive_name,,,
nasD,D,descriptive_name,,,
Nat domain,D,descriptive_name,,,
NAT1,C,bare_gene_symbol,,,
NATA1,C,bare_gene_symbol,,,
NATH,C,bare_gene_symbol,,,
native CAT3,D,descriptive_name,,,
native functional proteins,D,descriptive_name,,,
native proteins,D,descriptive_name,,,
natural resistance-associated macrophage protein,D,descriptive_name,,,
NaWRKY70,B,species_prefix_Na,Na,WRKY70,
NB,E,noise_too_short,,,
NB-LRR protein,D,descriptive_name,,,
NbAOC,B,species_prefix_Nb,Nb,AOC,
NBD,C,bare_gene_symbol,,,
NbHSP90,B,species_prefix_Nb,Nb,HSP90,
NbHSP90s,B,species_prefix_Nb,Nb,HSP90s,
NbLOX3,B,species_prefix_Nb,Nb,LOX3,
NbMYB1,B,species_prefix_Nb,Nb,MYB1,
NbMYB306,B,species_prefix_Nb,Nb,MYB306,
NbMYB4,B,species_prefix_Nb,Nb,MYB4,
NbMYC1,B,species_prefix_Nb,Nb,MYC1,
NbNPR3,B,species_prefix_Nb,Nb,NPR3,
NbNPR3 protein,D,descriptive_name,,,
NbNPR3-Flag,B,species_prefix_Nb,Nb,NPR3-Flag,
NbP5CS 1,D,descriptive_name,,,
NbP5CS 2,D,descriptive_name,,,
NbPGLP,B,species_prefix_Nb,Nb,PGLP,
NbPLGG1,B,species_prefix_Nb,Nb,PLGG1,
NbProDH 1,D,descriptive_name,,,
NbProDH 2,D,descriptive_name,,,
NBR1,C,bare_gene_symbol,,,
NBS-LRR gene,D,descriptive_name,,,
NbV-inv 1,D,descriptive_name,,,
Nbv6.1trP1436,D,descriptive_name,,,
Nbv6.1trP41917,D,descriptive_name,,,
Nbv6.1trP52729,D,descriptive_name,,,
NCED,C,bare_gene_symbol,,,
NCED biosynthetic genes,D,descriptive_name,,,
NCED enzyme,D,descriptive_name,,,
NCED enzymes,D,descriptive_name,,,
NCED gene,D,descriptive_name,,,
NCED gene family,D,descriptive_name,,,
NCED genes,D,descriptive_name,,,
NCED proteins,D,descriptive_name,,,
NCED subfamily enzymes,D,descriptive_name,,,
NCED-mediated,D,descriptive_name,,,
NCED1,C,bare_gene_symbol,,,
NCED1-like,D,descriptive_name,,,
NCED1.1,C,bare_gene_symbol,,,
NCED1.2,C,bare_gene_symbol,,,
NCED1/5,D,descriptive_name,,,
NCED2,C,bare_gene_symbol,,,
NCED3,C,bare_gene_symbol,,,
NCED3 gene,D,descriptive_name,,,
NCED3-like,D,descriptive_name,,,
NCED4,C,bare_gene_symbol,,,
NCED5,C,bare_gene_symbol,,,
NCED6,C,bare_gene_symbol,,,
NCED9,C,bare_gene_symbol,,,
NCEDs,D,descriptive_name,,,
NCOA2,C,bare_gene_symbol,,,
NCR,C,bare_gene_symbol,,,
NCR peptides,D,descriptive_name,,,
NCR335,C,bare_gene_symbol,,,
Ncs2,C,bare_gene_symbol,,,
Ncs6,C,bare_gene_symbol,,,
NDB,C,bare_gene_symbol,,,
NDB family members,D,descriptive_name,,,
NDB1,C,bare_gene_symbol,,,
NDC1,C,bare_gene_symbol,,,
NDH,C,bare_gene_symbol,,,
NDH complex,D,descriptive_name,,,
NDH gene,D,descriptive_name,,,
NDH subunits,D,descriptive_name,,,
NDH-H,D,descriptive_name,,,
NDH-M,D,descriptive_name,,,
NDH-N,D,descriptive_name,,,
Ndh2,C,bare_gene_symbol,,,
ndhB,D,descriptive_name,,,
ndhC,D,descriptive_name,,,
NdhH,D,descriptive_name,,,
ndhJ,D,descriptive_name,,,
ndhK,D,descriptive_name,,,
NDHV,C,bare_gene_symbol,,,
ndk,D,descriptive_name,,,
NDP-glucose-starch glucosyltransferase,D,descriptive_name,,,
NDPK,C,bare_gene_symbol,,,
NDPK1,C,bare_gene_symbol,,,
NDPK2,C,bare_gene_symbol,,,
NDR1,C,bare_gene_symbol,,,
NDR1-RIN4 signaling node,D,descriptive_name,,,
NDs,D,descriptive_name,,,
ndv locus,D,descriptive_name,,,
ndvA,D,descriptive_name,,,
ndvB,D,descriptive_name,,,
NEC5,C,bare_gene_symbol,,,
Nectarin V,D,descriptive_name,,,
negative regulators,D,descriptive_name,,,
nematode effectors,D,descriptive_name,,,
nematode MiMIF-2,D,descriptive_name,,,
Neopyropia yezoensis,D,descriptive_name,,,
Neopyropia yezoensis germin-like protein,D,descriptive_name,,,
Neopyropia yezoensis GLP,D,descriptive_name,,,
neoxanthin synthase,D,descriptive_name,,,
nerolidol/linalool synthases,D,descriptive_name,,,
NES,C,bare_gene_symbol,,,
neural cell adhesion molecules,D,descriptive_name,,,
neurological enzymes,D,descriptive_name,,,
neutral invertase,D,descriptive_name,,,
neutral invertases,D,descriptive_name,,,
Never ripe,D,descriptive_name,,,
NF-kappaB,D,descriptive_name,,,
NF-X1-type zinc finger proteins,D,descriptive_name,,,
NF-Y,D,descriptive_name,,,
NF-Y genes,D,descriptive_name,,,
NF-Y proteins,D,descriptive_name,,,
NF-Y subunits,D,descriptive_name,,,
NF-Y transcription factors,D,descriptive_name,,,
NF-YA,D,descriptive_name,,,
NF-YB,D,descriptive_name,,,
NF-YB3 subunits,D,descriptive_name,,,
NF-YB9,D,descriptive_name,,,
NF-YC,D,descriptive_name,,,
NF-YC transcription factors,D,descriptive_name,,,
NF-Ys,D,descriptive_name,,,
NFYB,C,bare_gene_symbol,,,
NFκβ,D,descriptive_name,,,
NGA1,C,bare_gene_symbol,,,
NGAs,D,descriptive_name,,,
NH1,C,bare_gene_symbol,,,
NHX,C,bare_gene_symbol,,,
NHX Na+/H+ exchangers,D,descriptive_name,,,
NHX proteins,D,descriptive_name,,,
NHX1,C,bare_gene_symbol,,,
NHX1-6,D,descriptive_name,,,
NHX2,C,bare_gene_symbol,,,
NHX5,C,bare_gene_symbol,,,
NHX6,C,bare_gene_symbol,,,
NHX7,C,bare_gene_symbol,,,
NI,E,noise_too_short,,,
NIA1,C,bare_gene_symbol,,,
NIA2,C,bare_gene_symbol,,,
NIaPro,D,descriptive_name,,,
NIaPro domain,D,descriptive_name,,,
NIaPro domains,D,descriptive_name,,,
nickel superoxide dismutase,D,descriptive_name,,,
nicotianamide synthase,D,descriptive_name,,,
nicotianamine aminotransferase,D,descriptive_name,,,
nicotianamine synthase,D,descriptive_name,,,
Nicotinate N-methyltransferase,D,descriptive_name,,,
nicotinate phosphoribosyl transferase 1,D,descriptive_name,,,
nicotinate phosphoribosyltransferase,D,descriptive_name,,,
nicotinate-nucleotide diphosphorylase (carboxylating),D,descriptive_name,,,
Nictaba,D,descriptive_name,,,
Nictaba domain,D,descriptive_name,,,
Nictaba-like proteins,D,descriptive_name,,,
nif,D,descriptive_name,,,
nif genes,D,descriptive_name,,,
nif3-like,D,descriptive_name,,,
nifA,D,descriptive_name,,,
nifB,D,descriptive_name,,,
NifD,D,descriptive_name,,,
NifDKH,B,species_prefix_Nif,Nif,DKH,
NifH,D,descriptive_name,,,
nifH gene,D,descriptive_name,,,
NifK,D,descriptive_name,,,
nifU,D,descriptive_name,,,
NIGT1.1,C,bare_gene_symbol,,,
NIK1,C,bare_gene_symbol,,,
Nim1,C,bare_gene_symbol,,,
NIMIN,C,bare_gene_symbol,,,
NIN-LIKE PROTEIN,D,descriptive_name,,,
NIN-like protein 7,D,descriptive_name,,,
nine-cis-epoxycarotenoid dioxygenases,D,descriptive_name,,,
nInv,D,descriptive_name,,,
NIP,C,bare_gene_symbol,,,
NIP aquaporins,D,descriptive_name,,,
NIP1;1,D,descriptive_name,,,
NIP5,C,bare_gene_symbol,,,
NIP5;1,D,descriptive_name,,,
NIP6;1,D,descriptive_name,,,
NIPS,C,bare_gene_symbol,,,
NiR,D,descriptive_name,,,
NiR genes,D,descriptive_name,,,
NIR1,C,bare_gene_symbol,,,
nirS,D,descriptive_name,,,
nirS gene,D,descriptive_name,,,
NiSOD,B,species_prefix_Ni,Ni,SOD,
nit mutants,D,descriptive_name,,,
NIT1,C,bare_gene_symbol,,,
NIT1-subfamily,D,descriptive_name,,,
NIT2,C,bare_gene_symbol,,,
NIT3,C,bare_gene_symbol,,,
NIT4,C,bare_gene_symbol,,,
NIT4 family,D,descriptive_name,,,
nitrate assimilation genes,D,descriptive_name,,,
nitrate reductase,D,descriptive_name,,,
nitrate reductase 1,D,descriptive_name,,,
nitrate reductase 2,D,descriptive_name,,,
nitrate reductase gene,D,descriptive_name,,,
nitrate reductase genes,D,descriptive_name,,,
Nitrate Reductases,D,descriptive_name,,,
nitrate reduction gene cluster,D,descriptive_name,,,
NITRATE TRANSPORTER,D,descriptive_name,,,
nitrate transporter 1/peptide transporter,D,descriptive_name,,,
nitrate transporter 1:2,D,descriptive_name,,,
nitrate transporter gene,D,descriptive_name,,,
nitrate transporter gene families,D,descriptive_name,,,
nitrate transporter genes,D,descriptive_name,,,
nitrate transporters,D,descriptive_name,,,
nitrate-related genes,D,descriptive_name,,,
nitric acid synthase,D,descriptive_name,,,
nitric oxide synthase,D,descriptive_name,,,
Nitric-oxide synthase,D,descriptive_name,,,
nitrilase,D,descriptive_name,,,
nitrilase 1,D,descriptive_name,,,
Nitrilase 2,D,descriptive_name,,,
nitrilase 4,D,descriptive_name,,,
nitrilase enzymes,D,descriptive_name,,,
nitrilase-encoding transcripts,D,descriptive_name,,,
nitrilase1-subfamily,D,descriptive_name,,,
nitrilases,D,descriptive_name,,,
nitrile specifier protein 5,D,descriptive_name,,,
nitrile-specifier proteins,D,descriptive_name,,,
Nitrite reductase,D,descriptive_name,,,
Nitrite reductase 1,D,descriptive_name,,,
Nitrite Reductases,D,descriptive_name,,,
nitrogen metabolism enzymes,D,descriptive_name,,,
nitrogen transporter,D,descriptive_name,,,
nitrogen transporter genes,D,descriptive_name,,,
nitrogen transporters,D,descriptive_name,,,
nitrogen-fixation genes,D,descriptive_name,,,
nitrogen-processing genes,D,descriptive_name,,,
nitrogen-related proteins,D,descriptive_name,,,
nitrogen-responsive,D,descriptive_name,,,
nitrogen-responsive DEGs,D,descriptive_name,,,
nitrogen-responsive differentially expressed genes,D,descriptive_name,,,
Nitrogen-responsive genes,D,descriptive_name,,,
nitrogenase,D,descriptive_name,,,
nitrogenase complex,D,descriptive_name,,,
nitrogenase enzyme complex,D,descriptive_name,,,
nitrogenase enzymes,D,descriptive_name,,,
Nitronate monooxygenase,D,descriptive_name,,,
nitrous oxide reductase,D,descriptive_name,,,
NLP,C,bare_gene_symbol,,,
NLP-HSF,D,descriptive_name,,,
NLP7,C,bare_gene_symbol,,,
NLPs,D,descriptive_name,,,
NLR,C,bare_gene_symbol,,,
NLR gene,D,descriptive_name,,,
NLR proteins,D,descriptive_name,,,
NLRs,D,descriptive_name,,,
NLS,C,bare_gene_symbol,,,
nLUC,D,descriptive_name,,,
nLUC-AeHSFA2-2,D,descriptive_name,,,
nLUC-DAO,D,descriptive_name,,,
nLUC-DAO reporter protein,D,descriptive_name,,,
nLUC-DAO transgene,D,descriptive_name,,,
NM genes,D,descriptive_name,,,
NM_001154967,A,refseq_id,,,
NMig1,C,bare_gene_symbol,,,
NMO,C,bare_gene_symbol,,,
NmrA-like protein,D,descriptive_name,,,
NmrA-like proteins,D,descriptive_name,,,
NMT,C,bare_gene_symbol,,,
NnABF2,B,species_prefix_Nn,Nn,ABF2,
NnANS,B,species_prefix_Nn,Nn,ANS,
NnCADs,B,species_prefix_Nn,Nn,CADs,
NnCesA,B,species_prefix_Nn,Nn,CesA,
NnCHS,B,species_prefix_Nn,Nn,CHS,
NnGBSS1,B,species_prefix_Nn,Nn,GBSS1,
NnNOL,B,species_prefix_Nn,Nn,NOL,
NnNYC1,B,species_prefix_Nn,Nn,NYC1,
NnPER1,B,species_prefix_Nn,Nn,PER1,
NnPYL4,B,species_prefix_Nn,Nn,PYL4,
NnPYL8,B,species_prefix_Nn,Nn,PYL8,
NnSBE2,B,species_prefix_Nn,Nn,SBE2,
NnSGR1,B,species_prefix_Nn,Nn,SGR1,
NnSUS4,B,species_prefix_Nn,Nn,SUS4,
NO synthase,D,descriptive_name,,,
NO-associated protein,D,descriptive_name,,,
NO-producing proteins,D,descriptive_name,,,
NO3– transporters,D,descriptive_name,,,
NOA1,C,bare_gene_symbol,,,
nod,D,descriptive_name,,,
nod genes,D,descriptive_name,,,
Nod26-like intrinsic proteins,D,descriptive_name,,,
nodA,D,descriptive_name,,,
nodC,D,descriptive_name,,,
nodD,D,descriptive_name,,,
nodS,D,descriptive_name,,,
nodulation (nod) genes,D,descriptive_name,,,
nodulation genes,D,descriptive_name,,,
nodule protein 26,D,descriptive_name,,,
nodule-specific cysteine-rich,D,descriptive_name,,,
nodule-specific promoters,D,descriptive_name,,,
nodulin 26-like intrinsic protein,D,descriptive_name,,,
Nodulin26-like intrinsic proteins,D,descriptive_name,,,
NofOSCA gene family,D,descriptive_name,,,
NOL,C,bare_gene_symbol,,,
non-A-type clans,D,descriptive_name,,,
non-catalytic auxin carriers,D,descriptive_name,,,
non-coding RNA,D,descriptive_name,,,
non-coding RNAs,D,descriptive_name,,,
non-enzymatic,D,descriptive_name,,,
non-enzymatic antioxidant,D,descriptive_name,,,
non-enzymatic antioxidants,D,descriptive_name,,,
non-enzymatic systems,D,descriptive_name,,,
NON-EXPRESSOR OF PR GENES1,D,descriptive_name,,,
non-fermenting-related kinase-1,D,descriptive_name,,,
non-photosynthetic defense,D,descriptive_name,,,
non-photosynthetic proteins,D,descriptive_name,,,
non-ribosomal peptide synthetase,D,descriptive_name,,,
non-ribosomal peptide synthetases,D,descriptive_name,,,
non-Rubisco leaf proteins,D,descriptive_name,,,
non-Rubisco protein,D,descriptive_name,,,
non-Rubisco proteins,D,descriptive_name,,,
non-selective cation channels,D,descriptive_name,,,
non-soluble,D,descriptive_name,,,
non-soluble fatty acid desaturase,D,descriptive_name,,,
non-specific acid phosphatase,D,descriptive_name,,,
non-specific Ca transporters,D,descriptive_name,,,
non-specific lipid transfer proteins,D,descriptive_name,,,
non-specific lipid-transfer protein-1,D,descriptive_name,,,
non-specific lipid-transfer proteins,D,descriptive_name,,,
non-specific phospholipase C,D,descriptive_name,,,
non-specific phospholipase C protein family,D,descriptive_name,,,
non-stress proteins,D,descriptive_name,,,
non-symbiotic hemoglobins,D,descriptive_name,,,
nonenzymatic antioxidants,D,descriptive_name,,,
nonsymbiotic hemoglobin,D,descriptive_name,,,
nonsymbiotic hemoglobin family gene,D,descriptive_name,,,
nonsymbiotic hemoglobin gene,D,descriptive_name,,,
NOP1,C,bare_gene_symbol,,,
NOP56,C,bare_gene_symbol,,,
NOP58,C,bare_gene_symbol,,,
nor/nor,D,descriptive_name,,,
NOS,C,bare_gene_symbol,,,
nosZ,D,descriptive_name,,,
Notabilis,D,descriptive_name,,,
novel 104,D,descriptive_name,,,
novel 120,D,descriptive_name,,,
novel 214,D,descriptive_name,,,
novel 359,D,descriptive_name,,,
novel 522,D,descriptive_name,,,
novel-m0008-5p,D,descriptive_name,,,
novel-m0258-5p,D,descriptive_name,,,
novel_miR_216,D,descriptive_name,,,
novel_miR_358,D,descriptive_name,,,
novel_miR_368,D,descriptive_name,,,
novel_miR_39,D,descriptive_name,,,
novel_miR_455,D,descriptive_name,,,
NOX,C,bare_gene_symbol,,,
Nox gene,D,descriptive_name,,,
Nox genes,D,descriptive_name,,,
Nox proteins,D,descriptive_name,,,
nox1,D,descriptive_name,,,
NOX1-3,D,descriptive_name,,,
Noxs,D,descriptive_name,,,
NP1,C,bare_gene_symbol,,,
NP_001233972.1,A,refseq_id,,,
NPC,C,bare_gene_symbol,,,
NPC1,C,bare_gene_symbol,,,
NPC1:GFP,D,descriptive_name,,,
NPC1:GFP fusion protein,D,descriptive_name,,,
NPC2,C,bare_gene_symbol,,,
NPC3,C,bare_gene_symbol,,,
NPC4,C,bare_gene_symbol,,,
NPC5,C,bare_gene_symbol,,,
NPC6,C,bare_gene_symbol,,,
NPCs,D,descriptive_name,,,
NPF family,D,descriptive_name,,,
NPF gene family,D,descriptive_name,,,
NPP,C,bare_gene_symbol,,,
NPP enzymes,D,descriptive_name,,,
NPP1,C,bare_gene_symbol,,,
NPP1-GFP fusion proteins,D,descriptive_name,,,
NPP2,C,bare_gene_symbol,,,
NPP6,C,bare_gene_symbol,,,
NPPs,D,descriptive_name,,,
npq1,D,descriptive_name,,,
npq2-2,D,descriptive_name,,,
npq4,D,descriptive_name,,,
NPR,C,bare_gene_symbol,,,
NPR1,C,bare_gene_symbol,,,
npr1 mutants,D,descriptive_name,,,
NPR1 protein,D,descriptive_name,,,
NPR1 proteins,D,descriptive_name,,,
NPR1 regulator,D,descriptive_name,,,
npr1-1,D,descriptive_name,,,
npr1-5,D,descriptive_name,,,
NPR1-related genes,D,descriptive_name,,,
NPR2,C,bare_gene_symbol,,,
NPR3,C,bare_gene_symbol,,,
NPR3-like,D,descriptive_name,,,
nprd1,D,descriptive_name,,,
nptII,D,descriptive_name,,,
NR,E,noise_too_short,,,
Nr/Nr,D,descriptive_name,,,
NR1,C,bare_gene_symbol,,,
NR2,C,bare_gene_symbol,,,
NR412,C,bare_gene_symbol,,,
NRAMP,C,bare_gene_symbol,,,
NRAMP genes,D,descriptive_name,,,
NRAMP3,C,bare_gene_symbol,,,
NRAMP4,C,bare_gene_symbol,,,
NRAMP6,C,bare_gene_symbol,,,
NRAMP6 gene,D,descriptive_name,,,
Nrf2,C,bare_gene_symbol,,,
NRKe,D,descriptive_name,,,
NRP,C,bare_gene_symbol,,,
NRP gene,D,descriptive_name,,,
NRP proteins,D,descriptive_name,,,
nrp1nrp2,D,descriptive_name,,,
nrpb2-3,D,descriptive_name,,,
nrpd1,D,descriptive_name,,,
NRPs,D,descriptive_name,,,
NRPS clusters,D,descriptive_name,,,
NRPS families,D,descriptive_name,,,
NRPS-putative fatty acid hybrids,D,descriptive_name,,,
NRPSs,D,descriptive_name,,,
NRT,C,bare_gene_symbol,,,
NRT family proteins,D,descriptive_name,,,
NRT genes,D,descriptive_name,,,
NRT proteins,D,descriptive_name,,,
NRT/NPF family proteins,D,descriptive_name,,,
NRT/NPF protein family,D,descriptive_name,,,
NRT1,C,bare_gene_symbol,,,
NRT1 genes,D,descriptive_name,,,
NRT1 members,D,descriptive_name,,,
NRT1.1,C,bare_gene_symbol,,,
NRT1.2,C,bare_gene_symbol,,,
NRT1.4,C,bare_gene_symbol,,,
NRT1/POT,D,descriptive_name,,,
NRT1/PTR,D,descriptive_name,,,
NRT1/PTR family,D,descriptive_name,,,
NRT1/PTR family proteins,D,descriptive_name,,,
NRT1/PTR protein family,D,descriptive_name,,,
NRT1/PTR proteins,D,descriptive_name,,,
NRT1:2,D,descriptive_name,,,
NRT2,C,bare_gene_symbol,,,
NRT2.1,C,bare_gene_symbol,,,
NRT2.4,C,bare_gene_symbol,,,
NRT2.5,C,bare_gene_symbol,,,
NRT2.6,C,bare_gene_symbol,,,
nsLTP,D,descriptive_name,,,
nsLTPs,D,descriptive_name,,,
NSP5,C,bare_gene_symbol,,,
NSPI transcription factor,D,descriptive_name,,,
NsSOD,B,species_prefix_Ns,Ns,SOD,
NST1,C,bare_gene_symbol,,,
NSY,C,bare_gene_symbol,,,
NtABRE,B,species_prefix_Nt,Nt,ABRE,
NtACC deaminase,D,descriptive_name,,,
NtACC Oxidase,D,descriptive_name,,,
NtACS,B,species_prefix_Nt,Nt,ACS,
NtACS1,B,species_prefix_Nt,Nt,ACS1,
NtACS6,B,species_prefix_Nt,Nt,ACS6,
NtAOC,B,species_prefix_Nt,Nt,AOC,
NtAOS,B,species_prefix_Nt,Nt,AOS,
NtAPX,B,species_prefix_Nt,Nt,APX,
NtAREB1,B,species_prefix_Nt,Nt,AREB1,
NtARF1,B,species_prefix_Nt,Nt,ARF1,
NtARF2,B,species_prefix_Nt,Nt,ARF2,
NtATX1,B,species_prefix_Nt,Nt,ATX1,
NtBAG,B,species_prefix_Nt,Nt,BAG,
NtBAG gene,D,descriptive_name,,,
NtBAG genes,D,descriptive_name,,,
NtBAG3a,B,species_prefix_Nt,Nt,BAG3a,
NtBAG5c,B,species_prefix_Nt,Nt,BAG5c,
NtBAG7,B,species_prefix_Nt,Nt,BAG7,
NtbHLH,B,species_prefix_Ntb,Ntb,HLH,
NtbHLH protein,D,descriptive_name,,,
NtBRI1,B,species_prefix_Nt,Nt,BRI1,
NtBZR1,B,species_prefix_Nt,Nt,BZR1,
NtCAT,B,species_prefix_Nt,Nt,CAT,
NtCAT1,B,species_prefix_Nt,Nt,CAT1,
NtCCD,B,species_prefix_Nt,Nt,CCD,
NtCCD gene,D,descriptive_name,,,
NtCCD genes,D,descriptive_name,,,
NtCCD promoters,D,descriptive_name,,,
NtCCD1,B,species_prefix_Nt,Nt,CCD1,
NtCCD4,B,species_prefix_Nt,Nt,CCD4,
NtCCD4b,B,species_prefix_Nt,Nt,CCD4b,
NtCCD4c,B,species_prefix_Nt,Nt,CCD4c,
NtCCD7,B,species_prefix_Nt,Nt,CCD7,
NtCCD8,B,species_prefix_Nt,Nt,CCD8,
NtCCD8a,B,species_prefix_Nt,Nt,CCD8a,
NtCCD8b,B,species_prefix_Nt,Nt,CCD8b,
NtCCDLb,B,species_prefix_Nt,Nt,CCDLb,
NtCCDLc,B,species_prefix_Nt,Nt,CCDLc,
NtCCDs,B,species_prefix_Nt,Nt,CCDs,
NtCDC48,B,species_prefix_Nt,Nt,CDC48,
NtCHS-6,B,species_prefix_Nt,Nt,CHS-6,
NtCKX genes,D,descriptive_name,,,
NtCOMT1,B,species_prefix_Nt,Nt,COMT1,
NtCP1,B,species_prefix_Nt,Nt,CP1,
NtCPS2,B,species_prefix_Nt,Nt,CPS2,
NtDHAR,B,species_prefix_Nt,Nt,DHAR,
NtDOG1L-T,B,species_prefix_Nt,Nt,DOG1L-T,
NtDREB3,B,species_prefix_Nt,Nt,DREB3,
NtDXR,B,species_prefix_Nt,Nt,DXR,
NtEFE26,B,species_prefix_Nt,Nt,EFE26,
NtERD10A/B/C/D,D,descriptive_name,,,
NtERF genes,D,descriptive_name,,,
NtFPS,B,species_prefix_Nt,Nt,FPS,
NtGA20ox,B,species_prefix_Nt,Nt,GA20ox,
NtGA2ox,B,species_prefix_Nt,Nt,GA2ox,
NtGGPS,B,species_prefix_Nt,Nt,GGPS,
NtGPDL,B,species_prefix_Nt,Nt,GPDL,
NtGR,D,descriptive_name,,,
NtHKT,B,species_prefix_Nt,Nt,HKT,
NtHKT555,B,species_prefix_Nt,Nt,HKT555,
NtHKT555/586,D,descriptive_name,,,
NtHKT586,B,species_prefix_Nt,Nt,HKT586,
NtHMGR,B,species_prefix_Nt,Nt,HMGR,
NtHSP101,B,species_prefix_Nt,Nt,HSP101,
NtHSP16.9,D,descriptive_name,,,
NtHSP17.6,D,descriptive_name,,,
NtHSP18.2,D,descriptive_name,,,
NtHSP70,B,species_prefix_Nt,Nt,HSP70,
NtHSP82,B,species_prefix_Nt,Nt,HSP82,
NtHSP90,B,species_prefix_Nt,Nt,HSP90,
NtHSP90 gene family,D,descriptive_name,,,
NtHSP90 proteins,D,descriptive_name,,,
NtHSP90-4,B,species_prefix_Nt,Nt,HSP90-4,
NtHSP90-5,B,species_prefix_Nt,Nt,HSP90-5,
NtHSP90-6,B,species_prefix_Nt,Nt,HSP90-6,
NtHSP90-7,B,species_prefix_Nt,Nt,HSP90-7,
NtHSP90-9,B,species_prefix_Nt,Nt,HSP90-9,
NtIAA14,B,species_prefix_Nt,Nt,IAA14,
NtJAZ1,B,species_prefix_Nt,Nt,JAZ1,
NtJAZ1-GFP,B,species_prefix_Nt,Nt,JAZ1-GFP,
NtJAZ1ΔC,D,descriptive_name,,,
NTL4,C,bare_gene_symbol,,,
NTL6,C,bare_gene_symbol,,,
NtLEA5,B,species_prefix_Nt,Nt,LEA5,
NtLOX,B,species_prefix_Nt,Nt,LOX,
NtLTP1,B,species_prefix_Nt,Nt,LTP1,
NtMT2F,B,species_prefix_Nt,Nt,MT2F,
NtMYB12,B,species_prefix_Nt,Nt,MYB12,
NtMYB12-1,B,species_prefix_Nt,Nt,MYB12-1,
NtMYB12-2,B,species_prefix_Nt,Nt,MYB12-2,
NtMYB12-3,B,species_prefix_Nt,Nt,MYB12-3,
NtMYC1,B,species_prefix_Nt,Nt,MYC1,
NtMYC2,B,species_prefix_Nt,Nt,MYC2,
NtMYC2a,B,species_prefix_Nt,Nt,MYC2a,
NtNAC,B,species_prefix_Nt,Nt,NAC,
NtNCED genes,D,descriptive_name,,,
NtNCED1,B,species_prefix_Nt,Nt,NCED1,
NtNCED2,B,species_prefix_Nt,Nt,NCED2,
NtNCED3,B,species_prefix_Nt,Nt,NCED3,
NtNCED3a/b,D,descriptive_name,,,
NtNCED5,B,species_prefix_Nt,Nt,NCED5,
NtNCED5a/b,D,descriptive_name,,,
NtNTR1,B,species_prefix_Nt,Nt,NTR1,
NtOPR,B,species_prefix_Nt,Nt,OPR,
NTP diphosphohydrolase,D,descriptive_name,,,
NtP5CS,B,species_prefix_Nt,Nt,P5CS,
NtPAL-1,B,species_prefix_Nt,Nt,PAL-1,
NTPases,D,descriptive_name,,,
NTPDase,D,descriptive_name,,,
NtPHYA1,B,species_prefix_Nt,Nt,PHYA1,
NtPIN 1,D,descriptive_name,,,
NtPIN 2,D,descriptive_name,,,
NtPIN1,B,species_prefix_Nt,Nt,PIN1,
NtPIN1a,B,species_prefix_Nt,Nt,PIN1a,
NtPIN1c,B,species_prefix_Nt,Nt,PIN1c,
NtPIN2,B,species_prefix_Nt,Nt,PIN2,
NtPIN3,B,species_prefix_Nt,Nt,PIN3,
NtPIP2;1,D,descriptive_name,,,
NtPMT1,B,species_prefix_Nt,Nt,PMT1,
NtPOD,B,species_prefix_Nt,Nt,POD,
NtPOD1,B,species_prefix_Nt,Nt,POD1,
NtPP2c4,B,species_prefix_Nt,Nt,PP2c4,
NtPR,D,descriptive_name,,,
NtPR gene,D,descriptive_name,,,
NtPRp27,B,species_prefix_Nt,Nt,PRp27,
NtPT1,B,species_prefix_Nt,Nt,PT1,
NtPT2,B,species_prefix_Nt,Nt,PT2,
NtRbohD,B,species_prefix_Nt,Nt,RbohD,
NTRC,C,bare_gene_symbol,,,
NtSEB1,B,species_prefix_Nt,Nt,SEB1,
NtSNAT1,B,species_prefix_Nt,Nt,SNAT1,
NtSNAT2,B,species_prefix_Nt,Nt,SNAT2,
NtSOD,B,species_prefix_Nt,Nt,SOD,
NtSOD1,B,species_prefix_Nt,Nt,SOD1,
NtSOS,B,species_prefix_Nt,Nt,SOS,
NtSPS,B,species_prefix_Nt,Nt,SPS,
NtTIP,B,species_prefix_Nt,Nt,TIP,
NtWRKY65,B,species_prefix_Nt,Nt,WRKY65,
NtYUCCA 6,D,descriptive_name,,,
NtYUCCA 8,D,descriptive_name,,,
NtYUCCA6,B,species_prefix_Nt,Nt,YUCCA6,
NtYUCCA8,B,species_prefix_Nt,Nt,YUCCA8,
NUC1,C,bare_gene_symbol,,,
nuclear export signals,D,descriptive_name,,,
Nuclear Factor Y,D,descriptive_name,,,
"Nuclear factor-Y, B subunit",D,descriptive_name,,,
nuclear factors,D,descriptive_name,,,
nuclear localization signals,D,descriptive_name,,,
nuclear protein,D,descriptive_name,,,
nuclear proteins,D,descriptive_name,,,
nuclear transcription factor,D,descriptive_name,,,
nuclear-encoded genes,D,descriptive_name,,,
nuclear-localized protein,D,descriptive_name,,,
nucleases,D,descriptive_name,,,
nucleic acids,D,descriptive_name,,,
nucleobase ascorbate transporter gene,D,descriptive_name,,,
nucleobase-ascorbate transporter 12 gene,D,descriptive_name,,,
Nucleoredoxin,D,descriptive_name,,,
nucleoredoxin1,D,descriptive_name,,,
Nucleoside diphosphate kinase,D,descriptive_name,,,
nucleoside diphosphate kinase 1,D,descriptive_name,,,
nucleoside triphosphate diphosphohydrolase,D,descriptive_name,,,
nucleoside triphosphate diphosphohydrolases,D,descriptive_name,,,
nucleotidases,D,descriptive_name,,,
nucleotide exchange factors,D,descriptive_name,,,
nucleotide pyrophosphatase/phosphodiesterase,D,descriptive_name,,,
nucleotide-binding (NB) leucine-rich repeat (LRR) receptor-like serine threonine-kinase genes,D,descriptive_name,,,
nucleotide-binding and leucine-rich repeat proteins,D,descriptive_name,,,
nucleotide-binding leucine-rich repeat proteins,D,descriptive_name,,,
nucleus-localized protein,D,descriptive_name,,,
NudC domain protein,D,descriptive_name,,,
NUDIX enzymes,D,descriptive_name,,,
Nudix hydrolases,D,descriptive_name,,,
NUDT17,C,bare_gene_symbol,,,
NUDX1,C,bare_gene_symbol,,,
NUDX1 enzyme,D,descriptive_name,,,
nutrient transport genes,D,descriptive_name,,,
nutrient transporters,D,descriptive_name,,,
NYC,C,bare_gene_symbol,,,
NYC1,C,bare_gene_symbol,,,
NYC1/NOL,D,descriptive_name,,,
NYC3,C,bare_gene_symbol,,,
NYE,C,bare_gene_symbol,,,
NyHSP70-1,B,species_prefix_Ny,Ny,HSP70-1,
NyHSP70-2,B,species_prefix_Ny,Ny,HSP70-2,
NyHTR2,B,species_prefix_Ny,Ny,HTR2,
NyHTR2L,B,species_prefix_Ny,Ny,HTR2L,
NyMBF1,B,species_prefix_Ny,Ny,MBF1,
O-acetyl-serine (thiol) lyase,D,descriptive_name,,,
O-acetylserine (thio) lyase,D,descriptive_name,,,
O-ACETYLSERINE (THIOL) LYASE ISOFORM A1,D,descriptive_name,,,
O-acetylserine (thiol)lyase B,D,descriptive_name,,,
O-acetylserine sulphydrolase,D,descriptive_name,,,
O-acetylserine thiol lyase,D,descriptive_name,,,
O-acyltransferase WSD,D,descriptive_name,,,
O-acyltransferase WSD1,D,descriptive_name,,,
O-glycosylation gene,D,descriptive_name,,,
O-methyl transferase 1,D,descriptive_name,,,
O-methyl transferase family 2 proteins,D,descriptive_name,,,
O-methyltransferase,D,descriptive_name,,,
O-METHYLTRANSFERASE 1,D,descriptive_name,,,
O-methyltransferases,D,descriptive_name,,,
O2,E,noise_too_short,,,
O2 evolving complex,D,descriptive_name,,,
O22958,A,uniprot_accession,,,
O3,E,noise_too_short,,,
O3-GFP,D,descriptive_name,,,
OAS thiol-lyase,D,descriptive_name,,,
OAS-TL,D,descriptive_name,,,
OASA1,C,bare_gene_symbol,,,
OASTL4,C,bare_gene_symbol,,,
OAT,C,bare_gene_symbol,,,
OBL,C,bare_gene_symbol,,,
OBP2,C,bare_gene_symbol,,,
OBP3,C,bare_gene_symbol,,,
OBP4,C,bare_gene_symbol,,,
obtusifoliol 14-alpha-demethylase,D,descriptive_name,,,
obtusifoliol 14α-demethylase,D,descriptive_name,,,
OceIF2,B,species_prefix_Oce,Oce,IF2,
OCT2,C,bare_gene_symbol,,,
Octadecanal decarbonylase,D,descriptive_name,,,
octaketide synthase,D,descriptive_name,,,
ODBA1,C,bare_gene_symbol,,,
ODC,C,bare_gene_symbol,,,
ODC1,C,bare_gene_symbol,,,
ODC1/2,D,descriptive_name,,,
ODC2,C,bare_gene_symbol,,,
OE6A007392,C,bare_gene_symbol,,,
OeACC1,B,species_prefix_Oe,Oe,ACC1,
OEC,C,bare_gene_symbol,,,
OEC subunits,D,descriptive_name,,,
OeDGAT1,B,species_prefix_Oe,Oe,DGAT1,
OeDGAT2,B,species_prefix_Oe,Oe,DGAT2,
OeDHN1,B,species_prefix_Oe,Oe,DHN1,
OeDof4,B,species_prefix_Oe,Oe,Dof4,
OeDof4.3,D,descriptive_name,,,
OEE,C,bare_gene_symbol,,,
OEE proteins,D,descriptive_name,,,
OEE1,C,bare_gene_symbol,,,
OeFAD2 genes,D,descriptive_name,,,
OeFAD3 genes,D,descriptive_name,,,
OEGD,C,bare_gene_symbol,,,
OeGPAT,B,species_prefix_Oe,Oe,GPAT,
OeGPDH,B,species_prefix_Oe,Oe,GPDH,
oeGSNOR,D,descriptive_name,,,
OeHSP18.3,D,descriptive_name,,,
OePDAT gene family,D,descriptive_name,,,
OePDCT,B,species_prefix_Oe,Oe,PDCT,
OePIP1.1,D,descriptive_name,,,
OeWRI1,B,species_prefix_Oe,Oe,WRI1,
OeWRI1.1,D,descriptive_name,,,
OfCCD1,B,species_prefix_Of,Of,CCD1,
OfCCD4,B,species_prefix_Of,Of,CCD4,
OfCCD4-1,B,species_prefix_Of,Of,CCD4-1,
OfCHYB2,B,species_prefix_Of,Of,CHYB2,
OfLCYB1,B,species_prefix_Of,Of,LCYB1,
OfNCED3,B,species_prefix_Of,Of,NCED3,
OfNSY1,B,species_prefix_Of,Of,NSY1,
OFP1,C,bare_gene_symbol,,,
OfPSY1,B,species_prefix_Of,Of,PSY1,
OfVDE1,B,species_prefix_Of,Of,VDE1,
OfZ-ISO1,D,descriptive_name,,,
OfZEP1,B,species_prefix_Of,Of,ZEP1,
OGDH,C,bare_gene_symbol,,,
OGG1,C,bare_gene_symbol,,,
OgLEAFY,B,species_prefix_Og,Og,LEAFY,
ohr,D,descriptive_name,,,
ohrR repressor,D,descriptive_name,,,
oil biosynthetic enzymes,D,descriptive_name,,,
OKS,C,bare_gene_symbol,,,
oleate desaturase,D,descriptive_name,,,
oleate desaturase enzyme,D,descriptive_name,,,
OLEOSIN,C,bare_gene_symbol,,,
oleosin-5,D,descriptive_name,,,
oleosins,D,descriptive_name,,,
oleoyl-ACP thioesterase,D,descriptive_name,,,
oleoyl-PC desaturase,D,descriptive_name,,,
Oligopeptide transporters,D,descriptive_name,,,
oligosaccharide transferase,D,descriptive_name,,,
oligosaccharyltransferase,D,descriptive_name,,,
olsC gene,D,descriptive_name,,,
Omega class GST,D,descriptive_name,,,
Omega-3,D,descriptive_name,,,
omega-3 fatty acid desaturase,D,descriptive_name,,,
Omega-6,D,descriptive_name,,,
omega-6 desaturase,D,descriptive_name,,,
omega-6 desaturase enzyme,D,descriptive_name,,,
omega-6 fatty acid desaturase,D,descriptive_name,,,
omega-6 fatty acid desaturases,D,descriptive_name,,,
omega-hydroxypalmitate O-feruloyl transferase,D,descriptive_name,,,
OMT,C,bare_gene_symbol,,,
OMT family,D,descriptive_name,,,
OMT gene family,D,descriptive_name,,,
OMT genes,D,descriptive_name,,,
OMT1,C,bare_gene_symbol,,,
OMT1 translocator,D,descriptive_name,,,
OMTa,D,descriptive_name,,,
OMTs,D,descriptive_name,,,
ONAC023,C,bare_gene_symbol,,,
ONAC023-FLAG,D,descriptive_name,,,
ONAC023–YFP,D,descriptive_name,,,
ONAC066,C,bare_gene_symbol,,,
Oncidium ascorbate peroxidase,D,descriptive_name,,,
Oncidium CytAPX1,D,descriptive_name,,,
onco-proteins,D,descriptive_name,,,
one,D,descriptive_name,,,
ONSEN,C,bare_gene_symbol,,,
OnWRKY1,B,species_prefix_On,On,WRKY1,
OOP,C,bare_gene_symbol,,,
OPCL1,C,bare_gene_symbol,,,
OPDA reductase,D,descriptive_name,,,
OPDA reductase3,D,descriptive_name,,,
OPDA-responsive genes,D,descriptive_name,,,
OPDR,C,bare_gene_symbol,,,
OPEN STOMATA 1,D,descriptive_name,,,
OPEN STOMATA1,D,descriptive_name,,,
OPLAH,C,bare_gene_symbol,,,
OPR,C,bare_gene_symbol,,,
OPR enzymes,D,descriptive_name,,,
OPR gene,D,descriptive_name,,,
OPR transcripts,D,descriptive_name,,,
OPR1,C,bare_gene_symbol,,,
OPR2,C,bare_gene_symbol,,,
OPR3,C,bare_gene_symbol,,,
OPR7,C,bare_gene_symbol,,,
OPRs,D,descriptive_name,,,
OPT superfamily,D,descriptive_name,,,
opu,D,descriptive_name,,,
opuC,D,descriptive_name,,,
opuD,D,descriptive_name,,,
Or,E,noise_too_short,,,
Or gene,D,descriptive_name,,,
Or genes,D,descriptive_name,,,
Or protein,D,descriptive_name,,,
Or proteins,D,descriptive_name,,,
ORA47,C,bare_gene_symbol,,,
Orange,D,descriptive_name,,,
Orange gene,D,descriptive_name,,,
Orange protein,D,descriptive_name,,,
ORE1,C,bare_gene_symbol,,,
ORGANELLAR OLIGOPEPTIDASE,D,descriptive_name,,,
organellar translation inhibitor,D,descriptive_name,,,
organic acid transmembrane transporter,D,descriptive_name,,,
organic hydroperoxide resistance (ohr) genes,D,descriptive_name,,,
organomercurial lyase,D,descriptive_name,,,
ornithine aminotransferase,D,descriptive_name,,,
ornithine cyclodeaminase,D,descriptive_name,,,
ornithine decarboxylase,D,descriptive_name,,,
ornithine δ-aminotransferase,D,descriptive_name,,,
ORR22,C,bare_gene_symbol,,,
ORR23,C,bare_gene_symbol,,,
ortholog of AtCML37,D,descriptive_name,,,
orthologs,D,descriptive_name,,,
Os01g0192300,A,rice_locus_rap,,,
Os01g0382400,A,rice_locus_rap,,,
Os01g0923750,A,rice_locus_rap,,,
Os01g0971800,A,rice_locus_rap,,,
Os01g74110,C,bare_gene_symbol,,,
Os02g0110101,A,rice_locus_rap,,,
Os02g0518000,A,rice_locus_rap,,,
Os02g0611200,A,rice_locus_rap,,,
Os02g0622500,A,rice_locus_rap,,,
Os02g0630475,A,rice_locus_rap,,,
Os02g0643800,A,rice_locus_rap,,,
Os02g0661100,A,rice_locus_rap,,,
Os02g0685200,A,rice_locus_rap,,,
Os02g0704000,A,rice_locus_rap,,,
Os02g51030,C,bare_gene_symbol,,,
Os03g0170900,A,rice_locus_rap,,,
Os03g01770,C,bare_gene_symbol,,,
Os03g0285800,A,rice_locus_rap,,,
Os03g0297600,A,rice_locus_rap,,,
Os03g0388500,A,rice_locus_rap,,,
Os03g0396100,A,rice_locus_rap,,,
Os03g07140,C,bare_gene_symbol,,,
Os03g0738400,A,rice_locus_rap,,,
Os03g0743900,A,rice_locus_rap,,,
Os03g0850400,A,rice_locus_rap,,,
Os04g0111200,A,rice_locus_rap,,,
Os04g0111225,A,rice_locus_rap,,,
Os04g0511200 gene,D,descriptive_name,,,
Os04g0532400,A,rice_locus_rap,,,
Os04g08350,C,bare_gene_symbol,,,
Os05g0128900,A,rice_locus_rap,,,
Os05g0139100,A,rice_locus_rap,,,
Os05g0153500,A,rice_locus_rap,,,
Os05g0155200,A,rice_locus_rap,,,
Os05g0435700,A,rice_locus_rap,,,
Os05g0579600,A,rice_locus_rap,,,
Os05g10940,C,bare_gene_symbol,,,
Os05g45410,C,bare_gene_symbol,,,
Os06g0637500,A,rice_locus_rap,,,
Os06g0669700,A,rice_locus_rap,,,
Os06g0714300,A,rice_locus_rap,,,
Os07g0510200,A,rice_locus_rap,,,
Os07g0561500,A,rice_locus_rap,,,
Os08g0118500,A,rice_locus_rap,,,
Os08g0135900,A,rice_locus_rap,,,
Os08g0224500,A,rice_locus_rap,,,
Os08g0299400,A,rice_locus_rap,,,
Os08g04147,C,bare_gene_symbol,,,
Os08g04457,C,bare_gene_symbol,,,
Os08g0445700,A,rice_locus_rap,,,
Os08g0532700,A,rice_locus_rap,,,
OS08T0529200-00,D,descriptive_name,,,
Os09g0106700,A,rice_locus_rap,,,
Os09g0114500,A,rice_locus_rap,,,
Os09g0294000,A,rice_locus_rap,,,
Os09g0296400,A,rice_locus_rap,,,
Os09g0434500,A,rice_locus_rap,,,
Os10g0575100,A,rice_locus_rap,,,
Os10g39860,C,bare_gene_symbol,,,
OS10T0499400-01,D,descriptive_name,,,
Os12g0409000,A,rice_locus_rap,,,
Os12g0491800,A,rice_locus_rap,,,
Os12g0505800,A,rice_locus_rap,,,
Os1900,C,bare_gene_symbol,,,
Os1βGlu4,D,descriptive_name,,,
Os3βGlu6,D,descriptive_name,,,
Os4BGlu13,C,bare_gene_symbol,,,
Os4CL,D,descriptive_name,,,
Os4βGlu12,D,descriptive_name,,,
Os5100,C,bare_gene_symbol,,,
Osa-miR1428e-3p,D,descriptive_name,,,
Osa-miR1436,D,descriptive_name,,,
osa-miR160,D,descriptive_name,,,
osa-miR167,D,descriptive_name,,,
osa-MIR172b,D,descriptive_name,,,
osa-MIR1846d-5p,D,descriptive_name,,,
Osa-miR1848,D,descriptive_name,,,
Osa-miR1867,D,descriptive_name,,,
Osa-miR393a,D,descriptive_name,,,
osa-miR393a_L+1R+2,D,descriptive_name,,,
Osa-miR393b-5p,D,descriptive_name,,,
osa-MIR395,D,descriptive_name,,,
osa-MIR395c'o',D,descriptive_name,,,
osa-MIR396c,D,descriptive_name,,,
osa-MIR403,D,descriptive_name,,,
osa-MIR444bc.25,D,descriptive_name,,,
osa-miR5077,D,descriptive_name,,,
osa-MIR552,D,descriptive_name,,,
osa-miRf10761-akr,D,descriptive_name,,,
OsAAO3,B,species_prefix_Os,Os,AAO3,
OsAAO5,B,species_prefix_Os,Os,AAO5,
OsAAP3-6,B,species_prefix_Os,Os,AAP3-6,
OsABA8OH1,B,species_prefix_Os,Os,ABA8OH1,
OsABA8OH2,B,species_prefix_Os,Os,ABA8OH2,
OsABA8ox2,B,species_prefix_Os,Os,ABA8ox2,
OsABA8′OH1,D,descriptive_name,,,
OsABA8′OH2,D,descriptive_name,,,
OsABA8′OH3,D,descriptive_name,,,
OsABA8′OHs,D,descriptive_name,,,
OsABCG15,B,species_prefix_Os,Os,ABCG15,
OsABCG26,B,species_prefix_Os,Os,ABCG26,
OsABF1,B,species_prefix_Os,Os,ABF1,
OsABI2,B,species_prefix_Os,Os,ABI2,
OsABI5,B,species_prefix_Os,Os,ABI5,
OsACO2,B,species_prefix_Os,Os,ACO2,
OsACO3,B,species_prefix_Os,Os,ACO3,
OsACOS12,B,species_prefix_Os,Os,ACOS12,
OsACT,B,species_prefix_Os,Os,ACT,
OsACT promoter region,D,descriptive_name,,,
OsADC,B,species_prefix_Os,Os,ADC,
OsADC1,B,species_prefix_Os,Os,ADC1,
OsAFB4,B,species_prefix_Os,Os,AFB4,
OsAGO genes,D,descriptive_name,,,
OsAGO13,B,species_prefix_Os,Os,AGO13,
OsAGO16,B,species_prefix_Os,Os,AGO16,
OsAGO1a/d,D,descriptive_name,,,
OsAGO2,B,species_prefix_Os,Os,AGO2,
OsAGO3,B,species_prefix_Os,Os,AGO3,
OsAGO7,B,species_prefix_Os,Os,AGO7,
OsAGPL1,B,species_prefix_Os,Os,AGPL1,
OsAGPL4,B,species_prefix_Os,Os,AGPL4,
OsAGPls2,B,species_prefix_Os,Os,AGPls2,
OsAGPS1,B,species_prefix_Os,Os,AGPS1,
OsAGPS2b,B,species_prefix_Os,Os,AGPS2b,
OsAGPss1,B,species_prefix_Os,Os,AGPss1,
OsAHP1/2,D,descriptive_name,,,
OsALDH3E2,B,species_prefix_Os,Os,ALDH3E2,
OsALDH5F1,B,species_prefix_Os,Os,ALDH5F1,
Osaldh7,C,bare_gene_symbol,,,
OsAMT1;1,D,descriptive_name,,,
OsAMT2;1,D,descriptive_name,,,
OsAmy1,B,species_prefix_Os,Os,Amy1,
OsAMY1B,B,species_prefix_Os,Os,AMY1B,
OsAmy1C,B,species_prefix_Os,Os,Amy1C,
OsAmy3,B,species_prefix_Os,Os,Amy3,
OsAmy3B,B,species_prefix_Os,Os,Amy3B,
OsAmy3E,B,species_prefix_Os,Os,Amy3E,
OsAmy7,B,species_prefix_Os,Os,Amy7,
OsANN1,B,species_prefix_Os,Os,ANN1,
OsANS,B,species_prefix_Os,Os,ANS,
OsAOC,B,species_prefix_Os,Os,AOC,
OsAOS,B,species_prefix_Os,Os,AOS,
OsAOS1,B,species_prefix_Os,Os,AOS1,
OsAP2-39,B,species_prefix_Os,Os,AP2-39,
OsAPX,B,species_prefix_Os,Os,APX,
OsAPx02,B,species_prefix_Os,Os,APx02,
OsAPX1,B,species_prefix_Os,Os,APX1,
OsAPX1/2,D,descriptive_name,,,
OsAPX2,B,species_prefix_Os,Os,APX2,
OsAPx3,B,species_prefix_Os,Os,APx3,
OsAPX6,B,species_prefix_Os,Os,APX6,
OsAPX8,B,species_prefix_Os,Os,APX8,
OsAPY,B,species_prefix_Os,Os,APY,
OsAPY gene family,D,descriptive_name,,,
OsAPY genes,D,descriptive_name,,,
OsAPY proteins,D,descriptive_name,,,
OsARAG1,B,species_prefix_Os,Os,ARAG1,
OsARD1,B,species_prefix_Os,Os,ARD1,
OsAREB1,B,species_prefix_Os,Os,AREB1,
OsAREB8,B,species_prefix_Os,Os,AREB8,
OsARF,B,species_prefix_Os,Os,ARF,
OsARF12,B,species_prefix_Os,Os,ARF12,
OsARF19,B,species_prefix_Os,Os,ARF19,
OsARF23,B,species_prefix_Os,Os,ARF23,
OsAS1,B,species_prefix_Os,Os,AS1,
OsASA1,B,species_prefix_Os,Os,ASA1,
OsASA2,B,species_prefix_Os,Os,ASA2,
OsASB1,B,species_prefix_Os,Os,ASB1,
OsASB2,B,species_prefix_Os,Os,ASB2,
OsASC1,B,species_prefix_Os,Os,ASC1,
OsASR5,B,species_prefix_Os,Os,ASR5,
OsASR5 protein,D,descriptive_name,,,
OsATX1,B,species_prefix_Os,Os,ATX1,
OsAUX2,B,species_prefix_Os,Os,AUX2,
OsAUX5,B,species_prefix_Os,Os,AUX5,
OsAXP1,B,species_prefix_Os,Os,AXP1,
OsBADH1,B,species_prefix_Os,Os,BADH1,
OsBAG4,B,species_prefix_Os,Os,BAG4,
OsBCH,B,species_prefix_Os,Os,BCH,
OsBE1,B,species_prefix_Os,Os,BE1,
OsBG1,B,species_prefix_Os,Os,BG1,
OsBG58,B,species_prefix_Os,Os,BG58,
OsBGAL9,B,species_prefix_Os,Os,BGAL9,
OsBGAL9pro:GUS,D,descriptive_name,,,
OsBGs,B,species_prefix_Os,Os,BGs,
OsbHLH035,B,species_prefix_Osb,Osb,HLH035,
OsbHLH066,B,species_prefix_Osb,Osb,HLH066,
Osbhlh148,C,bare_gene_symbol,,,
OsbHLH148-OsJAZ1-OsCOI1 signaling module,D,descriptive_name,,,
OsBHT,B,species_prefix_Os,Os,BHT,
OsBIHD1,B,species_prefix_Os,Os,BIHD1,
OsBIN2,B,species_prefix_Os,Os,BIN2,
OsBiP1,B,species_prefix_Os,Os,BiP1,
OsBLE3,B,species_prefix_Os,Os,BLE3,
OsBP-5,B,species_prefix_Os,Os,BP-5,
OsBPH1/9,D,descriptive_name,,,
OSBPL2,C,bare_gene_symbol,,,
OsBRI1,B,species_prefix_Os,Os,BRI1,
OsBSK3,B,species_prefix_Os,Os,BSK3,
OsBT1,B,species_prefix_Os,Os,BT1,
OSBZ8,C,bare_gene_symbol,,,
OsbZIP16,B,species_prefix_Osb,Osb,ZIP16,
OsbZIP23,B,species_prefix_Osb,Osb,ZIP23,
OsbZIP46,B,species_prefix_Osb,Osb,ZIP46,
OsbZIP50,B,species_prefix_Osb,Osb,ZIP50,
OsbZIP58,B,species_prefix_Osb,Osb,ZIP58,
OsbZIP60,B,species_prefix_Osb,Osb,ZIP60,
OsbZIP66,B,species_prefix_Osb,Osb,ZIP66,
OsbZIP71,B,species_prefix_Osb,Osb,ZIP71,
OsbZIP72,B,species_prefix_Osb,Osb,ZIP72,
OsbZIP79 gene,D,descriptive_name,,,
OsBZR family,D,descriptive_name,,,
OsBZR1,B,species_prefix_Os,Os,BZR1,
OsBZR1-3,B,species_prefix_Os,Os,BZR1-3,
OsBZR4,B,species_prefix_Os,Os,BZR4,
OSC,C,bare_gene_symbol,,,
OsC4H,B,species_prefix_Os,Os,C4H,
OsC6,C,bare_gene_symbol,,,
OSCA channels,D,descriptive_name,,,
OSCA family genes,D,descriptive_name,,,
OSCA gene family,D,descriptive_name,,,
OSCA proteins,D,descriptive_name,,,
OSCA1,C,bare_gene_symbol,,,
OsCAD,B,species_prefix_Os,Os,CAD,
OsCaM1,B,species_prefix_Os,Os,CaM1,
OsCaM1 gene,D,descriptive_name,,,
OsCaM3,B,species_prefix_Os,Os,CaM3,
OsCAO1,B,species_prefix_Os,Os,CAO1,
OsCAT,B,species_prefix_Os,Os,CAT,
OsCATA,B,species_prefix_Os,Os,CATA,
OsCATB,B,species_prefix_Os,Os,CATB,
OsCATC,B,species_prefix_Os,Os,CATC,
OsCBF1,B,species_prefix_Os,Os,CBF1,
OsCBF2,B,species_prefix_Os,Os,CBF2,
OsCBF3,B,species_prefix_Os,Os,CBF3,
OsCBL,B,species_prefix_Os,Os,CBL,
OsCBL8,B,species_prefix_Os,Os,CBL8,
OsCCR,B,species_prefix_Os,Os,CCR,
OsCCR14,B,species_prefix_Os,Os,CCR14,
OsCCRL1,B,species_prefix_Os,Os,CCRL1,
oscdpk24,D,descriptive_name,,,
oscdpk24/28,D,descriptive_name,,,
oscdpk28,D,descriptive_name,,,
OsCESA9,B,species_prefix_Os,Os,CESA9,
OsCHI,B,species_prefix_Os,Os,CHI,
OsCHLH,B,species_prefix_Os,Os,CHLH,
OsCHS,B,species_prefix_Os,Os,CHS,
OsCIPK1,B,species_prefix_Os,Os,CIPK1,
OsCIPK14,B,species_prefix_Os,Os,CIPK14,
OsCIPK15,B,species_prefix_Os,Os,CIPK15,
OsCIPK17,B,species_prefix_Os,Os,CIPK17,
OsCIPK9,B,species_prefix_Os,Os,CIPK9,
OsCML16,B,species_prefix_Os,Os,CML16,
OsCNGC,B,species_prefix_Os,Os,CNGC,
OsCNGC family,D,descriptive_name,,,
OsCNGC gene family,D,descriptive_name,,,
OsCNGC genes,D,descriptive_name,,,
OsCNGC proteins,D,descriptive_name,,,
OsCNGC1,B,species_prefix_Os,Os,CNGC1,
oscngc14,D,descriptive_name,,,
OsCNGC15,B,species_prefix_Os,Os,CNGC15,
oscngc16,D,descriptive_name,,,
OsCNGC2,B,species_prefix_Os,Os,CNGC2,
OsCOI1,B,species_prefix_Os,Os,COI1,
OsCOI1a,B,species_prefix_Os,Os,COI1a,
OsCOI2,B,species_prefix_Os,Os,COI2,
OsCOIb,B,species_prefix_Os,Os,COIb,
OsCOMT,B,species_prefix_Os,Os,COMT,
OsCOMT15,B,species_prefix_Os,Os,COMT15,
OsCOMT8,B,species_prefix_Os,Os,COMT8,
OsCOMT9,B,species_prefix_Os,Os,COMT9,
OsCPK10,B,species_prefix_Os,Os,CPK10,
OsCPK2,B,species_prefix_Os,Os,CPK2,
OsCPS1,B,species_prefix_Os,Os,CPS1,
OsCPS2,B,species_prefix_Os,Os,CPS2,
OsCPS4,B,species_prefix_Os,Os,CPS4,
OSCs,D,descriptive_name,,,
OsCYP704B2,B,species_prefix_Os,Os,CYP704B2,
OsCYP707A3,B,species_prefix_Os,Os,CYP707A3,
OsDFR,B,species_prefix_Os,Os,DFR,
OsDjC46,B,species_prefix_Os,Os,DjC46,
OsDMAS1,B,species_prefix_Os,Os,DMAS1,
OsDOG,B,species_prefix_Os,Os,DOG,
OsDOS,B,species_prefix_Os,Os,DOS,
OsDREB1a,B,species_prefix_Os,Os,DREB1a,
OsDREB2A,B,species_prefix_Os,Os,DREB2A,
OsDREB2B,B,species_prefix_Os,Os,DREB2B,
OsDREB6,B,species_prefix_Os,Os,DREB6,
OsDRZ1,B,species_prefix_Os,Os,DRZ1,
OsDSR2,B,species_prefix_Os,Os,DSR2,
OsDTC1,B,species_prefix_Os,Os,DTC1,
OsDTS2,B,species_prefix_Os,Os,DTS2,
OsDUF617,B,species_prefix_Os,Os,DUF617,
OsDUF846.2,D,descriptive_name,,,
OsDUGT1,B,species_prefix_Os,Os,DUGT1,
OsDVR,B,species_prefix_Os,Os,DVR,
OsEBF2,B,species_prefix_Os,Os,EBF2,
OsEBP-89,B,species_prefix_Os,Os,EBP-89,
OsEBP89,B,species_prefix_Os,Os,EBP89,
OsEDS1,B,species_prefix_Os,Os,EDS1,
Osem,D,descriptive_name,,,
OsEm1,B,species_prefix_Os,Os,Em1,
OsEPF1,B,species_prefix_Os,Os,EPF1,
OsEPFL9a,B,species_prefix_Os,Os,EPFL9a,
OsERF103,B,species_prefix_Os,Os,ERF103,
OsERF106MZ,B,species_prefix_Os,Os,ERF106MZ,
OsERF115,B,species_prefix_Os,Os,ERF115,
OsERF118,B,species_prefix_Os,Os,ERF118,
OsERF27,B,species_prefix_Os,Os,ERF27,
OsERF48,B,species_prefix_Os,Os,ERF48,
OsERF67,B,species_prefix_Os,Os,ERF67,
OsERF71,B,species_prefix_Os,Os,ERF71,
OsERS1,B,species_prefix_Os,Os,ERS1,
OsETR3,B,species_prefix_Os,Os,ETR3,
OsEUI,B,species_prefix_Os,Os,EUI,
OsF3'H,D,descriptive_name,,,
OsF3H,B,species_prefix_Os,Os,F3H,
OsF3H03g,B,species_prefix_Os,Os,F3H03g,
OsF3H04g,B,species_prefix_Os,Os,F3H04g,
OsF3H2,B,species_prefix_Os,Os,F3H2,
OsF3’H,D,descriptive_name,,,
OsFBK1,B,species_prefix_Os,Os,FBK1,
OsFBK12,B,species_prefix_Os,Os,FBK12,
OsFBN1,B,species_prefix_Os,Os,FBN1,
OsFBX156,B,species_prefix_Os,Os,FBX156,
OsFbx352,B,species_prefix_Os,Os,Fbx352,
Osfd,D,descriptive_name,,,
OsFe-SOD,B,species_prefix_Os,Os,Fe-SOD,
OsFER2,B,species_prefix_Os,Os,FER2,
OsFIB,B,species_prefix_Os,Os,FIB,
OsFKBP20-1b,B,species_prefix_Os,Os,FKBP20-1b,
OsFLN2,B,species_prefix_Os,Os,FLN2,
OsFLO13,B,species_prefix_Os,Os,FLO13,
OsFLO2,B,species_prefix_Os,Os,FLO2,
OsFLO4,B,species_prefix_Os,Os,FLO4,
OsFLO6,B,species_prefix_Os,Os,FLO6,
OsFLS,B,species_prefix_Os,Os,FLS,
OsFNS I-1,D,descriptive_name,,,
OsFNS II,D,descriptive_name,,,
OsFPFL4,B,species_prefix_Os,Os,FPFL4,
OsFRDL1,B,species_prefix_Os,Os,FRDL1,
OsFRO1,B,species_prefix_Os,Os,FRO1,
OsFRO7,B,species_prefix_Os,Os,FRO7,
OsFTSH2,B,species_prefix_Os,Os,FTSH2,
OsFWL4,B,species_prefix_Os,Os,FWL4,
OsFWL5,B,species_prefix_Os,Os,FWL5,
OsGA20ox,B,species_prefix_Os,Os,GA20ox,
OsGA20ox1,B,species_prefix_Os,Os,GA20ox1,
OsGA20ox2,B,species_prefix_Os,Os,GA20ox2,
OsGA20ox7,B,species_prefix_Os,Os,GA20ox7,
OsGA2ox,B,species_prefix_Os,Os,GA2ox,
OsGA2ox family,D,descriptive_name,,,
OsGA2ox1,B,species_prefix_Os,Os,GA2ox1,
OsGA2ox3,B,species_prefix_Os,Os,GA2ox3,
OsGA2ox5,B,species_prefix_Os,Os,GA2ox5,
OsGA2ox6,B,species_prefix_Os,Os,GA2ox6,
OsGA2ox7,B,species_prefix_Os,Os,GA2ox7,
OsGA2ox8,B,species_prefix_Os,Os,GA2ox8,
OsGA2ox9,B,species_prefix_Os,Os,GA2ox9,
OsGA3ox,B,species_prefix_Os,Os,GA3ox,
OsGA3ox2,B,species_prefix_Os,Os,GA3ox2,
OsGAMYB,B,species_prefix_Os,Os,GAMYB,
OsGATA7,B,species_prefix_Os,Os,GATA7,
OsGBSSI,B,species_prefix_Os,Os,GBSSI,
OsGDH genes,D,descriptive_name,,,
OsGDH1,B,species_prefix_Os,Os,GDH1,
OsGDH2,B,species_prefix_Os,Os,GDH2,
OsGDH4,B,species_prefix_Os,Os,GDH4,
OsGGPPS1,B,species_prefix_Os,Os,GGPPS1,
OsGGPS7,B,species_prefix_Os,Os,GGPS7,
OsGH3-1,B,species_prefix_Os,Os,GH3-1,
OsGH3-2,B,species_prefix_Os,Os,GH3-2,
OsGH3-2/5,D,descriptive_name,,,
OsGH3-5,B,species_prefix_Os,Os,GH3-5,
OsGH3-6,B,species_prefix_Os,Os,GH3-6,
OsGH3-8,B,species_prefix_Os,Os,GH3-8,
OsGH3.2,D,descriptive_name,,,
OsGLO1,B,species_prefix_Os,Os,GLO1,
OsGLO4,B,species_prefix_Os,Os,GLO4,
OsGLP2-1,B,species_prefix_Os,Os,GLP2-1,
OsGLT1,B,species_prefix_Os,Os,GLT1,
OsGLT2,B,species_prefix_Os,Os,GLT2,
OsGLU,B,species_prefix_Os,Os,GLU,
OsGluA2,B,species_prefix_Os,Os,GluA2,
OsGluRS,B,species_prefix_Os,Os,GluRS,
OsGolS1,B,species_prefix_Os,Os,GolS1,
OsGolS2,B,species_prefix_Os,Os,GolS2,
OsGPAT3,B,species_prefix_Os,Os,GPAT3,
OsGPDH1,B,species_prefix_Os,Os,GPDH1,
OsGPXL3,B,species_prefix_Os,Os,GPXL3,
OsGRAS19,B,species_prefix_Os,Os,GRAS19,
OsGRAS29,B,species_prefix_Os,Os,GRAS29,
OsGRP3,B,species_prefix_Os,Os,GRP3,
OsGS1;1,D,descriptive_name,,,
OsGS1;2,D,descriptive_name,,,
OsGS2,B,species_prefix_Os,Os,GS2,
OsGSK1,B,species_prefix_Os,Os,GSK1,
OsGSK2,B,species_prefix_Os,Os,GSK2,
OsGSK3,B,species_prefix_Os,Os,GSK3,
OsGSL2,B,species_prefix_Os,Os,GSL2,
OsGSL4,B,species_prefix_Os,Os,GSL4,
OsGSL5,B,species_prefix_Os,Os,GSL5,
OsGST4,B,species_prefix_Os,Os,GST4,
OsGSTU3,B,species_prefix_Os,Os,GSTU3,
OsGSTU4,B,species_prefix_Os,Os,GSTU4,
OsGSTU5,B,species_prefix_Os,Os,GSTU5,
OsGT1,B,species_prefix_Os,Os,GT1,
OsGTγ-1,D,descriptive_name,,,
OSH15,C,bare_gene_symbol,,,
Osh36,C,bare_gene_symbol,,,
OsHAC701,B,species_prefix_Os,Os,HAC701,
OsHAC703,B,species_prefix_Os,Os,HAC703,
OsHAC704,B,species_prefix_Os,Os,HAC704,
OsHAG702,B,species_prefix_Os,Os,HAG702,
OsHAG703,B,species_prefix_Os,Os,HAG703,
OsHAG704,B,species_prefix_Os,Os,HAG704,
OsHAM701,B,species_prefix_Os,Os,HAM701,
OSHB1,C,bare_gene_symbol,,,
OSHB4,C,bare_gene_symbol,,,
OsHBP1b,B,species_prefix_Os,Os,HBP1b,
OsHDA702,B,species_prefix_Os,Os,HDA702,
OsHDA704,B,species_prefix_Os,Os,HDA704,
OsHDT702,B,species_prefix_Os,Os,HDT702,
OsHEMA,B,species_prefix_Os,Os,HEMA,
OsHis1.1,D,descriptive_name,,,
OsHK3,B,species_prefix_Os,Os,HK3,
OsHKT1;5,D,descriptive_name,,,
OsHKT2;1,D,descriptive_name,,,
OsHMA2,B,species_prefix_Os,Os,HMA2,
OsHMA3,B,species_prefix_Os,Os,HMA3,
OsHMGB1,B,species_prefix_Os,Os,HMGB1,
OsHP1,B,species_prefix_Os,Os,HP1,
OsHPL3,B,species_prefix_Os,Os,HPL3,
OsHsf4d,B,species_prefix_Os,Os,Hsf4d,
OsHSF7,B,species_prefix_Os,Os,HSF7,
OsHsfA2,B,species_prefix_Os,Os,HsfA2,
OsHsfA2a,B,species_prefix_Os,Os,HsfA2a,
OsHsfA2d,B,species_prefix_Os,Os,HsfA2d,
OsHsfA2e,B,species_prefix_Os,Os,HsfA2e,
OsHSFA3,B,species_prefix_Os,Os,HSFA3,
OsHsfA4a,B,species_prefix_Os,Os,HsfA4a,
OsHsfA4b,B,species_prefix_Os,Os,HsfA4b,
OsHSFA4d,B,species_prefix_Os,Os,HSFA4d,
OsHsfA4dOE,B,species_prefix_Os,Os,HsfA4dOE,
OsHsfA7,B,species_prefix_Os,Os,HsfA7,
OsHsfB2b,B,species_prefix_Os,Os,HsfB2b,
OsHsfB2c,B,species_prefix_Os,Os,HsfB2c,
OsHsfC1a,B,species_prefix_Os,Os,HsfC1a,
OsHsfC1b,B,species_prefix_Os,Os,HsfC1b,
OsHsfC1b gene,D,descriptive_name,,,
OsHsp100,B,species_prefix_Os,Os,Hsp100,
OsHSP101,B,species_prefix_Os,Os,HSP101,
OsHSP16.9A,D,descriptive_name,,,
Oshsp17.3,D,descriptive_name,,,
Oshsp17.3 promoter,D,descriptive_name,,,
OsHSP17.7,D,descriptive_name,,,
OsHSP17.9A,D,descriptive_name,,,
Oshsp18.0,D,descriptive_name,,,
OsHSP18.2,D,descriptive_name,,,
OsHSP18.6,D,descriptive_name,,,
OsHSP20,B,species_prefix_Os,Os,HSP20,
OsHsp20L,B,species_prefix_Os,Os,Hsp20L,
OsHSP23.7,D,descriptive_name,,,
OsHSP24.1,D,descriptive_name,,,
OsHSP24.15,D,descriptive_name,,,
OsHSP26,B,species_prefix_Os,Os,HSP26,
OsHSP60-3B,B,species_prefix_Os,Os,HSP60-3B,
OsHSP70,B,species_prefix_Os,Os,HSP70,
OsHSP70.1,D,descriptive_name,,,
OsHSP70.6,D,descriptive_name,,,
OsHSP70CP1,B,species_prefix_Os,Os,HSP70CP1,
OsHSP71.1,D,descriptive_name,,,
OsHSP90,B,species_prefix_Os,Os,HSP90,
OsHSPs,B,species_prefix_Os,Os,HSPs,
OsHTAS,B,species_prefix_Os,Os,HTAS,
OsHXK5,B,species_prefix_Os,Os,HXK5,
OsI_03285,D,descriptive_name,,,
OsI_05445,D,descriptive_name,,,
OsI_08109,D,descriptive_name,,,
OsI_08842,D,descriptive_name,,,
OsI_10575,D,descriptive_name,,,
OsI_13072,D,descriptive_name,,,
OsI_16598,D,descriptive_name,,,
OsI_22951,D,descriptive_name,,,
OsI_23989,D,descriptive_name,,,
OsI_24945,D,descriptive_name,,,
OsI_27853,D,descriptive_name,,,
OsIAA,B,species_prefix_Os,Os,IAA,
OsIAA1,B,species_prefix_Os,Os,IAA1,
OsIAA10,B,species_prefix_Os,Os,IAA10,
OsIAA13,B,species_prefix_Os,Os,IAA13,
OsIAA18,B,species_prefix_Os,Os,IAA18,
OsIAA20,B,species_prefix_Os,Os,IAA20,
OsIAA26,B,species_prefix_Os,Os,IAA26,
OsIAA29,B,species_prefix_Os,Os,IAA29,
OsIAA4,B,species_prefix_Os,Os,IAA4,
OsIAA6,B,species_prefix_Os,Os,IAA6,
OsIAA9,B,species_prefix_Os,Os,IAA9,
OsICS1,B,species_prefix_Os,Os,ICS1,
OsIF,D,descriptive_name,,,
OsIF gene,D,descriptive_name,,,
OsIF protein,D,descriptive_name,,,
OsIRT1,B,species_prefix_Os,Os,IRT1,
OsiSAP8,B,species_prefix_Osi,Osi,SAP8,
OsiSULTR10,B,species_prefix_Osi,Osi,SULTR10,
OsiSULTR11,B,species_prefix_Osi,Osi,SULTR11,
OsiSULTR12,B,species_prefix_Osi,Osi,SULTR12,
OsiSULTR2,B,species_prefix_Osi,Osi,SULTR2,
OsiSULTR3,B,species_prefix_Osi,Osi,SULTR3,
OsiSULTR4,B,species_prefix_Osi,Osi,SULTR4,
OsiSULTR6,B,species_prefix_Osi,Osi,SULTR6,
OsiSULTR8,B,species_prefix_Osi,Osi,SULTR8,
OsiSULTR9,B,species_prefix_Osi,Osi,SULTR9,
OsJAMYB,B,species_prefix_Os,Os,JAMYB,
OsJAR,B,species_prefix_Os,Os,JAR,
OsJar1,B,species_prefix_Os,Os,Jar1,
osjar2,D,descriptive_name,,,
OsJAZ,B,species_prefix_Os,Os,JAZ,
OsJAZ1,B,species_prefix_Os,Os,JAZ1,
OsJAZ11,B,species_prefix_Os,Os,JAZ11,
OsJAZ12,B,species_prefix_Os,Os,JAZ12,
OsJAZ2,B,species_prefix_Os,Os,JAZ2,
OsJAZ5,B,species_prefix_Os,Os,JAZ5,
OsJAZ8/9,D,descriptive_name,,,
OsJAZs,B,species_prefix_Os,Os,JAZs,
OsJMT1,B,species_prefix_Os,Os,JMT1,
OsKAO,B,species_prefix_Os,Os,KAO,
OsKO2,B,species_prefix_Os,Os,KO2,
OsKS,D,descriptive_name,,,
OsKS1,B,species_prefix_Os,Os,KS1,
OsKS4,B,species_prefix_Os,Os,KS4,
OsKSL10,B,species_prefix_Os,Os,KSL10,
OsKSL4,B,species_prefix_Os,Os,KSL4,
OsKSL6,B,species_prefix_Os,Os,KSL6,
OsLAC10,B,species_prefix_Os,Os,LAC10,
OsLAC12,B,species_prefix_Os,Os,LAC12,
OsLAC12 gene,D,descriptive_name,,,
OsLCT1,B,species_prefix_Os,Os,LCT1,
OsLEA1b,B,species_prefix_Os,Os,LEA1b,
OsLEA22,B,species_prefix_Os,Os,LEA22,
OsLEA3,B,species_prefix_Os,Os,LEA3,
OsLEML2,B,species_prefix_Os,Os,LEML2,
OsLEML2-GFP,B,species_prefix_Os,Os,LEML2-GFP,
OsLOX,B,species_prefix_Os,Os,LOX,
OsLOX11,B,species_prefix_Os,Os,LOX11,
OsLOX1a,B,species_prefix_Os,Os,LOX1a,
OsLOX1b,B,species_prefix_Os,Os,LOX1b,
OsLOX2,B,species_prefix_Os,Os,LOX2,
OsLOX3,B,species_prefix_Os,Os,LOX3,
OsLOXs,B,species_prefix_Os,Os,LOXs,
OsLRR-RLK1,B,species_prefix_Os,Os,LRR-RLK1,
OsLsi1,B,species_prefix_Os,Os,Lsi1,
OsLsi2,B,species_prefix_Os,Os,Lsi2,
OsLsi6,B,species_prefix_Os,Os,Lsi6,
OSM34,C,bare_gene_symbol,,,
OsMADS1,B,species_prefix_Os,Os,MADS1,
OsMADS25,B,species_prefix_Os,Os,MADS25,
OsMADS6,B,species_prefix_Os,Os,MADS6,
OsMADS7,B,species_prefix_Os,Os,MADS7,
OsMAPK2,B,species_prefix_Os,Os,MAPK2,
OsMAPK4,B,species_prefix_Os,Os,MAPK4,
OsMAPK6,B,species_prefix_Os,Os,MAPK6,
OsMDH1,B,species_prefix_Os,Os,MDH1,
OsMDHAR4,B,species_prefix_Os,Os,MDHAR4,
OsMFT2,B,species_prefix_Os,Os,MFT2,
OsMH63_01G0469600,D,descriptive_name,,,
OsMH63_03G0393900,D,descriptive_name,,,
OsMIOX,B,species_prefix_Os,Os,MIOX,
OsmiR167a,D,descriptive_name,,,
OsMLP423,B,species_prefix_Os,Os,MLP423,
osmotic genes,D,descriptive_name,,,
osmotically induced genes,D,descriptive_name,,,
Osmotin,D,descriptive_name,,,
Osmotin-like proteins,D,descriptive_name,,,
osmotolerance-related genes,D,descriptive_name,,,
OsMS188,B,species_prefix_Os,Os,MS188,
OsMSD1,B,species_prefix_Os,Os,MSD1,
OsMSR3,B,species_prefix_Os,Os,MSR3,
OsMSRMK2,B,species_prefix_Os,Os,MSRMK2,
OsMYB,B,species_prefix_Os,Os,MYB,
OsMYB transcription factors,D,descriptive_name,,,
OsMYB102,B,species_prefix_Os,Os,MYB102,
OsMYB2,B,species_prefix_Os,Os,MYB2,
OsMYB55,B,species_prefix_Os,Os,MYB55,
OsMYC2,B,species_prefix_Os,Os,MYC2,
OsNAAT1,B,species_prefix_Os,Os,NAAT1,
OsNAC genes,D,descriptive_name,,,
OsNAC006,B,species_prefix_Os,Os,NAC006,
OsNAC10,B,species_prefix_Os,Os,NAC10,
OsNAC19,B,species_prefix_Os,Os,NAC19,
OsNAC22,B,species_prefix_Os,Os,NAC22,
OsNAC6,B,species_prefix_Os,Os,NAC6,
OsNAC77,B,species_prefix_Os,Os,NAC77,
OsNAP,B,species_prefix_Os,Os,NAP,
OsNaPRT1,B,species_prefix_Os,Os,NaPRT1,
OsNAR2.1,D,descriptive_name,,,
OsNAS1,B,species_prefix_Os,Os,NAS1,
OsNAS2,B,species_prefix_Os,Os,NAS2,
OsNAS3,B,species_prefix_Os,Os,NAS3,
OsNCED,B,species_prefix_Os,Os,NCED,
OsNCED-1,B,species_prefix_Os,Os,NCED-1,
OsNCED1,B,species_prefix_Os,Os,NCED1,
OsNCED2,B,species_prefix_Os,Os,NCED2,
OsNCED3,B,species_prefix_Os,Os,NCED3,
OsNCED4,B,species_prefix_Os,Os,NCED4,
OsNCED5,B,species_prefix_Os,Os,NCED5,
OsNECD,B,species_prefix_Os,Os,NECD,
OsNHO1,B,species_prefix_Os,Os,NHO1,
OsNIP1;1,D,descriptive_name,,,
OsNIR1,B,species_prefix_Os,Os,NIR1,
OsNox1,B,species_prefix_Os,Os,Nox1,
OsNox2,B,species_prefix_Os,Os,Nox2,
OsNox3,B,species_prefix_Os,Os,Nox3,
OsNox5,B,species_prefix_Os,Os,Nox5,
OsNox6,B,species_prefix_Os,Os,Nox6,
OsNox7,B,species_prefix_Os,Os,Nox7,
OsNox8,B,species_prefix_Os,Os,Nox8,
OsNoxs,B,species_prefix_Os,Os,Noxs,
OsNPR1,B,species_prefix_Os,Os,NPR1,
OsNPSN11,B,species_prefix_Os,Os,NPSN11,
OsNramp5,B,species_prefix_Os,Os,Nramp5,
OsNRT1.1,D,descriptive_name,,,
OsNRT2.3,D,descriptive_name,,,
OsNRT2.3a,D,descriptive_name,,,
OsNRT2.4,D,descriptive_name,,,
OsNUSN2,B,species_prefix_Os,Os,NUSN2,
OsNYC3,B,species_prefix_Os,Os,NYC3,
OsNYC4,B,species_prefix_Os,Os,NYC4,
OsOASA1/2,D,descriptive_name,,,
OsODC1,B,species_prefix_Os,Os,ODC1,
OsOFP22,B,species_prefix_Os,Os,OFP22,
OsOPR1,B,species_prefix_Os,Os,OPR1,
OsOPR6,B,species_prefix_Os,Os,OPR6,
OsOPR7,B,species_prefix_Os,Os,OPR7,
OsOPRs,B,species_prefix_Os,Os,OPRs,
OsOr,D,descriptive_name,,,
OsOr-R115H,B,species_prefix_Os,Os,Or-R115H,
OsOr-WT,B,species_prefix_Os,Os,Or-WT,
OsOSCA1.1,D,descriptive_name,,,
OsOTS1,B,species_prefix_Os,Os,OTS1,
OsP5CR,B,species_prefix_Os,Os,P5CR,
OsP5CS,B,species_prefix_Os,Os,P5CS,
OsP5CS1,B,species_prefix_Os,Os,P5CS1,
OsP5CS2,B,species_prefix_Os,Os,P5CS2,
OsPAL,B,species_prefix_Os,Os,PAL,
OsPAL02,B,species_prefix_Os,Os,PAL02,
OsPAL4,B,species_prefix_Os,Os,PAL4,
OsPALs,B,species_prefix_Os,Os,PALs,
OsPAO4,B,species_prefix_Os,Os,PAO4,
OsPAO5,B,species_prefix_Os,Os,PAO5,
OsPAO6,B,species_prefix_Os,Os,PAO6,
OsPAP21b,B,species_prefix_Os,Os,PAP21b,
OsPAP21b protein,D,descriptive_name,,,
OsPCR1,B,species_prefix_Os,Os,PCR1,
OsPCR3,B,species_prefix_Os,Os,PCR3,
OsPDCD5,B,species_prefix_Os,Os,PDCD5,
OsPDIL2-3,B,species_prefix_Os,Os,PDIL2-3,
OsPFK04,B,species_prefix_Os,Os,PFK04,
OsPHO1,B,species_prefix_Os,Os,PHO1,
OsPHR2,B,species_prefix_Os,Os,PHR2,
OsPIL13,B,species_prefix_Os,Os,PIL13,
OsPIN2,B,species_prefix_Os,Os,PIN2,
OsPIN5b,B,species_prefix_Os,Os,PIN5b,
OsPIP1,B,species_prefix_Os,Os,PIP1,
OsPIP2,B,species_prefix_Os,Os,PIP2,
OsPLC1,B,species_prefix_Os,Os,PLC1,
OsPLC4,B,species_prefix_Os,Os,PLC4,
OsPLC4 gene,D,descriptive_name,,,
OsPOD,B,species_prefix_Os,Os,POD,
OsPOD1/2,D,descriptive_name,,,
OsPOLP,B,species_prefix_Os,Os,POLP,
OsPORA,B,species_prefix_Os,Os,PORA,
OsPOX1,B,species_prefix_Os,Os,POX1,
OsPP2C30,B,species_prefix_Os,Os,PP2C30,
OsPP2C49,B,species_prefix_Os,Os,PP2C49,
OsPP2C77,B,species_prefix_Os,Os,PP2C77,
OsPPDKA,B,species_prefix_Os,Os,PPDKA,
OsPPDKB,B,species_prefix_Os,Os,PPDKB,
OspPGM,B,species_prefix_Osp,Osp,PGM,
OsPR1,B,species_prefix_Os,Os,PR1,
OsPR1 genes,D,descriptive_name,,,
OsPR1-21,B,species_prefix_Os,Os,PR1-21,
OsPR1-22,B,species_prefix_Os,Os,PR1-22,
OsPR1-61,B,species_prefix_Os,Os,PR1-61,
OsPR1-71,B,species_prefix_Os,Os,PR1-71,
OsPR1-72,B,species_prefix_Os,Os,PR1-72,
OsPR1-74,B,species_prefix_Os,Os,PR1-74,
OsPR1-75,B,species_prefix_Os,Os,PR1-75,
OsPR1-76,B,species_prefix_Os,Os,PR1-76,
OsPR1-78,B,species_prefix_Os,Os,PR1-78,
OsPR10,B,species_prefix_Os,Os,PR10,
OsPR10b,B,species_prefix_Os,Os,PR10b,
OsPR1a,B,species_prefix_Os,Os,PR1a,
OsPR1b,B,species_prefix_Os,Os,PR1b,
OsPR4,B,species_prefix_Os,Os,PR4,
OsPR5,B,species_prefix_Os,Os,PR5,
OsPRMT6b,B,species_prefix_Os,Os,PRMT6b,
OsProDH,B,species_prefix_Os,Os,ProDH,
OsProDH gene,D,descriptive_name,,,
OsPrx114,B,species_prefix_Os,Os,Prx114,
OsPrx20,B,species_prefix_Os,Os,Prx20,
OsPT4,B,species_prefix_Os,Os,PT4,
OsPT8,B,species_prefix_Os,Os,PT8,
OsPT8 transporter,D,descriptive_name,,,
OsPYL,B,species_prefix_Os,Os,PYL,
OsPYL receptors,D,descriptive_name,,,
OsPYL/RCAR10,D,descriptive_name,,,
OsPYL1,B,species_prefix_Os,Os,PYL1,
OsPYL10,B,species_prefix_Os,Os,PYL10,
OsPYL2,B,species_prefix_Os,Os,PYL2,
OsPYL9,B,species_prefix_Os,Os,PYL9,
OsQHB,B,species_prefix_Os,Os,QHB,
OsRAB16A,B,species_prefix_Os,Os,RAB16A,
OsRab7,B,species_prefix_Os,Os,Rab7,
Osrboh1,C,bare_gene_symbol,,,
OsRbohA,B,species_prefix_Os,Os,RbohA,
OsRbohB,B,species_prefix_Os,Os,RbohB,
OsRbohE,B,species_prefix_Os,Os,RbohE,
OsRD29A,B,species_prefix_Os,Os,RD29A,
OsREM1.5,D,descriptive_name,,,
OsREM1.5AAA,D,descriptive_name,,,
OsRERJ1,B,species_prefix_Os,Os,RERJ1,
OsRf5,B,species_prefix_Os,Os,Rf5,
OsRGST1,B,species_prefix_Os,Os,RGST1,
OsRH58,B,species_prefix_Os,Os,RH58,
OsRL3,B,species_prefix_Os,Os,RL3,
OsRR1,B,species_prefix_Os,Os,RR1,
OsRR2,B,species_prefix_Os,Os,RR2,
OsRR22,B,species_prefix_Os,Os,RR22,
OsRR26,B,species_prefix_Os,Os,RR26,
OsRR4,B,species_prefix_Os,Os,RR4,
OsRR6,B,species_prefix_Os,Os,RR6,
OsSAMDC2,B,species_prefix_Os,Os,SAMDC2,
OsSAP1,B,species_prefix_Os,Os,SAP1,
OsSAP4,B,species_prefix_Os,Os,SAP4,
OsSAP5,B,species_prefix_Os,Os,SAP5,
OsSAPK kinases,D,descriptive_name,,,
OsSAPK10,B,species_prefix_Os,Os,SAPK10,
OsSAPK9,B,species_prefix_Os,Os,SAPK9,
OsSAPKs,B,species_prefix_Os,Os,SAPKs,
OsSAUR27,B,species_prefix_Os,Os,SAUR27,
OsSAUR29,B,species_prefix_Os,Os,SAUR29,
OsSAURs,B,species_prefix_Os,Os,SAURs,
OsSF3B1,B,species_prefix_Os,Os,SF3B1,
OsSFq3,B,species_prefix_Os,Os,SFq3,
OsSGT1,B,species_prefix_Os,Os,SGT1,
osshm1,D,descriptive_name,,,
OsSHMT,B,species_prefix_Os,Os,SHMT,
OsSIZ1,B,species_prefix_Os,Os,SIZ1,
OsSIZ2,B,species_prefix_Os,Os,SIZ2,
OsSNAC1,B,species_prefix_Os,Os,SNAC1,
OsSOD,B,species_prefix_Os,Os,SOD,
OsSOD-Cu/Zn,D,descriptive_name,,,
OsSOS1,B,species_prefix_Os,Os,SOS1,
OsSPDS1,B,species_prefix_Os,Os,SPDS1,
OsSPDS3,B,species_prefix_Os,Os,SPDS3,
OsSPL7,B,species_prefix_Os,Os,SPL7,
OsSRDP,B,species_prefix_Os,Os,SRDP,
OsSRDP alleles,D,descriptive_name,,,
OsSRDP protein,D,descriptive_name,,,
OsSRT1 gene,D,descriptive_name,,,
OsSRT701,B,species_prefix_Os,Os,SRT701,
OsSSI,B,species_prefix_Os,Os,SSI,
OsSSIIa,B,species_prefix_Os,Os,SSIIa,
OsSSIIc,B,species_prefix_Os,Os,SSIIc,
OsSSIIIa,B,species_prefix_Os,Os,SSIIIa,
OsSSIVb,B,species_prefix_Os,Os,SSIVb,
OsSTA1,B,species_prefix_Os,Os,STA1,
OsSTP11,B,species_prefix_Os,Os,STP11,
OsSTP14,B,species_prefix_Os,Os,STP14,
OsSTP27,B,species_prefix_Os,Os,STP27,
OsSTP4,B,species_prefix_Os,Os,STP4,
OsSTP6,B,species_prefix_Os,Os,STP6,
OsSultr1;1,D,descriptive_name,,,
OsSULTR3.4,D,descriptive_name,,,
OsSULTR3;3,D,descriptive_name,,,
OsSUS3,B,species_prefix_Os,Os,SUS3,
OsSUT1,B,species_prefix_Os,Os,SUT1,
OsSUT1 gene,D,descriptive_name,,,
OsSUT5,B,species_prefix_Os,Os,SUT5,
OsSWEET11a,B,species_prefix_Os,Os,SWEET11a,
OsSWEET11b,B,species_prefix_Os,Os,SWEET11b,
OsSWEET14,B,species_prefix_Os,Os,SWEET14,
OsSWEET15,B,species_prefix_Os,Os,SWEET15,
OST,C,bare_gene_symbol,,,
OST-1,D,descriptive_name,,,
OST1,C,bare_gene_symbol,,,
OsTCTP,B,species_prefix_Os,Os,TCTP,
OsTIFY11d,B,species_prefix_Os,Os,TIFY11d,
OsTIP1;1,D,descriptive_name,,,
OsTKPR1,B,species_prefix_Os,Os,TKPR1,
ostms15,D,descriptive_name,,,
ostms18,D,descriptive_name,,,
ostms19,D,descriptive_name,,,
OsTMS19-GFP,B,species_prefix_Os,Os,TMS19-GFP,
OsTMT proteins,D,descriptive_name,,,
OsTMT1,B,species_prefix_Os,Os,TMT1,
OsTPP1,B,species_prefix_Os,Os,TPP1,
OsTPP10,B,species_prefix_Os,Os,TPP10,
OsTPP2,B,species_prefix_Os,Os,TPP2,
OsTPP7,B,species_prefix_Os,Os,TPP7,
OsTPS,B,species_prefix_Os,Os,TPS,
OsTPS23,B,species_prefix_Os,Os,TPS23,
OsTPS3,B,species_prefix_Os,Os,TPS3,
OsTRXz,B,species_prefix_Os,Os,TRXz,
OsUAM3,B,species_prefix_Os,Os,UAM3,
OsUGE1,B,species_prefix_Os,Os,UGE1,
OsUGP2,B,species_prefix_Os,Os,UGP2,
OsUGT706D1,B,species_prefix_Os,Os,UGT706D1,
OsUGT707A2,B,species_prefix_Os,Os,UGT707A2,
OsUSP1,B,species_prefix_Os,Os,USP1,
OsVAMP727,B,species_prefix_Os,Os,VAMP727,
OsVIN2,B,species_prefix_Os,Os,VIN2,
OsVTE3,B,species_prefix_Os,Os,VTE3,
OsWAK11,B,species_prefix_Os,Os,WAK11,
OsWNK9,B,species_prefix_Os,Os,WNK9,
OsWR2,B,species_prefix_Os,Os,WR2,
OsWRKY03,B,species_prefix_Os,Os,WRKY03,
OsWRKY13,B,species_prefix_Os,Os,WRKY13,
OsWRKY21,B,species_prefix_Os,Os,WRKY21,
OsWRKY28,B,species_prefix_Os,Os,WRKY28,
OsWRKY33,B,species_prefix_Os,Os,WRKY33,
OsWRKY45,B,species_prefix_Os,Os,WRKY45,
OsWRKY5,B,species_prefix_Os,Os,WRKY5,
OsWRKY67,B,species_prefix_Os,Os,WRKY67,
OsWRKY70,B,species_prefix_Os,Os,WRKY70,
OsWRKY71,B,species_prefix_Os,Os,WRKY71,
OsWRKY76,B,species_prefix_Os,Os,WRKY76,
OsWsi18,B,species_prefix_Os,Os,Wsi18,
OsWx,D,descriptive_name,,,
OsYGL1,B,species_prefix_Os,Os,YGL1,
OsYSL15,B,species_prefix_Os,Os,YSL15,
OsYUC1/6,D,descriptive_name,,,
OsYUCCA1,B,species_prefix_Os,Os,YUCCA1,
OsYUCCA2,B,species_prefix_Os,Os,YUCCA2,
OsYUCCA3,B,species_prefix_Os,Os,YUCCA3,
OsYUCCA3/6/7,D,descriptive_name,,,
OsYUCCA3/7,D,descriptive_name,,,
OsYUCCA6,B,species_prefix_Os,Os,YUCCA6,
OsYUCCA7,B,species_prefix_Os,Os,YUCCA7,
OsZEP1,B,species_prefix_Os,Os,ZEP1,
Osβ4Glu12,D,descriptive_name,,,
otsA,D,descriptive_name,,,
otsAB,D,descriptive_name,,,
otsB,D,descriptive_name,,,
Ovalbumin,D,descriptive_name,,,
OvDGAT1,B,species_prefix_Ov,Ov,DGAT1,
OvDGAT1-1,B,species_prefix_Ov,Ov,DGAT1-1,
OvDGAT1-2,B,species_prefix_Ov,Ov,DGAT1-2,
OvFAD2-2,B,species_prefix_Ov,Ov,FAD2-2,
OvFAD3-1,B,species_prefix_Ov,Ov,FAD3-1,
OvFAE1-1,B,species_prefix_Ov,Ov,FAE1-1,
OvFAE1-2,B,species_prefix_Ov,Ov,FAE1-2,
OvLCAT-PLA,B,species_prefix_Ov,Ov,LCAT-PLA,
OvMIF-2,B,species_prefix_Ov,Ov,MIF-2,
oxalate oxidase,D,descriptive_name,,,
Oxalate-CoA ligase,D,descriptive_name,,,
OxBAG5,B,species_prefix_Ox,Ox,BAG5,
Oxepch,D,descriptive_name,,,
OXI1,C,bare_gene_symbol,,,
oxidase,D,descriptive_name,,,
oxidases,D,descriptive_name,,,
oxidation-reduction enzymes,D,descriptive_name,,,
oxidative enzyme,D,descriptive_name,,,
oxidative enzymes,D,descriptive_name,,,
oxidative stress genes,D,descriptive_name,,,
oxidative stress marker genes,D,descriptive_name,,,
oxidative stress response genes,D,descriptive_name,,,
oxidative stress-related proteins,D,descriptive_name,,,
oxidative systems,D,descriptive_name,,,
oxidizing enzyme,D,descriptive_name,,,
oxidizing enzymes,D,descriptive_name,,,
oxido-reductase genes,D,descriptive_name,,,
oxidoreductase,D,descriptive_name,,,
oxidoreductase 2OG-Fe(II) oxygenases,D,descriptive_name,,,
oxidoreductases,D,descriptive_name,,,
oxidosqualene cyclase,D,descriptive_name,,,
oxidosqualene cyclases,D,descriptive_name,,,
OXO,C,bare_gene_symbol,,,
OxO3,C,bare_gene_symbol,,,
OxO4,C,bare_gene_symbol,,,
Oxoglutarate dehydrogenase,D,descriptive_name,,,
oxophytodienoic acid reductase,D,descriptive_name,,,
OXS2,C,bare_gene_symbol,,,
oxygen evolving complexes,D,descriptive_name,,,
Oxygen methyl transferases,D,descriptive_name,,,
oxygen scavenging enzymes,D,descriptive_name,,,
oxygen-evolving complex,D,descriptive_name,,,
oxygen-evolving complex (OEC),D,descriptive_name,,,
Oxygen-Evolving Enhancer,D,descriptive_name,,,
Oxygen-evolving enhancer protein 1,D,descriptive_name,,,
oxygen-evolving enhancer protein 2-1,D,descriptive_name,,,
oxygen-evolving enzymes,D,descriptive_name,,,
oxygen-scavenging enzyme,D,descriptive_name,,,
oxyR,D,descriptive_name,,,
OxyR transcription factor,D,descriptive_name,,,
oxysterol-binding proteins,D,descriptive_name,,,
OZF2,C,bare_gene_symbol,,,
P,E,noise_too_short,,,
p(1.0)BjMTP1::GUSPlus,D,descriptive_name,,,
P-450 monooxygenase family,D,descriptive_name,,,
P-BG,D,descriptive_name,,,
P-box,D,descriptive_name,,,
P-box cis-acting elements,D,descriptive_name,,,
p-box cis-acting regulatory element,D,descriptive_name,,,
p-coumarate 3-hydroxylase,D,descriptive_name,,,
p-coumaroyl ester 3-hydroxylase,D,descriptive_name,,,
P-coumaroyl quinate/shikimate 3'-hydroxylase,D,descriptive_name,,,
p-Coumaroylshikimate 3-hydroxylase,D,descriptive_name,,,
P-glycoprotein,D,descriptive_name,,,
P-loop containing nucleoside triphosphate hydrolases,D,descriptive_name,,,
P-POX,D,descriptive_name,,,
P-protein,D,descriptive_name,,,
P-type ATPase,D,descriptive_name,,,
P-type ATPases,D,descriptive_name,,,
P-type II Ca2+ATPase genes,D,descriptive_name,,,
P-type II Ca2+ATPases,D,descriptive_name,,,
P12329,A,uniprot_accession,,,
P18123,A,uniprot_accession,,,
P1B-ATPase,D,descriptive_name,,,
P1B-ATPases,D,descriptive_name,,,
P21-Arc domain,D,descriptive_name,,,
p21WAF1 gene,D,descriptive_name,,,
p23-like protein,D,descriptive_name,,,
P3-G6PDH,D,descriptive_name,,,
p300,D,descriptive_name,,,
p33 replication protein,D,descriptive_name,,,
p35S::PILS3-RFP,D,descriptive_name,,,
p35S:AHL15,D,descriptive_name,,,
p35S:BBM-GR,D,descriptive_name,,,
P38P,C,bare_gene_symbol,,,
P4-ATPase,D,descriptive_name,,,
P4-ATPases,D,descriptive_name,,,
P4-type ATPase,D,descriptive_name,,,
P4-type ATPase family,D,descriptive_name,,,
P4-type ATPases,D,descriptive_name,,,
P444,C,bare_gene_symbol,,,
P450,C,bare_gene_symbol,,,
P450 enzymes,D,descriptive_name,,,
P450 family genes,D,descriptive_name,,,
P450 genes,D,descriptive_name,,,
P450 monooxygenase,D,descriptive_name,,,
P450 oxidoreductase,D,descriptive_name,,,
P450s,D,descriptive_name,,,
P46422,A,uniprot_accession,,,
P58IPK,C,bare_gene_symbol,,,
P5C reductase,D,descriptive_name,,,
P5C synthetase,D,descriptive_name,,,
P5C1,C,bare_gene_symbol,,,
P5CDH,C,bare_gene_symbol,,,
P5CR,C,bare_gene_symbol,,,
P5CS,C,bare_gene_symbol,,,
P5CS gene,D,descriptive_name,,,
P5CS1,C,bare_gene_symbol,,,
P5CS2,C,bare_gene_symbol,,,
P5CS3,C,bare_gene_symbol,,,
P5CSA,C,bare_gene_symbol,,,
P5CSB,C,bare_gene_symbol,,,
P5CSB protein,D,descriptive_name,,,
p68,D,descriptive_name,,,
P700,C,bare_gene_symbol,,,
P700 apoproteins,D,descriptive_name,,,
p92,D,descriptive_name,,,
p92 RdRp,D,descriptive_name,,,
P998,C,bare_gene_symbol,,,
PA,E,noise_too_short,,,
PA acetyltransferases,D,descriptive_name,,,
PA metabolism genes,D,descriptive_name,,,
PA phosphatase,D,descriptive_name,,,
PA phosphatases,D,descriptive_name,,,
PA-Oxidase,D,descriptive_name,,,
PA-preferring phospholipase A1,D,descriptive_name,,,
PAA1,C,bare_gene_symbol,,,
PAAS,C,bare_gene_symbol,,,
PaBADH,B,species_prefix_Pa,Pa,BADH,
PaCER1,B,species_prefix_Pa,Pa,CER1,
PAD3,C,bare_gene_symbol,,,
PAD4,C,bare_gene_symbol,,,
PAE,C,bare_gene_symbol,,,
PAE8,C,bare_gene_symbol,,,
PaFAD,B,species_prefix_Pa,Pa,FAD,
PaFAD gene,D,descriptive_name,,,
PaFAD genes,D,descriptive_name,,,
PaFAD1.6,D,descriptive_name,,,
PaFAD1.7,D,descriptive_name,,,
PaFAD3,B,species_prefix_Pa,Pa,FAD3,
PaFAD6,B,species_prefix_Pa,Pa,FAD6,
PaFAD7,B,species_prefix_Pa,Pa,FAD7,
PaFAD8,B,species_prefix_Pa,Pa,FAD8,
pAFB3::GUS,D,descriptive_name,,,
PAGR,C,bare_gene_symbol,,,
PAH,C,bare_gene_symbol,,,
PAH1,C,bare_gene_symbol,,,
PAH2,C,bare_gene_symbol,,,
PAL,C,bare_gene_symbol,,,
PAL enzyme,D,descriptive_name,,,
PAL enzyme family,D,descriptive_name,,,
PAL enzymes,D,descriptive_name,,,
PAL gene,D,descriptive_name,,,
PAL gene family,D,descriptive_name,,,
PAL genes,D,descriptive_name,,,
PAL unigenes,D,descriptive_name,,,
PAL1,C,bare_gene_symbol,,,
PAL2,C,bare_gene_symbol,,,
pAl3,D,descriptive_name,,,
PAL5-3,D,descriptive_name,,,
PAL8,C,bare_gene_symbol,,,
PAL_00141.2,D,descriptive_name,,,
PAL_01110.2,D,descriptive_name,,,
PAL_01795.2,D,descriptive_name,,,
palmitoyl protein thioesterase,D,descriptive_name,,,
palmitoyl-monogalactosyldiacylglycerol delta-7 desaturase,D,descriptive_name,,,
PALs,D,descriptive_name,,,
PALY,C,bare_gene_symbol,,,
PAM,C,bare_gene_symbol,,,
pAM-PAT-YFP,D,descriptive_name,,,
pAmt,D,descriptive_name,,,
Pan-strain Core Dimorphism Genes,D,descriptive_name,,,
pancreatic lipase,D,descriptive_name,,,
pantothenate kinase,D,descriptive_name,,,
PAO,C,bare_gene_symbol,,,
PaO enzyme,D,descriptive_name,,,
PAO enzymes,D,descriptive_name,,,
PAO genes,D,descriptive_name,,,
PAO proteins,D,descriptive_name,,,
PAO1/2,D,descriptive_name,,,
PAO3,C,bare_gene_symbol,,,
PAO4,C,bare_gene_symbol,,,
PAOs,D,descriptive_name,,,
PAP,C,bare_gene_symbol,,,
PAP proteins,D,descriptive_name,,,
PAP-specific phosphatase,D,descriptive_name,,,
PAP1,C,bare_gene_symbol,,,
PAP1 enzymes,D,descriptive_name,,,
pap2,D,descriptive_name,,,
PAP2 functional domain,D,descriptive_name,,,
PAP4,C,bare_gene_symbol,,,
papain,D,descriptive_name,,,
papain-like apoplastic protease,D,descriptive_name,,,
Papain-like cysteine peptidases,D,descriptive_name,,,
papain-like protease,D,descriptive_name,,,
PAPR,C,bare_gene_symbol,,,
PAPs,D,descriptive_name,,,
PAPs proteins,D,descriptive_name,,,
PAPS synthetase,D,descriptive_name,,,
parental genes,D,descriptive_name,,,
PARG,C,bare_gene_symbol,,,
PARP,C,bare_gene_symbol,,,
PARP1,C,bare_gene_symbol,,,
PARPs,D,descriptive_name,,,
parY,D,descriptive_name,,,
PaSLD2,B,species_prefix_Pa,Pa,SLD2,
PaSOD,B,species_prefix_Pa,Pa,SOD,
PAT,C,bare_gene_symbol,,,
PAT1,C,bare_gene_symbol,,,
PAT10,C,bare_gene_symbol,,,
PAT16,C,bare_gene_symbol,,,
PAT2,C,bare_gene_symbol,,,
patatin,D,descriptive_name,,,
patatin storage proteins,D,descriptive_name,,,
patatin-like phospholipases,D,descriptive_name,,,
patatin-like protein 2,D,descriptive_name,,,
Patatin-like protein-2,D,descriptive_name,,,
patatins,D,descriptive_name,,,
pathogen protein gene,D,descriptive_name,,,
pathogen resistance genes,D,descriptive_name,,,
pathogen-associated defense genes,D,descriptive_name,,,
pathogen-associated protein genes,D,descriptive_name,,,
pathogen-related genes,D,descriptive_name,,,
pathogen-related protein,D,descriptive_name,,,
pathogen-related proteins,D,descriptive_name,,,
pathogenesis-related,D,descriptive_name,,,
pathogenesis-related (PR) protein genes,D,descriptive_name,,,
pathogenesis-related (PR) proteins,D,descriptive_name,,,
pathogenesis-related 1 gene family,D,descriptive_name,,,
pathogenesis-related gene,D,descriptive_name,,,
pathogenesis-related genes,D,descriptive_name,,,
pathogenesis-related protein,D,descriptive_name,,,
pathogenesis-related protein 1,D,descriptive_name,,,
pathogenesis-related protein class 10,D,descriptive_name,,,
pathogenesis-related protein gene,D,descriptive_name,,,
pathogenesis-related proteins,D,descriptive_name,,,
pathogenesis-related proteins of group 10,D,descriptive_name,,,
PATL2,C,bare_gene_symbol,,,
pattern recognition receptors,D,descriptive_name,,,
pattern-recognition receptors,D,descriptive_name,,,
Pavir.1KG123700.v4.1,D,descriptive_name,,,
Pavir.3KG247300.v4.1,D,descriptive_name,,,
Pavir.3KG389500.v4.1,D,descriptive_name,,,
Pavir.4KG264600.v4,D,descriptive_name,,,
Pavir.6NG292200.v4.1,D,descriptive_name,,,
PavTCP1,B,species_prefix_Pav,Pav,TCP1,
PavTCP2,B,species_prefix_Pav,Pav,TCP2,
PavTCP3,B,species_prefix_Pav,Pav,TCP3,
PB1,C,bare_gene_symbol,,,
PB1 domain,D,descriptive_name,,,
PbbZIP,B,species_prefix_Pbb,Pbb,ZIP,
PbbZIP family,D,descriptive_name,,,
PbbZIP gene family,D,descriptive_name,,,
PbbZIP gene promoters,D,descriptive_name,,,
PbbZIP genes,D,descriptive_name,,,
PbbZIP promoters,D,descriptive_name,,,
PbbZIP67,B,species_prefix_Pbb,Pbb,ZIP67,
PBC,C,bare_gene_symbol,,,
PbDIR4,B,species_prefix_Pb,Pb,DIR4,
PBGD,C,bare_gene_symbol,,,
PBGD gene,D,descriptive_name,,,
PBGD2,C,bare_gene_symbol,,,
PBGS,C,bare_gene_symbol,,,
pBRI1::BRI1-GFP,D,descriptive_name,,,
PBS3,C,bare_gene_symbol,,,
PbTCP,B,species_prefix_Pb,Pb,TCP,
PbTCP gene family,D,descriptive_name,,,
PbTCP genes,D,descriptive_name,,,
PbTCP23,B,species_prefix_Pb,Pb,TCP23,
pBTS::LUC,D,descriptive_name,,,
PBZ1,C,bare_gene_symbol,,,
Pc,E,noise_too_short,,,
PC genes,D,descriptive_name,,,
PC synthase,D,descriptive_name,,,
PC-NPC,D,descriptive_name,,,
PC-PLA1,D,descriptive_name,,,
PC-PLC,D,descriptive_name,,,
pCabZIP63,D,descriptive_name,,,
pCAMBIA1303,D,descriptive_name,,,
PCaP1,C,bare_gene_symbol,,,
PCBER1,C,bare_gene_symbol,,,
PCDGs,D,descriptive_name,,,
pCFDR1,D,descriptive_name,,,
PCH_01391.2,D,descriptive_name,,,
PCH_01677.2,D,descriptive_name,,,
PCH_02292.2,D,descriptive_name,,,
PCH_02435.2,D,descriptive_name,,,
PcISPS,B,species_prefix_Pc,Pc,ISPS,
pckA,D,descriptive_name,,,
PCM,C,bare_gene_symbol,,,
PCNA,C,bare_gene_symbol,,,
PCP,C,bare_gene_symbol,,,
PcPSY,B,species_prefix_Pc,Pc,PSY,
PCR,C,bare_gene_symbol,,,
PCR2,C,bare_gene_symbol,,,
PCs,D,descriptive_name,,,
PCS gene,D,descriptive_name,,,
PCS1,C,bare_gene_symbol,,,
PCS2,C,bare_gene_symbol,,,
PD,E,noise_too_short,,,
PD-LOCALIZED PROTEINS,D,descriptive_name,,,
PD1L,C,bare_gene_symbol,,,
PDAT,C,bare_gene_symbol,,,
PDAT enzyme,D,descriptive_name,,,
PDAT1,C,bare_gene_symbol,,,
PDAT1 enzyme,D,descriptive_name,,,
PDAT1-A,D,descriptive_name,,,
PDAT2,C,bare_gene_symbol,,,
pdat3,D,descriptive_name,,,
PDC,C,bare_gene_symbol,,,
PDC genes,D,descriptive_name,,,
PDC1,C,bare_gene_symbol,,,
PDCB2,C,bare_gene_symbol,,,
PDCB3,C,bare_gene_symbol,,,
PDCBs,D,descriptive_name,,,
PdCDIE1,B,species_prefix_Pd,Pd,CDIE1,
PdCESA8,B,species_prefix_Pd,Pd,CESA8,
PdCOMT2,B,species_prefix_Pd,Pd,COMT2,
PDCT,C,bare_gene_symbol,,,
PDCTs,D,descriptive_name,,,
PDF1.2,C,bare_gene_symbol,,,
PDF1.2a,D,descriptive_name,,,
PDF1.2b,D,descriptive_name,,,
PDF1.4,C,bare_gene_symbol,,,
PDF2.2,C,bare_gene_symbol,,,
PDH,C,bare_gene_symbol,,,
PDH E1 beta subunit,D,descriptive_name,,,
PDH kinases,D,descriptive_name,,,
PDH-E1 ALPHA,D,descriptive_name,,,
PDHB,C,bare_gene_symbol,,,
PDHC,C,bare_gene_symbol,,,
PDHE1,C,bare_gene_symbol,,,
PDI,C,bare_gene_symbol,,,
pdi-AtPDI1m1/m2,D,descriptive_name,,,
PDI-like proteins,D,descriptive_name,,,
PDI9,C,bare_gene_symbol,,,
PDIL,C,bare_gene_symbol,,,
PDIL1,C,bare_gene_symbol,,,
PDIL1-1,D,descriptive_name,,,
PdIspS,B,species_prefix_Pd,Pd,IspS,
PDLPs,D,descriptive_name,,,
PDR,C,bare_gene_symbol,,,
PDR family genes,D,descriptive_name,,,
PDR family transporters,D,descriptive_name,,,
PDR12,C,bare_gene_symbol,,,
pDR5::GFP,D,descriptive_name,,,
pDR5:GUS,D,descriptive_name,,,
pDR5rev::GFP,D,descriptive_name,,,
pDR5rev::mRFP1er,D,descriptive_name,,,
PDS,C,bare_gene_symbol,,,
PDS-1,D,descriptive_name,,,
PDX1,C,bare_gene_symbol,,,
PDX1-like protein 3,D,descriptive_name,,,
PDX1.1,C,bare_gene_symbol,,,
PDX1.2,C,bare_gene_symbol,,,
PDX1.2 gene,D,descriptive_name,,,
PDX1.2-PDX1.3 complexes,D,descriptive_name,,,
PDX1.2-YFP fusion proteins,D,descriptive_name,,,
PDX1.3,C,bare_gene_symbol,,,
PDX2,C,bare_gene_symbol,,,
PE,E,noise_too_short,,,
pea protein ABR17,D,descriptive_name,,,
pEAQ-HT vector system,D,descriptive_name,,,
pEAQ-VvHSP24-GFP,D,descriptive_name,,,
pEarleyGate 103-FaHsfC1b,D,descriptive_name,,,
PEBPs,D,descriptive_name,,,
PebZIP genes,D,descriptive_name,,,
PebZIP transcription factors,D,descriptive_name,,,
PebZIP20,B,species_prefix_Peb,Peb,ZIP20,
PebZIP21,B,species_prefix_Peb,Peb,ZIP21,
PebZIP29,B,species_prefix_Peb,Peb,ZIP29,
PebZIP31,B,species_prefix_Peb,Peb,ZIP31,
PebZIP37,B,species_prefix_Peb,Peb,ZIP37,
PebZIP42,B,species_prefix_Peb,Peb,ZIP42,
PebZIP48,B,species_prefix_Peb,Peb,ZIP48,
PebZIP56,B,species_prefix_Peb,Peb,ZIP56,
PebZIPs,B,species_prefix_Peb,Peb,ZIPs,
PECT,C,bare_gene_symbol,,,
pectate lyase,D,descriptive_name,,,
pectate lyases,D,descriptive_name,,,
PECTIC ARABINOGALACTAN SYNTHESIS-RELATED,D,descriptive_name,,,
pectin acetylesterase,D,descriptive_name,,,
pectin esterase,D,descriptive_name,,,
Pectin esterases,D,descriptive_name,,,
pectin lyase,D,descriptive_name,,,
pectin lyase-like protein,D,descriptive_name,,,
pectin lyase-like proteins,D,descriptive_name,,,
pectin lyases,D,descriptive_name,,,
pectin methy-,D,descriptive_name,,,
pectin methyl esterase,D,descriptive_name,,,
Pectin methyl esterase inhibitors,D,descriptive_name,,,
pectin methyl esterases,D,descriptive_name,,,
pectin methyl-esterases,D,descriptive_name,,,
pectin methylesterase,D,descriptive_name,,,
pectin methylesterase inhibitor gene,D,descriptive_name,,,
pectin methylesterase inhibitors,D,descriptive_name,,,
pectin methylesterases,D,descriptive_name,,,
pectin-degrading enzymes,D,descriptive_name,,,
pectin-modifying enzymes,D,descriptive_name,,,
Pectin-related genes,D,descriptive_name,,,
pectinacetylesterases,D,descriptive_name,,,
Pectinase,D,descriptive_name,,,
pectinase enzymes,D,descriptive_name,,,
pectinase genes,D,descriptive_name,,,
Pectinases,D,descriptive_name,,,
pectinesterase,D,descriptive_name,,,
Pectinesterase 3,D,descriptive_name,,,
pectinesterase inhibitor,D,descriptive_name,,,
pectinesterase inhibitor 7-like protein,D,descriptive_name,,,
pectinesterase inhibitors,D,descriptive_name,,,
pectinesterases,D,descriptive_name,,,
pectolytic enzymes,D,descriptive_name,,,
PeCWINV5,B,species_prefix_Pe,Pe,CWINV5,
PED1,C,bare_gene_symbol,,,
peEF2-kinase,D,descriptive_name,,,
PeGSTU58,B,species_prefix_Pe,Pe,GSTU58,
PeHSF,B,species_prefix_Pe,Pe,HSF,
PeHsf family,D,descriptive_name,,,
PeHSF genes,D,descriptive_name,,,
PeHsf01,B,species_prefix_Pe,Pe,Hsf01,
PeHsf06,B,species_prefix_Pe,Pe,Hsf06,
PeHsf13,B,species_prefix_Pe,Pe,Hsf13,
PeHsf15,B,species_prefix_Pe,Pe,Hsf15,
PeHsf17,B,species_prefix_Pe,Pe,Hsf17,
PeHsf27,B,species_prefix_Pe,Pe,Hsf27,
PeHsf31,B,species_prefix_Pe,Pe,Hsf31,
PeHsf33,B,species_prefix_Pe,Pe,Hsf33,
PeHsf40,B,species_prefix_Pe,Pe,Hsf40,
PeHVA22,B,species_prefix_Pe,Pe,HVA22,
PeHVA22A,B,species_prefix_Pe,Pe,HVA22A,
PeHVA22A-F,B,species_prefix_Pe,Pe,HVA22A-F,
PeHVA22C,B,species_prefix_Pe,Pe,HVA22C,
PeHVA22D,B,species_prefix_Pe,Pe,HVA22D,
PeHVA22E,B,species_prefix_Pe,Pe,HVA22E,
PeHVA22F,B,species_prefix_Pe,Pe,HVA22F,
peIF2,D,descriptive_name,,,
peIF2α,D,descriptive_name,,,
PeINV,B,species_prefix_Pe,Pe,INV,
PEMTs,D,descriptive_name,,,
PEN2,C,bare_gene_symbol,,,
PEN3,C,bare_gene_symbol,,,
PeNAC036,B,species_prefix_Pe,Pe,NAC036,
PEND proteins,D,descriptive_name,,,
penetration 2,D,descriptive_name,,,
pentatricopeptide repeat,D,descriptive_name,,,
pentatricopeptide repeat proteins,D,descriptive_name,,,
pentatricopeptide-repeat,D,descriptive_name,,,
pentatricopeptide-repeat (PPR) containing genes,D,descriptive_name,,,
PEP,C,bare_gene_symbol,,,
PEP carboxylase,D,descriptive_name,,,
PEP transporter,D,descriptive_name,,,
PEP transporters,D,descriptive_name,,,
PEP/phosphate translocator,D,descriptive_name,,,
PEP/Pi antiporter,D,descriptive_name,,,
PepA,D,descriptive_name,,,
PEPC,C,bare_gene_symbol,,,
PEPC1,C,bare_gene_symbol,,,
pepc1 gene,D,descriptive_name,,,
PEPC3,C,bare_gene_symbol,,,
PEPCase,D,descriptive_name,,,
PEPCK,C,bare_gene_symbol,,,
PEPR1,C,bare_gene_symbol,,,
peptidase,D,descriptive_name,,,
peptidase A1 domain-containing protein,D,descriptive_name,,,
Peptidase S8,D,descriptive_name,,,
peptidases,D,descriptive_name,,,
peptide,D,descriptive_name,,,
peptide methionine sulfoxide reductase 3,D,descriptive_name,,,
Peptide transport,D,descriptive_name,,,
Peptide transporters,D,descriptive_name,,,
peptide-methionine (R)-S-oxide reductase,D,descriptive_name,,,
peptides,D,descriptive_name,,,
peptidoglycan receptor,D,descriptive_name,,,
peptidoglycan recognition proteins,D,descriptive_name,,,
peptidyl-prolyl cis-trans isomerase FKBP62,D,descriptive_name,,,
peptidyltransferase,D,descriptive_name,,,
PER,C,bare_gene_symbol,,,
PER12,C,bare_gene_symbol,,,
PER2,C,bare_gene_symbol,,,
PER25,C,bare_gene_symbol,,,
PER3,C,bare_gene_symbol,,,
PER3 peroxidase,D,descriptive_name,,,
PER42,C,bare_gene_symbol,,,
PER72,C,bare_gene_symbol,,,
PeREM6.5,D,descriptive_name,,,
peridinin-chlorophyll a-binding protein,D,descriptive_name,,,
PERK12,C,bare_gene_symbol,,,
permease family,D,descriptive_name,,,
permeases,D,descriptive_name,,,
Perox4,C,bare_gene_symbol,,,
peroxidase,D,descriptive_name,,,
peroxidase 12-like,D,descriptive_name,,,
peroxidase 15,D,descriptive_name,,,
peroxidase 2,D,descriptive_name,,,
peroxidase 24 precursor,D,descriptive_name,,,
peroxidase 3,D,descriptive_name,,,
Peroxidase 4,D,descriptive_name,,,
peroxidase 4-like,D,descriptive_name,,,
peroxidase 42,D,descriptive_name,,,
peroxidase 44,D,descriptive_name,,,
Peroxidase 50,D,descriptive_name,,,
peroxidase 51-like,D,descriptive_name,,,
Peroxidase 54,D,descriptive_name,,,
Peroxidase A2,D,descriptive_name,,,
peroxidase enzymes,D,descriptive_name,,,
peroxidase family,D,descriptive_name,,,
peroxidase gene,D,descriptive_name,,,
peroxidase genes,D,descriptive_name,,,
peroxidase isoforms,D,descriptive_name,,,
peroxidase N1-like,D,descriptive_name,,,
peroxidase superfamily,D,descriptive_name,,,
peroxidase-related genes,D,descriptive_name,,,
peroxidases,D,descriptive_name,,,
peroxidases A,D,descriptive_name,,,
peroxidases B,D,descriptive_name,,,
Peroxide,D,descriptive_name,,,
peroxide dismutase,D,descriptive_name,,,
Peroxiredoxin,D,descriptive_name,,,
peroxiredoxin 1,D,descriptive_name,,,
Peroxiredoxin 2C,D,descriptive_name,,,
Peroxiredoxin II E,D,descriptive_name,,,
peroxiredoxin Q,D,descriptive_name,,,
peroxiredoxins,D,descriptive_name,,,
peroxisomal (S)-2-hydroxy-acid oxidase,D,descriptive_name,,,
peroxisomal 3-ketoacyl-CoA thiolase,D,descriptive_name,,,
peroxisomal acyl-CoA oxidase,D,descriptive_name,,,
Peroxisomal acyl-coenzyme A oxidase 1,D,descriptive_name,,,
peroxisomal ascorbate peroxidase 5,D,descriptive_name,,,
peroxisomal ascorbate peroxidase gene,D,descriptive_name,,,
Peroxisomal catalase,D,descriptive_name,,,
peroxisomal enzymes,D,descriptive_name,,,
peroxisomal gene,D,descriptive_name,,,
peroxisome catalase,D,descriptive_name,,,
peroxygenase,D,descriptive_name,,,
peroxygenase 3,D,descriptive_name,,,
persulfide dioxygenase ETHE1,D,descriptive_name,,,
PES,C,bare_gene_symbol,,,
PES1,C,bare_gene_symbol,,,
PES2,C,bare_gene_symbol,,,
PesCAO1,B,species_prefix_Pes,Pes,CAO1,
PesCAO2,B,species_prefix_Pes,Pes,CAO2,
PesCAO3,B,species_prefix_Pes,Pes,CAO3,
PesCAO6,B,species_prefix_Pes,Pes,CAO6,
PesGSH1,B,species_prefix_Pes,Pes,GSH1,
PesGST,B,species_prefix_Pes,Pes,GST,
PesPK,D,descriptive_name,,,
PesSAUR1,B,species_prefix_Pes,Pes,SAUR1,
PesXTH1,B,species_prefix_Pes,Pes,XTH1,
Pet,D,descriptive_name,,,
PET inhibitor,D,descriptive_name,,,
pET23c vector,D,descriptive_name,,,
pET28a,D,descriptive_name,,,
pET28a-OsLAC12 fusion protein,D,descriptive_name,,,
pET30a expression vectors,D,descriptive_name,,,
pET30a-CsTCTP1,D,descriptive_name,,,
pET30a-CsTCTP2,D,descriptive_name,,,
PetA,D,descriptive_name,,,
PETAL LOSS,D,descriptive_name,,,
petC,D,descriptive_name,,,
PeTCP,B,species_prefix_Pe,Pe,TCP,
PETF,C,bare_gene_symbol,,,
petF gene,D,descriptive_name,,,
petH,D,descriptive_name,,,
petH gene,D,descriptive_name,,,
PeuGAT3,B,species_prefix_Peu,Peu,GAT3,
PeVQ28,B,species_prefix_Pe,Pe,VQ28,
PF14381,C,bare_gene_symbol,,,
PFG3,C,bare_gene_symbol,,,
PFK,C,bare_gene_symbol,,,
PFK-5,D,descriptive_name,,,
PFK5,C,bare_gene_symbol,,,
PFOR,C,bare_gene_symbol,,,
PFP,C,bare_gene_symbol,,,
PG,E,noise_too_short,,,
PG1,C,bare_gene_symbol,,,
Pg47,C,bare_gene_symbol,,,
PGAM,C,bare_gene_symbol,,,
PGB,C,bare_gene_symbol,,,
PGB genes,D,descriptive_name,,,
PGB1,C,bare_gene_symbol,,,
PGB2,C,bare_gene_symbol,,,
PGB3,C,bare_gene_symbol,,,
pGCN2,D,descriptive_name,,,
PgEXP,B,species_prefix_Pg,Pg,EXP,
PgGPXL1,B,species_prefix_Pg,Pg,GPXL1,
PgGPXL2,B,species_prefix_Pg,Pg,GPXL2,
PgGST,B,species_prefix_Pg,Pg,GST,
PgHSC70,B,species_prefix_Pg,Pg,HSC70,
PgHSF4,B,species_prefix_Pg,Pg,HSF4,
PGI,C,bare_gene_symbol,,,
PGIP,C,bare_gene_symbol,,,
PGIPs,D,descriptive_name,,,
PGK,C,bare_gene_symbol,,,
Pgk1,C,bare_gene_symbol,,,
PGL,C,bare_gene_symbol,,,
PGL3,C,bare_gene_symbol,,,
PGLP1,C,bare_gene_symbol,,,
PGLS genes,D,descriptive_name,,,
PGM,C,bare_gene_symbol,,,
pgm1,D,descriptive_name,,,
PgMYB genes,D,descriptive_name,,,
PgMYB transcription factors,D,descriptive_name,,,
PgMYB1,B,species_prefix_Pg,Pg,MYB1,
PgMYB134,B,species_prefix_Pg,Pg,MYB134,
PgMYB187,B,species_prefix_Pg,Pg,MYB187,
PgMYB198,B,species_prefix_Pg,Pg,MYB198,
PgMYB2,B,species_prefix_Pg,Pg,MYB2,
PgMYB229,B,species_prefix_Pg,Pg,MYB229,
PgMYB240,B,species_prefix_Pg,Pg,MYB240,
PgMYB279,B,species_prefix_Pg,Pg,MYB279,
PgMYB44,B,species_prefix_Pg,Pg,MYB44,
PgMYB49,B,species_prefix_Pg,Pg,MYB49,
PgMYB61,B,species_prefix_Pg,Pg,MYB61,
PgMYB88,B,species_prefix_Pg,Pg,MYB88,
PgMYB9,B,species_prefix_Pg,Pg,MYB9,
PgMYBs,B,species_prefix_Pg,Pg,MYBs,
PGP,C,bare_gene_symbol,,,
PGP1,C,bare_gene_symbol,,,
PGPM,C,bare_gene_symbol,,,
PGPP,C,bare_gene_symbol,,,
PGPS,C,bare_gene_symbol,,,
PGR,C,bare_gene_symbol,,,
PGR5,C,bare_gene_symbol,,,
PgRAV-04,B,species_prefix_Pg,Pg,RAV-04,
PGRL-1,D,descriptive_name,,,
PGRL1,C,bare_gene_symbol,,,
PGRP genes,D,descriptive_name,,,
PGRPs,D,descriptive_name,,,
PGs,D,descriptive_name,,,
PGSC0003DMG400010050,D,descriptive_name,,,
PGSC0003DMG400010051,D,descriptive_name,,,
PGSC0003DMG400027888,D,descriptive_name,,,
PGSC0003DMG400031457,D,descriptive_name,,,
PGSC0003DMG401001731,D,descriptive_name,,,
PGSC0003DMT400004597,D,descriptive_name,,,
PGSC0003DMT400013627,D,descriptive_name,,,
PGSC0003DMT400020589,D,descriptive_name,,,
PGSC0003DMT400020591,D,descriptive_name,,,
PGSC0003DMT400062314,D,descriptive_name,,,
PGSC0003DMT400072606,D,descriptive_name,,,
PGSIP1,C,bare_gene_symbol,,,
PGSIP3,C,bare_gene_symbol,,,
PGT1,C,bare_gene_symbol,,,
PgTCP26-02,B,species_prefix_Pg,Pg,TCP26-02,
PgTIL,B,species_prefix_Pg,Pg,TIL,
pH-sensitive enzymes,D,descriptive_name,,,
pH124,D,descriptive_name,,,
phaeophorbide a oxygenase,D,descriptive_name,,,
PhANGs,B,species_prefix_Ph,Ph,ANGs,
phase 2 detoxification enzymes,D,descriptive_name,,,
phase 2 enzyme,D,descriptive_name,,,
phase I/II enzymes,D,descriptive_name,,,
PhbCEF,B,species_prefix_Phb,Phb,CEF,
pheide a oxidase,D,descriptive_name,,,
PheLBD12,B,species_prefix_Phe,Phe,LBD12,
Phenazine biosynthetic genes,D,descriptive_name,,,
phenolic enzyme,D,descriptive_name,,,
phenoloxidative coupling protein,D,descriptive_name,,,
phenylacetaldehyde synthase,D,descriptive_name,,,
Phenylalaninammonialyase,D,descriptive_name,,,
Phenylalanine aminomutase,D,descriptive_name,,,
phenylalanine aminotransferase,D,descriptive_name,,,
phenylalanine ammonia lyase,D,descriptive_name,,,
Phenylalanine ammonia lyase 1,D,descriptive_name,,,
Phenylalanine ammonia-lyase,D,descriptive_name,,,
Phenylalanine ammonia-lyase 1,D,descriptive_name,,,
phenylalanine ammonia-lyase 6,D,descriptive_name,,,
Phenylalanine ammonia-lyase genes,D,descriptive_name,,,
phenylalanine ammonia-lyases,D,descriptive_name,,,
Phenylalanine Ammonia–Lyase,D,descriptive_name,,,
phenylalanine ammonium lyase,D,descriptive_name,,,
phenylalanine hydroxylases,D,descriptive_name,,,
phenylalanine lyase,D,descriptive_name,,,
phenylalanine-ammonia lyase,D,descriptive_name,,,
Phenylalanine-ammonia-lyase,D,descriptive_name,,,
phenylalanine/tyrosine ammonia-lyase,D,descriptive_name,,,
phenylcoumaran benzylic ether reductase,D,descriptive_name,,,
Phenylcoumaran benzylic ether reductase (spot 29),D,descriptive_name,,,
phenylpropanoid genes,D,descriptive_name,,,
phenylpropanoid metabolism-related genes,D,descriptive_name,,,
phenylpropanoid-flavonoid biosynthetic genes,D,descriptive_name,,,
pheophorbide a oxidase,D,descriptive_name,,,
pheophorbide a oxygenase,D,descriptive_name,,,
pheophorbide oxygenase,D,descriptive_name,,,
Pheophytin pheophorbide hydrolase,D,descriptive_name,,,
pheophytin pheophorbide hydrolyase,D,descriptive_name,,,
Pheophytinase,D,descriptive_name,,,
PhFBH4,B,species_prefix_Ph,Ph,FBH4,
PHGPx,D,descriptive_name,,,
PhHSF19,B,species_prefix_Ph,Ph,HSF19,
PHI-1,D,descriptive_name,,,
PHL1,C,bare_gene_symbol,,,
PHL6,C,bare_gene_symbol,,,
phnCE,D,descriptive_name,,,
Pho,D,descriptive_name,,,
PHO1,C,bare_gene_symbol,,,
PHO1 homolog 3,D,descriptive_name,,,
Pho1d,D,descriptive_name,,,
Pho2,C,bare_gene_symbol,,,
PHO2 mRNA,D,descriptive_name,,,
PhoA,D,descriptive_name,,,
phoD,D,descriptive_name,,,
PHOL,C,bare_gene_symbol,,,
Phos,D,descriptive_name,,,
phosphatase,D,descriptive_name,,,
phosphatase 2A,D,descriptive_name,,,
phosphatase enzymes,D,descriptive_name,,,
phosphatases,D,descriptive_name,,,
phosphate adenylyltransferase,D,descriptive_name,,,
phosphate binding cassette,D,descriptive_name,,,
phosphate import ATP-binding protein PstB,D,descriptive_name,,,
phosphate translocators,D,descriptive_name,,,
phosphate transport genes,D,descriptive_name,,,
phosphate transporter,D,descriptive_name,,,
phosphate transporter genes,D,descriptive_name,,,
phosphate transporters,D,descriptive_name,,,
Phosphate transporters 1,D,descriptive_name,,,
Phosphate transporters 2,D,descriptive_name,,,
phosphate uptake genes,D,descriptive_name,,,
phosphate-induced protein,D,descriptive_name,,,
phosphatidic acid hydrolases,D,descriptive_name,,,
phosphatidic acid phosphatase,D,descriptive_name,,,
phosphatidic acid phosphatases,D,descriptive_name,,,
phosphatidic acid phosphohydrolase,D,descriptive_name,,,
phosphatidyl ethanolamine binding proteins,D,descriptive_name,,,
Phosphatidylcholine diacylglycerol cholinephosphotransferase 1,D,descriptive_name,,,
phosphatidylcholine synthase,D,descriptive_name,,,
Phosphatidylcholine-specific PLC,D,descriptive_name,,,
Phosphatidylethanolamine-binding protein,D,descriptive_name,,,
"Phosphatidylinositol 3,4-kinase",D,descriptive_name,,,
phosphatidylinositol 3-kinase,D,descriptive_name,,,
phosphatidylinositol 3-kinases,D,descriptive_name,,,
Phosphatidylinositol 4 phosphate 5 kinase 3,D,descriptive_name,,,
Phosphatidylinositol 4 phosphate 5-kinase,D,descriptive_name,,,
phosphatidylinositol 4-kinase,D,descriptive_name,,,
Phosphatidylinositol 4-phosphate 5-kinase,D,descriptive_name,,,
phosphatidylinositol phosphate kinase,D,descriptive_name,,,
phosphatidylinositol phospholipase C,D,descriptive_name,,,
Phosphatidylinositol transfer protein,D,descriptive_name,,,
Phosphatidylinositol-specific Phospholipase C,D,descriptive_name,,,
Phosphatidylinositol/phosphatidylcholine transfer protein SFH13,D,descriptive_name,,,
phosphatidylserine decarboxylase,D,descriptive_name,,,
phosphatidylserine synthase,D,descriptive_name,,,
phosphite dehydrogenase D,D,descriptive_name,,,
phospho-2-dehydro-3-deoxyheptonate aldolase,D,descriptive_name,,,
phospho-eIF2α antibodies,D,descriptive_name,,,
phospho-MVA kinase,D,descriptive_name,,,
phosphoadenosine 5'-phosphate (PAP)-specific phosphatase,D,descriptive_name,,,
phosphodiesterase,D,descriptive_name,,,
phosphodiesterases,D,descriptive_name,,,
Phosphoeno/lpyruvate carboxykinase,D,descriptive_name,,,
phosphoenolpyruvate,D,descriptive_name,,,
Phosphoenolpyruvate carboxykinase,D,descriptive_name,,,
Phosphoenolpyruvate carboxykinase (ATP),D,descriptive_name,,,
phosphoenolpyruvate carboxykinase (ATP) 2,D,descriptive_name,,,
Phosphoenolpyruvate carboxylase,D,descriptive_name,,,
phosphoenolpyruvate carboxylase kinase,D,descriptive_name,,,
phosphoenolpyruvate transporter,D,descriptive_name,,,
phosphoethanolamine N-methyltransferase,D,descriptive_name,,,
phosphofructokinase,D,descriptive_name,,,
phosphofructokinase 3,D,descriptive_name,,,
phosphofructokinase-1,D,descriptive_name,,,
phosphoglucan water dikinase,D,descriptive_name,,,
"phosphoglucan, water dikinase",D,descriptive_name,,,
phosphoglucoisomerase,D,descriptive_name,,,
phosphoglucomutase,D,descriptive_name,,,
phosphogluconate dehydrogenase (decarboxylating),D,descriptive_name,,,
phosphogluconate dehydrogenases,D,descriptive_name,,,
phosphoglucose isomerase,D,descriptive_name,,,
phosphoglycerate dehydrogenase,D,descriptive_name,,,
phosphoglycerate kinase,D,descriptive_name,,,
phosphoglycerate kinase gene,D,descriptive_name,,,
phosphoglycerate mutase,D,descriptive_name,,,
phosphoglycerate mutase-like protein,D,descriptive_name,,,
phosphoglycolate phosphatase,D,descriptive_name,,,
phosphoinositide phosphatase,D,descriptive_name,,,
phosphoinositide-specific phospholipase C,D,descriptive_name,,,
phosphoinositide-specific phospholipase C enzymes,D,descriptive_name,,,
phosphoinositide-specific phospholipase C isoforms,D,descriptive_name,,,
phosphoinositide-specific PLCs,D,descriptive_name,,,
phospholipase,D,descriptive_name,,,
phospholipase A,D,descriptive_name,,,
phospholipase A-related proteins,D,descriptive_name,,,
phospholipase A1,D,descriptive_name,,,
phospholipase A2,D,descriptive_name,,,
phospholipase B,D,descriptive_name,,,
phospholipase C,D,descriptive_name,,,
phospholipase D,D,descriptive_name,,,
phospholipase D alpha,D,descriptive_name,,,
PHOSPHOLIPASE D ALPHA 1,D,descriptive_name,,,
Phospholipase D delta,D,descriptive_name,,,
phospholipase D zeta 1,D,descriptive_name,,,
phospholipase D ζ1,D,descriptive_name,,,
phospholipase D ζ2,D,descriptive_name,,,
phospholipase domain,D,descriptive_name,,,
phospholipase Dα1,D,descriptive_name,,,
Phospholipase Dδ,D,descriptive_name,,,
phospholipase hydrolase,D,descriptive_name,,,
phospholipase PLA2A,D,descriptive_name,,,
PHOSPHOLIPASE1,D,descriptive_name,,,
phospholipases,D,descriptive_name,,,
phospholipases C,D,descriptive_name,,,
phospholipases D,D,descriptive_name,,,
phospholipid hydroperoxide glutathione peroxidase,D,descriptive_name,,,
phospholipid hydroperoxide glutathione peroxidase 6,D,descriptive_name,,,
phospholipid:DG acyltransferase,D,descriptive_name,,,
phosphomethylpyrimidine chloroplastic gene,D,descriptive_name,,,
phosphomethylpyrimidine synthase,D,descriptive_name,,,
phosphomevalonate kinase,D,descriptive_name,,,
phosphonoacetate hydrolases,D,descriptive_name,,,
phosphopantothenate—cysteine ligase,D,descriptive_name,,,
phosphoproteins,D,descriptive_name,,,
phosphoproteome,D,descriptive_name,,,
phosphopyruvate dehydrogenases,D,descriptive_name,,,
phosphoribohydrolase,D,descriptive_name,,,
phosphoribohydrolases,D,descriptive_name,,,
phosphoribokinase,D,descriptive_name,,,
phosphoribosyltransferase,D,descriptive_name,,,
phosphoribulokinase,D,descriptive_name,,,
phosphoric ester hydrolase,D,descriptive_name,,,
phosphorylating form,D,descriptive_name,,,
phosphorylative enzymes,D,descriptive_name,,,
phosphoserine aminotransferase,D,descriptive_name,,,
phosphoserine phosphatase,D,descriptive_name,,,
phosphotransfer proteins,D,descriptive_name,,,
PHOT1,C,bare_gene_symbol,,,
photochemical enzymes,D,descriptive_name,,,
photorespiratory enzymes,D,descriptive_name,,,
photosynthesis enzymes,D,descriptive_name,,,
photosynthesis genes,D,descriptive_name,,,
photosynthesis-associated genes,D,descriptive_name,,,
photosynthesis-associated nuclear genes,D,descriptive_name,,,
photosynthesis-related genes,D,descriptive_name,,,
photosynthesis-related protein,D,descriptive_name,,,
photosynthesis-related proteins,D,descriptive_name,,,
photosynthetic apparatus,D,descriptive_name,,,
photosynthetic complex,D,descriptive_name,,,
photosynthetic complexes,D,descriptive_name,,,
photosynthetic electron transport chain,D,descriptive_name,,,
photosynthetic electron transport proteins,D,descriptive_name,,,
photosynthetic enzymes,D,descriptive_name,,,
photosynthetic genes,D,descriptive_name,,,
photosynthetic machinery,D,descriptive_name,,,
photosynthetic NDH,D,descriptive_name,,,
photosynthetic NDH subunit of subcomplex B1,D,descriptive_name,,,
photosynthetic proteins,D,descriptive_name,,,
photosynthetic systems,D,descriptive_name,,,
photosystem complexes,D,descriptive_name,,,
photosystem components,D,descriptive_name,,,
photosystem D1 protein,D,descriptive_name,,,
photosystem I,E,noise_generic_term,,,
photosystem I P700 chlorophyll a apoprotein A2,D,descriptive_name,,,
photosystem I proteins,D,descriptive_name,,,
photosystem II,E,noise_generic_term,,,
photosystem II complex,D,descriptive_name,,,
photosystem II components,D,descriptive_name,,,
photosystem II D1 protein,D,descriptive_name,,,
Photosystem II P680 chlorophyll a apoprotein A1,D,descriptive_name,,,
photosystem II proteins,D,descriptive_name,,,
photosystem II reaction center proteins,D,descriptive_name,,,
photosystem proteins,D,descriptive_name,,,
photosystem reaction centers,D,descriptive_name,,,
photosystem subunits,D,descriptive_name,,,
photosystems,D,descriptive_name,,,
photosystems I,D,descriptive_name,,,
photosystems II,D,descriptive_name,,,
phototropin,D,descriptive_name,,,
phoU,D,descriptive_name,,,
Phox and Bem1 protein,D,descriptive_name,,,
PHP2,C,bare_gene_symbol,,,
PHP5,C,bare_gene_symbol,,,
PhPAL1,B,species_prefix_Ph,Ph,PAL1,
PhPAL2,B,species_prefix_Ph,Ph,PAL2,
PHR1,C,bare_gene_symbol,,,
Phrboh,D,descriptive_name,,,
PHS2,C,bare_gene_symbol,,,
pHSP70::LUC,D,descriptive_name,,,
PHSP70A-LUC,D,descriptive_name,,,
PHT,C,bare_gene_symbol,,,
PHT1,C,bare_gene_symbol,,,
PHT1 transporters,D,descriptive_name,,,
PHT1:1,D,descriptive_name,,,
PHT1;1,D,descriptive_name,,,
Pht1;4,D,descriptive_name,,,
PHT1;8,D,descriptive_name,,,
PHT2-1,D,descriptive_name,,,
PHT3;1,D,descriptive_name,,,
PhTPS,B,species_prefix_Ph,Ph,TPS,
PhTPS genes,D,descriptive_name,,,
PhTPS proteins,D,descriptive_name,,,
PhTPS1,B,species_prefix_Ph,Ph,TPS1,
PhTPS1–4,D,descriptive_name,,,
PhTPS2,B,species_prefix_Ph,Ph,TPS2,
PhTPS3,B,species_prefix_Ph,Ph,TPS3,
PhTPS4,B,species_prefix_Ph,Ph,TPS4,
Phvul.001G039700,D,descriptive_name,,,
Phvul.001G039800,D,descriptive_name,,,
Phvul.001G158100,D,descriptive_name,,,
Phvul.002G107100,D,descriptive_name,,,
Phvul.002G219300,D,descriptive_name,,,
Phvul.004G022000,D,descriptive_name,,,
Phvul.004G129400,D,descriptive_name,,,
Phvul.007G106300,D,descriptive_name,,,
Phvul.010G050500,D,descriptive_name,,,
Phvul.011G143100,D,descriptive_name,,,
Phvul.011G182500,D,descriptive_name,,,
phy,D,descriptive_name,,,
PHY B,D,descriptive_name,,,
phyA,D,descriptive_name,,,
phyABCD,D,descriptive_name,,,
phyABDE,D,descriptive_name,,,
phyB,D,descriptive_name,,,
phyB-9,D,descriptive_name,,,
phyB-9 mutants,D,descriptive_name,,,
phyB-PIF4 module,D,descriptive_name,,,
PHYB-PIF4 node,D,descriptive_name,,,
phyB1B2,D,descriptive_name,,,
phyB[G515E],D,descriptive_name,,,
phyB[G564E],D,descriptive_name,,,
phyBD,D,descriptive_name,,,
phycocyanin family,D,descriptive_name,,,
PHYD,C,bare_gene_symbol,,,
phyene synthase,D,descriptive_name,,,
Phylloplanin-like proteins,D,descriptive_name,,,
phylogenetic group D,D,descriptive_name,,,
phylogenetic group L,D,descriptive_name,,,
PHYs,D,descriptive_name,,,
phytases,D,descriptive_name,,,
phytochelatin synthase,D,descriptive_name,,,
phytochelatin synthase 1,D,descriptive_name,,,
phytochelatin synthase genes,D,descriptive_name,,,
phytochelatin synthases,D,descriptive_name,,,
phytochelatin synthetases,D,descriptive_name,,,
Phytochelatins,D,descriptive_name,,,
phytochrome,D,descriptive_name,,,
phytochrome B,D,descriptive_name,,,
phytochrome integrating factors,D,descriptive_name,,,
phytochrome-interacting factor,D,descriptive_name,,,
phytochrome-interacting factors,D,descriptive_name,,,
phytochromes,D,descriptive_name,,,
phytochromobilin oxidoreductase,D,descriptive_name,,,
phytocystatins,D,descriptive_name,,,
phytoene dehydrogenase,D,descriptive_name,,,
Phytoene desaturase,D,descriptive_name,,,
Phytoene synthase,D,descriptive_name,,,
Phytoene synthase 1,D,descriptive_name,,,
phytoene synthase 2,D,descriptive_name,,,
phytoene synthase gene,D,descriptive_name,,,
phytoglobin,D,descriptive_name,,,
Phytoglobins,D,descriptive_name,,,
phytohormone-pathway-related genes,D,descriptive_name,,,
phytohormone-related genes,D,descriptive_name,,,
phytohormone-responsive proteins,D,descriptive_name,,,
phytol ester synthase,D,descriptive_name,,,
phytol kinase,D,descriptive_name,,,
Phytosiderophore biosynthesis enzymes,D,descriptive_name,,,
phytyl ester synthases 1,D,descriptive_name,,,
phytyl ester synthases 2,D,descriptive_name,,,
phytyl-phosphate kinase,D,descriptive_name,,,
phz biosynthesis genes,D,descriptive_name,,,
phzF,D,descriptive_name,,,
pHΔWco1,D,descriptive_name,,,
PI DEGs,D,descriptive_name,,,
PI genes,D,descriptive_name,,,
PI phosphate kinase,D,descriptive_name,,,
Pi transporters,D,descriptive_name,,,
"PI(3,4)K",D,descriptive_name,,,
PI-PLC,D,descriptive_name,,,
PI-PLC 2,D,descriptive_name,,,
PI-PLC-X,D,descriptive_name,,,
PI-PLC-Y,D,descriptive_name,,,
PI-PLCs,D,descriptive_name,,,
PI-specific phospholipases,D,descriptive_name,,,
Pi-transporters,D,descriptive_name,,,
Pi12 resistance gene,D,descriptive_name,,,
PI3K,C,bare_gene_symbol,,,
PI4K,C,bare_gene_symbol,,,
PI4p5K,D,descriptive_name,,,
PIAL1,C,bare_gene_symbol,,,
PIAL2,C,bare_gene_symbol,,,
PID,C,bare_gene_symbol,,,
PIF,C,bare_gene_symbol,,,
PIF family transcription factors,D,descriptive_name,,,
PIF genes,D,descriptive_name,,,
PIF proteins,D,descriptive_name,,,
PIF transcription factors,D,descriptive_name,,,
PIF1,C,bare_gene_symbol,,,
PIF3,C,bare_gene_symbol,,,
PIF4,C,bare_gene_symbol,,,
PIF4 protein,D,descriptive_name,,,
PIF4 transcription factor,D,descriptive_name,,,
PIF4-MYC,D,descriptive_name,,,
PIF4-related gene,D,descriptive_name,,,
PIF4-YFP,D,descriptive_name,,,
PIF4p::GUS,D,descriptive_name,,,
PIF5,C,bare_gene_symbol,,,
PIF7,C,bare_gene_symbol,,,
PIFs,D,descriptive_name,,,
pigment-protein complexes,D,descriptive_name,,,
PII,C,bare_gene_symbol,,,
PIL3,C,bare_gene_symbol,,,
PIL5,C,bare_gene_symbol,,,
PILS,C,bare_gene_symbol,,,
PILS carriers,D,descriptive_name,,,
PILS protein,D,descriptive_name,,,
PILS proteins,D,descriptive_name,,,
pils triple mutants,D,descriptive_name,,,
PILS-GFP,D,descriptive_name,,,
PILS1,C,bare_gene_symbol,,,
PILS2,C,bare_gene_symbol,,,
PILS3,C,bare_gene_symbol,,,
PILS3 protein,D,descriptive_name,,,
PILS5,C,bare_gene_symbol,,,
PILS5-GFP,D,descriptive_name,,,
PILS5OE,C,bare_gene_symbol,,,
PILS6,C,bare_gene_symbol,,,
PILS7,C,bare_gene_symbol,,,
PIMT,C,bare_gene_symbol,,,
PIMT1,C,bare_gene_symbol,,,
PIN,C,bare_gene_symbol,,,
PIN efflux carriers,D,descriptive_name,,,
PIN family,D,descriptive_name,,,
PIN family facilitators,D,descriptive_name,,,
PIN genes,D,descriptive_name,,,
PIN protein,D,descriptive_name,,,
PIN proteins,D,descriptive_name,,,
PIN transporters,D,descriptive_name,,,
PIN-FORMED,D,descriptive_name,,,
PIN-FORMED 1,D,descriptive_name,,,
PIN-FORMED efflux transporters,D,descriptive_name,,,
PIN-FORMED transporters,D,descriptive_name,,,
PIN-GFP,D,descriptive_name,,,
PIN-type exporters,D,descriptive_name,,,
PIN-type transporters,D,descriptive_name,,,
PIN1,C,bare_gene_symbol,,,
PIN2,C,bare_gene_symbol,,,
PIN3,C,bare_gene_symbol,,,
PIN4,C,bare_gene_symbol,,,
PIN5,C,bare_gene_symbol,,,
PIN5b,D,descriptive_name,,,
PIN5c,D,descriptive_name,,,
PIN6,C,bare_gene_symbol,,,
PIN7,C,bare_gene_symbol,,,
PIN8,C,bare_gene_symbol,,,
PIN9,C,bare_gene_symbol,,,
pinene synthases,D,descriptive_name,,,
PINOID kinase,D,descriptive_name,,,
pinoresinol-lariciresinol reductase,D,descriptive_name,,,
pinosylvin synthase,D,descriptive_name,,,
PINs,D,descriptive_name,,,
PIP,C,bare_gene_symbol,,,
PIP aquaporins,D,descriptive_name,,,
PIP genes,D,descriptive_name,,,
PIP proteins,D,descriptive_name,,,
PIP subfamily,D,descriptive_name,,,
PIP type,D,descriptive_name,,,
PIP water channels,D,descriptive_name,,,
PIP-type water channel proteins,D,descriptive_name,,,
PIP1,C,bare_gene_symbol,,,
PIP1-1,D,descriptive_name,,,
PIP1-2,D,descriptive_name,,,
PIP1;4,D,descriptive_name,,,
PIP2,C,bare_gene_symbol,,,
PIP2-1,D,descriptive_name,,,
PIP2-2,D,descriptive_name,,,
PIP2-7,D,descriptive_name,,,
PIP2-8,D,descriptive_name,,,
PIP2-PLC,D,descriptive_name,,,
PIP2-specific phospholipase C,D,descriptive_name,,,
PIP2-specific-phospholipase,D,descriptive_name,,,
PIP5K,C,bare_gene_symbol,,,
PIP5K3,C,bare_gene_symbol,,,
PIPK,C,bare_gene_symbol,,,
PIPOX,C,bare_gene_symbol,,,
PIPs,D,descriptive_name,,,
PiPT,D,descriptive_name,,,
PIRC,C,bare_gene_symbol,,,
Pirin,D,descriptive_name,,,
PIs,D,descriptive_name,,,
PISTILLATA-like MADS box proteins,D,descriptive_name,,,
PK,E,noise_too_short,,,
PK1,C,bare_gene_symbol,,,
PKA,C,bare_gene_symbol,,,
PKC,C,bare_gene_symbol,,,
Pkc1,C,bare_gene_symbol,,,
PKCs,D,descriptive_name,,,
PKG,C,bare_gene_symbol,,,
PKP,C,bare_gene_symbol,,,
PKP-β1,D,descriptive_name,,,
PKP1,C,bare_gene_symbol,,,
PKR,C,bare_gene_symbol,,,
PKS,C,bare_gene_symbol,,,
PKS gene families,D,descriptive_name,,,
pks1,D,descriptive_name,,,
pks15,D,descriptive_name,,,
PKS2,C,bare_gene_symbol,,,
PKS4,C,bare_gene_symbol,,,
PKSB,C,bare_gene_symbol,,,
PKT3,C,bare_gene_symbol,,,
PKY8,C,bare_gene_symbol,,,
PL,E,noise_too_short,,,
PLA,C,bare_gene_symbol,,,
pla-roGFP2,D,descriptive_name,,,
PLA1,C,bare_gene_symbol,,,
PLA2,C,bare_gene_symbol,,,
PLAC8,C,bare_gene_symbol,,,
PLAC8 motif-containing proteins,D,descriptive_name,,,
placental aldose reductase,D,descriptive_name,,,
Plant aconitases,D,descriptive_name,,,
plant AGOs,D,descriptive_name,,,
plant aquaporin,D,descriptive_name,,,
plant aquaporin family,D,descriptive_name,,,
plant aquaporins,D,descriptive_name,,,
plant BAG genes,D,descriptive_name,,,
plant cadmium resistance,D,descriptive_name,,,
plant cell wall degrading enzymes,D,descriptive_name,,,
plant CNGCs,D,descriptive_name,,,
plant cyclic nucleotide-gated channels,D,descriptive_name,,,
plant cyclins,D,descriptive_name,,,
plant defense genes,D,descriptive_name,,,
plant defensin gene,D,descriptive_name,,,
plant defensins,D,descriptive_name,,,
plant elicitors,D,descriptive_name,,,
plant enzymes,D,descriptive_name,,,
plant growth regulators,D,descriptive_name,,,
plant heat sensor,D,descriptive_name,,,
plant IPK2 proteins,D,descriptive_name,,,
plant kinases,D,descriptive_name,,,
plant NADPH oxidases,D,descriptive_name,,,
plant pattern recognition receptors,D,descriptive_name,,,
plant peroxidases,D,descriptive_name,,,
plant polyamine oxidases,D,descriptive_name,,,
plant PR defense proteins,D,descriptive_name,,,
plant proteases,D,descriptive_name,,,
plant proteins,D,descriptive_name,,,
plant receptors,D,descriptive_name,,,
plant small heat shock proteins,D,descriptive_name,,,
plant surface receptors,D,descriptive_name,,,
plantacyanin,D,descriptive_name,,,
plasma membrane (PM) H+-ATPase,D,descriptive_name,,,
plasma membrane (PM) oxidoreductase,D,descriptive_name,,,
plasma membrane anion channels,D,descriptive_name,,,
plasma membrane antiporter,D,descriptive_name,,,
plasma membrane aquaporins,D,descriptive_name,,,
plasma membrane ATP synthase,D,descriptive_name,,,
plasma membrane ATPase,D,descriptive_name,,,
plasma membrane Ca2+ channels,D,descriptive_name,,,
plasma membrane Ca2+-permeable channel blocker,D,descriptive_name,,,
plasma membrane calcium channels,D,descriptive_name,,,
plasma membrane calcium ion channels,D,descriptive_name,,,
plasma membrane calcium-permeable channel,D,descriptive_name,,,
plasma membrane channels,D,descriptive_name,,,
plasma membrane enzyme,D,descriptive_name,,,
plasma membrane H+-ATPase,D,descriptive_name,,,
plasma membrane H+-ATPase genes,D,descriptive_name,,,
plasma membrane H+-ATPase inhibitor,D,descriptive_name,,,
plasma membrane H+-ATPase pump,D,descriptive_name,,,
plasma membrane H+-ATPases,D,descriptive_name,,,
plasma membrane H+/SO42− symporters,D,descriptive_name,,,
plasma membrane H-ATPase,D,descriptive_name,,,
plasma membrane intrinsic protein family,D,descriptive_name,,,
plasma membrane intrinsic proteins,D,descriptive_name,,,
plasma membrane NADPH oxidases,D,descriptive_name,,,
Plasma Membrane Protein 3,D,descriptive_name,,,
plasma membrane proteins,D,descriptive_name,,,
Plasma membrane proton ATPase,D,descriptive_name,,,
plasma membrane receptor BRI1,D,descriptive_name,,,
plasma membrane sulfate transporters,D,descriptive_name,,,
plasma membrane transporter,D,descriptive_name,,,
plasma membrane transporters,D,descriptive_name,,,
plasma membrane-associated thermosensors,D,descriptive_name,,,
plasma membrane-type,D,descriptive_name,,,
plasma-bound NADPH oxidase,D,descriptive_name,,,
plasma-membrane H+-ATPase,D,descriptive_name,,,
plasma-membrane-localized NADPH oxidases,D,descriptive_name,,,
plasmid,D,descriptive_name,,,
plasmids,D,descriptive_name,,,
plasmodesmata callose-binding protein,D,descriptive_name,,,
Plasmodesmata Callose-Binding Protein 3,D,descriptive_name,,,
PLASMODESMATA CALLOSE-BINDING PROTEINS,D,descriptive_name,,,
plastid alpha-amylases,D,descriptive_name,,,
plastid anthocyanidin,D,descriptive_name,,,
plastid desaturases,D,descriptive_name,,,
plastid envelope DNA-binding protein,D,descriptive_name,,,
Plastid lipid-Associated Protein,D,descriptive_name,,,
Plastid lipid-associated proteins,D,descriptive_name,,,
plastid pyruvate dehydrogenase,D,descriptive_name,,,
plastid terminal oxidase,D,descriptive_name,,,
plastid-lipid-associated protein 13,D,descriptive_name,,,
plastid-localized enzymes,D,descriptive_name,,,
plastid-localized FAD6,D,descriptive_name,,,
plastid-localized SAD,D,descriptive_name,,,
plastidial,D,descriptive_name,,,
plastidial acyl-ACP desaturases,D,descriptive_name,,,
plastidial glyceraldehyde 3-phosphate dehydrogenase,D,descriptive_name,,,
plastidial pyruvate dehydrogenase complex,D,descriptive_name,,,
plastidial starch phosphorylase,D,descriptive_name,,,
plastidial transcripts,D,descriptive_name,,,
plastidic [Cu-Zn] SOD,D,descriptive_name,,,
plastidic acylhydrolases,D,descriptive_name,,,
plastidic FAD8,D,descriptive_name,,,
plastidic fatty acid desaturases,D,descriptive_name,,,
plastidic GLC translocators,D,descriptive_name,,,
plastidic glucose transporter 1 gene,D,descriptive_name,,,
plastidic prenyl diphosphate synthase,D,descriptive_name,,,
plastocyanin,D,descriptive_name,,,
plastoquinol terminal oxidase,D,descriptive_name,,,
PLAT/LH2,D,descriptive_name,,,
PLC,C,bare_gene_symbol,,,
PLC-like phosphodiesterases,D,descriptive_name,,,
PLC2-like gene,D,descriptive_name,,,
PLC3,C,bare_gene_symbol,,,
PLC30,C,bare_gene_symbol,,,
PLC5,C,bare_gene_symbol,,,
PlCOMT2,B,species_prefix_Pl,Pl,COMT2,
PLCs,D,descriptive_name,,,
PlCSD,B,species_prefix_Pl,Pl,CSD,
PlCSD1-1,B,species_prefix_Pl,Pl,CSD1-1,
PlCSD1-2,B,species_prefix_Pl,Pl,CSD1-2,
PlCSD2-1,B,species_prefix_Pl,Pl,CSD2-1,
PlCSD3,B,species_prefix_Pl,Pl,CSD3,
PLD,C,bare_gene_symbol,,,
PLD enzymes,D,descriptive_name,,,
PLD gene family,D,descriptive_name,,,
PLD α1,D,descriptive_name,,,
PLD ζ1,D,descriptive_name,,,
PLD ζ2,D,descriptive_name,,,
PLD1/2,D,descriptive_name,,,
PLDa2,C,bare_gene_symbol,,,
PLDALPHA1,C,bare_gene_symbol,,,
PLDZETA1,C,bare_gene_symbol,,,
PLDα1,D,descriptive_name,,,
pldα1pldδ,D,descriptive_name,,,
PLDδ,D,descriptive_name,,,
PLDδ gene,D,descriptive_name,,,
PLDζ2,D,descriptive_name,,,
pleiotropic drug resistance transporter family,D,descriptive_name,,,
pleiotropic drug resistance transporters,D,descriptive_name,,,
PlFSD1,B,species_prefix_Pl,Pl,FSD1,
pLFY:HSP90RNAi,D,descriptive_name,,,
PLGG1,C,bare_gene_symbol,,,
PLGG1 gene,D,descriptive_name,,,
PLGG1 transporter,D,descriptive_name,,,
PlHSP70,B,species_prefix_Pl,Pl,HSP70,
PLIP2,C,bare_gene_symbol,,,
PlLAC4,B,species_prefix_Pl,Pl,LAC4,
PlMSD1,B,species_prefix_Pl,Pl,MSD1,
PlMYB103,B,species_prefix_Pl,Pl,MYB103,
PlMYB43,B,species_prefix_Pl,Pl,MYB43,
PlMYB83,B,species_prefix_Pl,Pl,MYB83,
plNAD-MDH,D,descriptive_name,,,
plp,D,descriptive_name,,,
PLP phosphatase-related protein gene,D,descriptive_name,,,
PLP-binding proteins,D,descriptive_name,,,
PLP-dependent transferase superfamily protein,D,descriptive_name,,,
PLP-dependent transferases,D,descriptive_name,,,
PLP-dependent transferases superfamily protein,D,descriptive_name,,,
PLP-phosphatase gene,D,descriptive_name,,,
PLP2,C,bare_gene_symbol,,,
PLPHP,C,bare_gene_symbol,,,
PLPHP proteins,D,descriptive_name,,,
PLR,C,bare_gene_symbol,,,
PLR-like protein,D,descriptive_name,,,
PLR1,C,bare_gene_symbol,,,
PLS3,C,bare_gene_symbol,,,
PlSOD,B,species_prefix_Pl,Pl,SOD,
PLT,C,bare_gene_symbol,,,
PLT3,C,bare_gene_symbol,,,
PLT5,C,bare_gene_symbol,,,
PLT6,C,bare_gene_symbol,,,
PLT7,C,bare_gene_symbol,,,
PlWRKY13,B,species_prefix_Pl,Pl,WRKY13,
PLY4,C,bare_gene_symbol,,,
PLY6,C,bare_gene_symbol,,,
PM H+-ATPase,D,descriptive_name,,,
PM H+-ATPase proton pump,D,descriptive_name,,,
PM oxidoreductase,D,descriptive_name,,,
PM-localized PP2C.D phosphatases,D,descriptive_name,,,
PM19,C,bare_gene_symbol,,,
Pm5.1 locus,D,descriptive_name,,,
PM5_a,D,descriptive_name,,,
pMDC7,D,descriptive_name,,,
PMDH1,C,bare_gene_symbol,,,
PME,C,bare_gene_symbol,,,
PME genes,D,descriptive_name,,,
PME isoforms,D,descriptive_name,,,
PME2.2,C,bare_gene_symbol,,,
PME28,C,bare_gene_symbol,,,
PME3,C,bare_gene_symbol,,,
PME34,C,bare_gene_symbol,,,
PME4,C,bare_gene_symbol,,,
PME49,C,bare_gene_symbol,,,
PME5,C,bare_gene_symbol,,,
PME53,C,bare_gene_symbol,,,
PME7,C,bare_gene_symbol,,,
PME8,C,bare_gene_symbol,,,
PMEI,C,bare_gene_symbol,,,
PMEIs,D,descriptive_name,,,
PMEs,D,descriptive_name,,,
PMI SSU1,D,descriptive_name,,,
PMK,C,bare_gene_symbol,,,
PmLEA genes,D,descriptive_name,,,
PmLEA10,B,species_prefix_Pm,Pm,LEA10,
PmLEA19,B,species_prefix_Pm,Pm,LEA19,
PmLEA20,B,species_prefix_Pm,Pm,LEA20,
PmLEA29,B,species_prefix_Pm,Pm,LEA29,
PmLEA8,B,species_prefix_Pm,Pm,LEA8,
PMP3,C,bare_gene_symbol,,,
pmpm4,D,descriptive_name,,,
PMPS,C,bare_gene_symbol,,,
PMR6,C,bare_gene_symbol,,,
PmrA/PmrB system,D,descriptive_name,,,
PMSR,C,bare_gene_symbol,,,
PMSR enzymes,D,descriptive_name,,,
PMSR3,C,bare_gene_symbol,,,
PMT,C,bare_gene_symbol,,,
PmTPPD,B,species_prefix_Pm,Pm,TPPD,
PmTPS1,B,species_prefix_Pm,Pm,TPS1,
PmTPS5,B,species_prefix_Pm,Pm,TPS5,
PMTR1,C,bare_gene_symbol,,,
PNC1,C,bare_gene_symbol,,,
PNPC3:GUS,D,descriptive_name,,,
PNPC4:GUS,D,descriptive_name,,,
POCP,C,bare_gene_symbol,,,
POD,C,bare_gene_symbol,,,
POD gene,D,descriptive_name,,,
POD genes,D,descriptive_name,,,
POD-encoding genes,D,descriptive_name,,,
POD1,C,bare_gene_symbol,,,
POD12,C,bare_gene_symbol,,,
POD18,C,bare_gene_symbol,,,
POD2,C,bare_gene_symbol,,,
POD3,C,bare_gene_symbol,,,
POD34,C,bare_gene_symbol,,,
POD4,C,bare_gene_symbol,,,
POD44,C,bare_gene_symbol,,,
POD47,C,bare_gene_symbol,,,
PODs,D,descriptive_name,,,
POL,C,bare_gene_symbol,,,
Pol II,D,descriptive_name,,,
Pol IV,D,descriptive_name,,,
Pol V,D,descriptive_name,,,
Pol λ,D,descriptive_name,,,
POLIB,C,bare_gene_symbol,,,
PolII,D,descriptive_name,,,
POLLEN TUBE BLOCKED 1,D,descriptive_name,,,
pollen-related genes,D,descriptive_name,,,
pollen-specific pectin methyl esterase inhibitor,D,descriptive_name,,,
poly (ADP-ribose) polymerases,D,descriptive_name,,,
poly (beta-D-mannuronate) O-acetylase,D,descriptive_name,,,
polyamine H+-symporters,D,descriptive_name,,,
polyamine oxidase,D,descriptive_name,,,
polyamine oxidase genes,D,descriptive_name,,,
polyamine oxidases,D,descriptive_name,,,
polyamine synthase genes,D,descriptive_name,,,
polyamine synthase-related genes,D,descriptive_name,,,
polyamine synthases,D,descriptive_name,,,
Polycomb,D,descriptive_name,,,
polygalacturonase,D,descriptive_name,,,
polygalacturonase beta subunit,D,descriptive_name,,,
polygalacturonase inhibitor-like protein,D,descriptive_name,,,
Polygalacturonase inhibitors,D,descriptive_name,,,
polygalacturonase-inhibiting proteins,D,descriptive_name,,,
polygalacturonase-inhibitor proteins,D,descriptive_name,,,
polygalacturonases,D,descriptive_name,,,
polyketide cyclase,D,descriptive_name,,,
polyketide synthase,D,descriptive_name,,,
polyketide synthases,D,descriptive_name,,,
polymyxin B,D,descriptive_name,,,
polyol transporters,D,descriptive_name,,,
polypeptide,D,descriptive_name,,,
polypeptides,D,descriptive_name,,,
Polyphenol oxidase,D,descriptive_name,,,
polyphenol oxidase B,D,descriptive_name,,,
polyphenol oxidase F,D,descriptive_name,,,
polyphenol oxidase genes,D,descriptive_name,,,
polyphenol oxidases,D,descriptive_name,,,
polyphenol oxidation genes,D,descriptive_name,,,
polyphenoloxidase,D,descriptive_name,,,
polyphenoloxidases,D,descriptive_name,,,
polyribosomal protein,D,descriptive_name,,,
polyribosomes,D,descriptive_name,,,
polysomes,D,descriptive_name,,,
polyubiquitin 14,D,descriptive_name,,,
polyubiquitin genes,D,descriptive_name,,,
polyubiquitinated misfolded proteins,D,descriptive_name,,,
polyubiquitinated proteins,D,descriptive_name,,,
polyubiquitination gene,D,descriptive_name,,,
POP,C,bare_gene_symbol,,,
pOp/LhGR chemically induced expression system,D,descriptive_name,,,
POP2,C,bare_gene_symbol,,,
pop2-6,D,descriptive_name,,,
pop2-7,D,descriptive_name,,,
pOp6/LhGR,D,descriptive_name,,,
pOp6/LhGR expression system,D,descriptive_name,,,
pOp6/LhGR system,D,descriptive_name,,,
POPEYE,C,bare_gene_symbol,,,
PoPOD genes,D,descriptive_name,,,
PoPOD promoters,D,descriptive_name,,,
PoPOD15,B,species_prefix_Po,Po,POD15,
PoPOD23,B,species_prefix_Po,Po,POD23,
PoPOD27,B,species_prefix_Po,Po,POD27,
PoPOD30,B,species_prefix_Po,Po,POD30,
PoPOD43,B,species_prefix_Po,Po,POD43,
PoPOD46,B,species_prefix_Po,Po,POD46,
PoPOD47,B,species_prefix_Po,Po,POD47,
PoPOD5,B,species_prefix_Po,Po,POD5,
PoPOD5/15,D,descriptive_name,,,
PoPOD57,B,species_prefix_Po,Po,POD57,
POR,C,bare_gene_symbol,,,
POR1A,C,bare_gene_symbol,,,
POR1B,C,bare_gene_symbol,,,
PORA,C,bare_gene_symbol,,,
PORB,C,bare_gene_symbol,,,
PorC,D,descriptive_name,,,
Porcine malate dehydrogenase,D,descriptive_name,,,
porin,D,descriptive_name,,,
porphobilinogen deaminase,D,descriptive_name,,,
porphobilinogen synthase,D,descriptive_name,,,
PorT,D,descriptive_name,,,
positive regulators,D,descriptive_name,,,
positive stress regulators,D,descriptive_name,,,
potassium channel,D,descriptive_name,,,
potassium channels,D,descriptive_name,,,
potassium ion channel,D,descriptive_name,,,
potassium transporter,D,descriptive_name,,,
potassium transporter 9,D,descriptive_name,,,
potassium transporter genes,D,descriptive_name,,,
potassium transporter-9,D,descriptive_name,,,
potassium transporters,D,descriptive_name,,,
potato AGPase,D,descriptive_name,,,
potato genes,D,descriptive_name,,,
potato GPXL genes,D,descriptive_name,,,
potato PAL family,D,descriptive_name,,,
potato PAL gene family,D,descriptive_name,,,
potato PAL genes,D,descriptive_name,,,
POWERDRESS,C,bare_gene_symbol,,,
POX,C,bare_gene_symbol,,,
POX gene,D,descriptive_name,,,
POX1,C,bare_gene_symbol,,,
POX19,C,bare_gene_symbol,,,
POX2,C,bare_gene_symbol,,,
POX29,C,bare_gene_symbol,,,
POX34,C,bare_gene_symbol,,,
POX42,C,bare_gene_symbol,,,
POX8.1,C,bare_gene_symbol,,,
Poyun17195,C,bare_gene_symbol,,,
PP,E,noise_too_short,,,
PP1,C,bare_gene_symbol,,,
PP2A,C,bare_gene_symbol,,,
PP2C,C,bare_gene_symbol,,,
PP2C genes,D,descriptive_name,,,
PP2C phosphatase,D,descriptive_name,,,
PP2C phosphatases,D,descriptive_name,,,
PP2C repressors,D,descriptive_name,,,
PP2C-A phosphatases,D,descriptive_name,,,
PP2C-As,D,descriptive_name,,,
PP2C-like,D,descriptive_name,,,
PP2C-type genes,D,descriptive_name,,,
PP2C-type phosphatases,D,descriptive_name,,,
PP2C.D,D,descriptive_name,,,
PP2C.D family,D,descriptive_name,,,
PP2C.D genes,D,descriptive_name,,,
PP2C.D phosphatases,D,descriptive_name,,,
PP2C.D1,D,descriptive_name,,,
PP2C.D1 phosphatase,D,descriptive_name,,,
PP2C.D1-GFP,D,descriptive_name,,,
PP2C.D2,D,descriptive_name,,,
pp2c.d2/5/6 mutants,D,descriptive_name,,,
pp2c.d2/5/6 triple mutant,D,descriptive_name,,,
PP2C.D5,D,descriptive_name,,,
PP2C.D6,D,descriptive_name,,,
PP2C.D7,D,descriptive_name,,,
PP2C.D8,D,descriptive_name,,,
PP2C.D8 phosphatase,D,descriptive_name,,,
PP2C.D8-GFP,D,descriptive_name,,,
PP2C16,C,bare_gene_symbol,,,
PP2C27,C,bare_gene_symbol,,,
PP2C38,C,bare_gene_symbol,,,
PP2C47,C,bare_gene_symbol,,,
PP2C49,C,bare_gene_symbol,,,
PP2CA,C,bare_gene_symbol,,,
PP2Cs,D,descriptive_name,,,
PP5,C,bare_gene_symbol,,,
PPa1,C,bare_gene_symbol,,,
PPa5,C,bare_gene_symbol,,,
PPa6,C,bare_gene_symbol,,,
PpAAO3,B,species_prefix_Pp,Pp,AAO3,
PpABA2,B,species_prefix_Pp,Pp,ABA2,
PpABI1,B,species_prefix_Pp,Pp,ABI1,
PpABI3,B,species_prefix_Pp,Pp,ABI3,
PPAR-γ,D,descriptive_name,,,
Ppc,D,descriptive_name,,,
Ppc1,C,bare_gene_symbol,,,
Ppc2 gene,D,descriptive_name,,,
PPCK,C,bare_gene_symbol,,,
PpcpHsp70-2,D,descriptive_name,,,
PpCPS/KS,D,descriptive_name,,,
PPCS,C,bare_gene_symbol,,,
Ppd-1,D,descriptive_name,,,
Ppd-D1,D,descriptive_name,,,
Ppd-H1,D,descriptive_name,,,
PpDHNA,B,species_prefix_Pp,Pp,DHNA,
PpDHNB,B,species_prefix_Pp,Pp,DHNB,
PPDK,C,bare_gene_symbol,,,
PPDK1,C,bare_gene_symbol,,,
PpEXP1,B,species_prefix_Pp,Pp,EXP1,
PpGAMYB,B,species_prefix_Pp,Pp,GAMYB,
PpGLP1,B,species_prefix_Pp,Pp,GLP1,
PpGLP2,B,species_prefix_Pp,Pp,GLP2,
PPH,C,bare_gene_symbol,,,
PpHsp16.4,D,descriptive_name,,,
PpHsp16.4 protein,D,descriptive_name,,,
PPi-linked enzymes,D,descriptive_name,,,
PPI1,C,bare_gene_symbol,,,
pPILS::GFP,D,descriptive_name,,,
Ppinas25173,C,bare_gene_symbol,,,
Ppinas26033,C,bare_gene_symbol,,,
pPLA2-II,D,descriptive_name,,,
pPLAs,D,descriptive_name,,,
PpMYB10.4,D,descriptive_name,,,
PPO,C,bare_gene_symbol,,,
PPO genes,D,descriptive_name,,,
PPOX,C,bare_gene_symbol,,,
PPP genes,D,descriptive_name,,,
PPR,C,bare_gene_symbol,,,
PPR protein,D,descriptive_name,,,
PPR proteins,D,descriptive_name,,,
PpRNH1A,B,species_prefix_Pp,Pp,RNH1A,
PPROL 14E,D,descriptive_name,,,
PPROL 14E-like,D,descriptive_name,,,
ppsA,D,descriptive_name,,,
ppsC,D,descriptive_name,,,
PPT,C,bare_gene_symbol,,,
PPT2,C,bare_gene_symbol,,,
PpVAINV2,B,species_prefix_Pp,Pp,VAINV2,
pPYE::LUC,D,descriptive_name,,,
PQ6,C,bare_gene_symbol,,,
pqq,D,descriptive_name,,,
pqq biosynthetic genes,D,descriptive_name,,,
pqq gene cluster,D,descriptive_name,,,
PR,E,noise_too_short,,,
PR gene,D,descriptive_name,,,
PR genes,D,descriptive_name,,,
PR protein,D,descriptive_name,,,
PR proteins,D,descriptive_name,,,
PR-1,D,descriptive_name,,,
PR-1 gene,D,descriptive_name,,,
PR-10,D,descriptive_name,,,
PR-10 protein,D,descriptive_name,,,
PR-12,D,descriptive_name,,,
PR-14 family,D,descriptive_name,,,
PR-1a,D,descriptive_name,,,
PR-2,D,descriptive_name,,,
PR-3,D,descriptive_name,,,
PR-4,D,descriptive_name,,,
PR-5,D,descriptive_name,,,
PR-9,D,descriptive_name,,,
PR1,C,bare_gene_symbol,,,
PR1 gene,D,descriptive_name,,,
PR1 genes,D,descriptive_name,,,
PR1 proteins,D,descriptive_name,,,
PR1-related genes,D,descriptive_name,,,
PR10,C,bare_gene_symbol,,,
PR10 family proteins,D,descriptive_name,,,
PR10 proteins,D,descriptive_name,,,
PR10a,D,descriptive_name,,,
PR1a,D,descriptive_name,,,
PR1b proteins,D,descriptive_name,,,
PR1c,D,descriptive_name,,,
PR2,C,bare_gene_symbol,,,
PR3,C,bare_gene_symbol,,,
PR3 gene,D,descriptive_name,,,
PR4,C,bare_gene_symbol,,,
PR4B,C,bare_gene_symbol,,,
PR5,C,bare_gene_symbol,,,
prbA,D,descriptive_name,,,
prbB,D,descriptive_name,,,
prbC,D,descriptive_name,,,
prbD,D,descriptive_name,,,
PRC2,C,bare_gene_symbol,,,
PRE,C,bare_gene_symbol,,,
PRE motifs,D,descriptive_name,,,
pre-maturity alpha-amylase,D,descriptive_name,,,
PREMATURE SENESCENCE LEAF 50,D,descriptive_name,,,
prenyltransferase,D,descriptive_name,,,
prenyltransferases,D,descriptive_name,,,
Prephenate dehydratase,D,descriptive_name,,,
preproproteins,D,descriptive_name,,,
pri-miR160,D,descriptive_name,,,
pri-miR390,D,descriptive_name,,,
primary auxin response genes,D,descriptive_name,,,
primary CesAs,D,descriptive_name,,,
primary enzymes,D,descriptive_name,,,
primary miR390,D,descriptive_name,,,
primary miR390 transcripts,D,descriptive_name,,,
PRK,C,bare_gene_symbol,,,
PRMTs,D,descriptive_name,,,
PRO,C,bare_gene_symbol,,,
pro-glutelin precursors,D,descriptive_name,,,
pro-inflammatory cytokine,D,descriptive_name,,,
pro-inflammatory cytokines,D,descriptive_name,,,
pro-inflammatory interleukins,D,descriptive_name,,,
pro1,D,descriptive_name,,,
pro14,D,descriptive_name,,,
Pro254B,D,descriptive_name,,,
pro35S,D,descriptive_name,,,
Pro35S:F3H,D,descriptive_name,,,
pro35S×2,D,descriptive_name,,,
proABCS,D,descriptive_name,,,
proB,D,descriptive_name,,,
probable 4-hydroxy-tetrahydrodipicolinate reductase 1,D,descriptive_name,,,
Probable acyl-activating enzyme 5,D,descriptive_name,,,
"probable alpha, alpha-trehalose-phosphate synthase [UDP-forming] 7",D,descriptive_name,,,
probable fructokinase-7,D,descriptive_name,,,
probable indole-3-acetic acid-amido synthetase GH3.11,D,descriptive_name,,,
probable prolyl 4-hydroxylase 3,D,descriptive_name,,,
Probable trehalose-phosphate phosphatase 2,D,descriptive_name,,,
probable xyloglucan glycosyltransferase 6,D,descriptive_name,,,
ProBAG2:GUS,D,descriptive_name,,,
ProBAG6:GUS,D,descriptive_name,,,
ProBAG:GUS,D,descriptive_name,,,
probe,D,descriptive_name,,,
proBiP3,D,descriptive_name,,,
proC,D,descriptive_name,,,
ProDH,D,descriptive_name,,,
PRODH1,C,bare_gene_symbol,,,
production genes,D,descriptive_name,,,
Production of flavonol glycoside 3,D,descriptive_name,,,
Progesterone 5 beta reductase,D,descriptive_name,,,
proHSP90.1,D,descriptive_name,,,
ProJUB1:GUS,D,descriptive_name,,,
prokaryote-like transporter,D,descriptive_name,,,
Prokaryotic ABC1 proteins,D,descriptive_name,,,
Prol14,C,bare_gene_symbol,,,
Prolamin,D,descriptive_name,,,
prolamin genes,D,descriptive_name,,,
prolamin subunits,D,descriptive_name,,,
Prolamins,D,descriptive_name,,,
proline dehydrogenase,D,descriptive_name,,,
proline dehydrogenase 1 gene,D,descriptive_name,,,
proline extensin-like receptor kinases,D,descriptive_name,,,
proline oxidase/dehydrogenase,D,descriptive_name,,,
proline synthase genes,D,descriptive_name,,,
PROLINE TRANSPORTER 2,D,descriptive_name,,,
proline transporter gene,D,descriptive_name,,,
proline transporters,D,descriptive_name,,,
Proline-related proteins,D,descriptive_name,,,
Proline-rich cell wall proteins,D,descriptive_name,,,
Proline-rich protein,D,descriptive_name,,,
proline-rich protein family-like,D,descriptive_name,,,
proline-rich protein gene,D,descriptive_name,,,
proline-rich proteins,D,descriptive_name,,,
proline-rich receptor protein kinase,D,descriptive_name,,,
proline-rich receptor-like protein kinase,D,descriptive_name,,,
prolyl 4-hydroxylase,D,descriptive_name,,,
prolyl-4-hydroxylases,D,descriptive_name,,,
prolylhydroxylase genes,D,descriptive_name,,,
promoter,D,descriptive_name,,,
promoter elements,D,descriptive_name,,,
promoter region,D,descriptive_name,,,
promoter regions,D,descriptive_name,,,
promoter sequences,D,descriptive_name,,,
promoters,D,descriptive_name,,,
proMpERF1,D,descriptive_name,,,
proMpHSP17.8A1,D,descriptive_name,,,
proOsDUF846.2::GUS,D,descriptive_name,,,
proS,D,descriptive_name,,,
prostaglandin endoperoxide H synthase,D,descriptive_name,,,
prosthetic group,D,descriptive_name,,,
prosthetic groups,D,descriptive_name,,,
ProT gene family,D,descriptive_name,,,
ProT genes,D,descriptive_name,,,
ProT protein family,D,descriptive_name,,,
ProT proteins,D,descriptive_name,,,
ProT subfamily,D,descriptive_name,,,
protease,D,descriptive_name,,,
protease inhibitor families,D,descriptive_name,,,
protease inhibitors,D,descriptive_name,,,
protease-chaperone machineries,D,descriptive_name,,,
proteases,D,descriptive_name,,,
proteasomal,D,descriptive_name,,,
proteasome,E,noise_generic_term,,,
proteasome pathway genes,D,descriptive_name,,,
proteasome system,D,descriptive_name,,,
protective enzymes,D,descriptive_name,,,
protective gene class,D,descriptive_name,,,
protective membrane proteins,D,descriptive_name,,,
protective MT genes,D,descriptive_name,,,
protective protein class,D,descriptive_name,,,
protective proteins,D,descriptive_name,,,
protein,D,descriptive_name,,,
protein A2YGL2,D,descriptive_name,,,
protein bodies,D,descriptive_name,,,
protein C2-domain ABA-related 8,D,descriptive_name,,,
protein chaperones,D,descriptive_name,,,
protein complexes,D,descriptive_name,,,
protein components,D,descriptive_name,,,
protein constituents,D,descriptive_name,,,
protein content,D,descriptive_name,,,
protein disulfide isomerase,D,descriptive_name,,,
protein disulfide-isomerase,D,descriptive_name,,,
protein EIN4,D,descriptive_name,,,
protein folding genes,D,descriptive_name,,,
protein interactors,D,descriptive_name,,,
protein kinase,D,descriptive_name,,,
protein kinase A,D,descriptive_name,,,
protein kinase AtGCN2,D,descriptive_name,,,
protein kinase C,D,descriptive_name,,,
protein kinase CDPK2,D,descriptive_name,,,
protein kinase domains,D,descriptive_name,,,
protein kinase genes,D,descriptive_name,,,
protein kinase pGCN2,D,descriptive_name,,,
protein kinase SnRK1,D,descriptive_name,,,
protein kinases,D,descriptive_name,,,
protein methyltransferase,D,descriptive_name,,,
protein phosphatase,D,descriptive_name,,,
protein phosphatase 2C,D,descriptive_name,,,
protein phosphatase 2C 77,D,descriptive_name,,,
protein phosphatase 2C ABI1,D,descriptive_name,,,
protein phosphatase 5,D,descriptive_name,,,
protein phosphatase gene,D,descriptive_name,,,
protein phosphatase P2C78,D,descriptive_name,,,
protein phosphatases,D,descriptive_name,,,
protein phosphatases 2C,D,descriptive_name,,,
protein species,D,descriptive_name,,,
protein spots,D,descriptive_name,,,
protein subunits,D,descriptive_name,,,
protein-like materials,D,descriptive_name,,,
Protein-serine/threonine phosphatase,D,descriptive_name,,,
proteinaceous inhibitors,D,descriptive_name,,,
proteinase,D,descriptive_name,,,
proteinase inhibitor II,D,descriptive_name,,,
proteinase inhibitors,D,descriptive_name,,,
proteinase K,D,descriptive_name,,,
Proteinases,D,descriptive_name,,,
Proteins,D,descriptive_name,,,
proteins activated by ABA,D,descriptive_name,,,
proteins of unknown function,D,descriptive_name,,,
proteins related to ethylene insensitivity,D,descriptive_name,,,
proteolytic enzyme,D,descriptive_name,,,
proteolytic enzymes,D,descriptive_name,,,
protochlorophyllide oxidoreductase,D,descriptive_name,,,
Protochlorophyllide Oxidoreductases,D,descriptive_name,,,
protochlorophyllide reductase,D,descriptive_name,,,
protochlorophyllide reductase genes,D,descriptive_name,,,
proton pump,D,descriptive_name,,,
proton pump interactors,D,descriptive_name,,,
proton pumps,D,descriptive_name,,,
proton-dependent oligopeptide transporter,D,descriptive_name,,,
proton-dependent oligopeptide transporters,D,descriptive_name,,,
proton-pumping pyrophosphatases,D,descriptive_name,,,
proton-sucrose co-transporters,D,descriptive_name,,,
proton-transporting ATP synthase,D,descriptive_name,,,
proton:pyruvate cotransporters,D,descriptive_name,,,
protoporphyrinogen IX oxidase,D,descriptive_name,,,
protoporphyrinogen oxidase,D,descriptive_name,,,
ProTs,D,descriptive_name,,,
proX,D,descriptive_name,,,
PRP genes,D,descriptive_name,,,
PRP1,C,bare_gene_symbol,,,
PRPs,D,descriptive_name,,,
PRR family,D,descriptive_name,,,
PRR genes,D,descriptive_name,,,
PRR1,C,bare_gene_symbol,,,
PRR5,C,bare_gene_symbol,,,
PRR7,C,bare_gene_symbol,,,
PRRs,D,descriptive_name,,,
PRT6,C,bare_gene_symbol,,,
prtA,D,descriptive_name,,,
Pru ar 1-like proteins,D,descriptive_name,,,
Prupe.4G058300,D,descriptive_name,,,
Prupe.6G280800,D,descriptive_name,,,
Prupe.8G018100,D,descriptive_name,,,
Prx,D,descriptive_name,,,
PRX genes,D,descriptive_name,,,
PRX proteins,D,descriptive_name,,,
PRX-3,D,descriptive_name,,,
PRX-5,D,descriptive_name,,,
PRX12,C,bare_gene_symbol,,,
Prx1C gene,D,descriptive_name,,,
Prx24,C,bare_gene_symbol,,,
Prx50,C,bare_gene_symbol,,,
Prx52,C,bare_gene_symbol,,,
Prx54,C,bare_gene_symbol,,,
PRX63,C,bare_gene_symbol,,,
PRX65,C,bare_gene_symbol,,,
PRX71,C,bare_gene_symbol,,,
prx86,D,descriptive_name,,,
PRXs,D,descriptive_name,,,
ps#15,D,descriptive_name,,,
PS2 allele,D,descriptive_name,,,
PS2 subunit S,D,descriptive_name,,,
Ps26S AAA-ATPase,D,descriptive_name,,,
Ps9S-LOX5,D,descriptive_name,,,
Psa,D,descriptive_name,,,
psaA,D,descriptive_name,,,
PSAB,C,bare_gene_symbol,,,
psaB gene,D,descriptive_name,,,
PsACO1,B,species_prefix_Ps,Ps,ACO1,
PsACS2,B,species_prefix_Ps,Ps,ACS2,
PsaE,D,descriptive_name,,,
PsaF,D,descriptive_name,,,
PsaF subunit,D,descriptive_name,,,
PsAKR1,B,species_prefix_Ps,Ps,AKR1,
PsaN,D,descriptive_name,,,
PsaN subunit,D,descriptive_name,,,
PsANS,B,species_prefix_Ps,Ps,ANS,
PsAO3,B,species_prefix_Ps,Ps,AO3,
PSAT,C,bare_gene_symbol,,,
Psat2g144160,D,descriptive_name,,,
Psat5g299080,D,descriptive_name,,,
PsATB2,B,species_prefix_Ps,Ps,ATB2,
Psb,D,descriptive_name,,,
PSB27-H1,D,descriptive_name,,,
psbA,D,descriptive_name,,,
psbA gene,D,descriptive_name,,,
psbB,D,descriptive_name,,,
psbC,D,descriptive_name,,,
PsbD,D,descriptive_name,,,
PsbD gene,D,descriptive_name,,,
psbD mRNA,D,descriptive_name,,,
psbF,D,descriptive_name,,,
PsbH,D,descriptive_name,,,
PsbO,D,descriptive_name,,,
PsbO protein,D,descriptive_name,,,
PsbP,D,descriptive_name,,,
PsbP protein,D,descriptive_name,,,
PsbQ,D,descriptive_name,,,
psbR,D,descriptive_name,,,
PsbS,D,descriptive_name,,,
PsbS protein,D,descriptive_name,,,
PsbS proteins,D,descriptive_name,,,
PSBS1,C,bare_gene_symbol,,,
PsCHS,B,species_prefix_Ps,Ps,CHS,
PsCRN115,B,species_prefix_Ps,Ps,CRN115,
PsCyp15a,B,species_prefix_Ps,Ps,Cyp15a,
psd,D,descriptive_name,,,
PsDFR,B,species_prefix_Ps,Ps,DFR,
PsGA20ox1,B,species_prefix_Ps,Ps,GA20ox1,
PsGA2ox1,B,species_prefix_Ps,Ps,GA2ox1,
PsGSH1,B,species_prefix_Ps,Ps,GSH1,
PsGSHS,B,species_prefix_Ps,Ps,GSHS,
PsHSP17.8,D,descriptive_name,,,
PsHSP17.9,D,descriptive_name,,,
PsHSP21,B,species_prefix_Ps,Ps,HSP21,
PsHSP22,B,species_prefix_Ps,Ps,HSP22,
PsHSP27.4,D,descriptive_name,,,
PsHSP70,B,species_prefix_Ps,Ps,HSP70,
PSI,C,bare_gene_symbol,,,
PSI chlorophyll a apoproteins A1,D,descriptive_name,,,
PSI chlorophyll a apoproteins A2,D,descriptive_name,,,
PSI subunits,D,descriptive_name,,,
PSII,C,bare_gene_symbol,,,
PSII acceptors,D,descriptive_name,,,
PSII complex,D,descriptive_name,,,
PSII core protein D1,D,descriptive_name,,,
PSII core protein genes,D,descriptive_name,,,
PSII core proteins,D,descriptive_name,,,
PSII D1 protein,D,descriptive_name,,,
PSII oxygen-evolving complex,D,descriptive_name,,,
PSII proteins,D,descriptive_name,,,
PSII reaction center,D,descriptive_name,,,
PSII reaction center-binding protein D1,D,descriptive_name,,,
PSII supercomplexes,D,descriptive_name,,,
PSII system,D,descriptive_name,,,
PSKR1,C,bare_gene_symbol,,,
PSL50,C,bare_gene_symbol,,,
PsLoxN1,B,species_prefix_Ps,Ps,LoxN1,
PSME_04475,D,descriptive_name,,,
PSME_39629,D,descriptive_name,,,
PSME_47800,D,descriptive_name,,,
PSME_48755,D,descriptive_name,,,
PsNCED2,B,species_prefix_Ps,Ps,NCED2,
PsnHSF21,B,species_prefix_Psn,Psn,HSF21,
PsnHSF21 transcription factor,D,descriptive_name,,,
PsnNAC036,B,species_prefix_Psn,Psn,NAC036,
PsPAL,B,species_prefix_Ps,Ps,PAL,
PSPH,C,bare_gene_symbol,,,
PSRP1 factor,D,descriptive_name,,,
PSS,C,bare_gene_symbol,,,
PSS1,C,bare_gene_symbol,,,
PSS2,C,bare_gene_symbol,,,
Pst-AvrRpt2 effector,D,descriptive_name,,,
pstABCS,D,descriptive_name,,,
PsTPS-3car1,B,species_prefix_Ps,Ps,TPS-3car1,
PsTPS-3car2,B,species_prefix_Ps,Ps,TPS-3car2,
PsTPS-3car3,B,species_prefix_Ps,Ps,TPS-3car3,
pSUC2::GFP,D,descriptive_name,,,
PsUFGT,B,species_prefix_Ps,Ps,UFGT,
psuG,D,descriptive_name,,,
pSuper:1300-GFP,D,descriptive_name,,,
pSUT,D,descriptive_name,,,
PsWRKY,B,species_prefix_Ps,Ps,WRKY,
PSY,C,bare_gene_symbol,,,
PSY enzyme,D,descriptive_name,,,
PSY enzymes,D,descriptive_name,,,
PSY gene,D,descriptive_name,,,
PSY genes,D,descriptive_name,,,
PSY1,C,bare_gene_symbol,,,
PSY2,C,bare_gene_symbol,,,
PT,E,noise_too_short,,,
PtAAP11,B,species_prefix_Pt,Pt,AAP11,
PTAL,C,bare_gene_symbol,,,
PtARF1,B,species_prefix_Pt,Pt,ARF1,
PtARF19,B,species_prefix_Pt,Pt,ARF19,
PtaSULTR3.4a,D,descriptive_name,,,
PTB1,C,bare_gene_symbol,,,
PTBP1,C,bare_gene_symbol,,,
PTC52,C,bare_gene_symbol,,,
PtCAB151,B,species_prefix_Pt,Pt,CAB151,
PtCAT1,B,species_prefix_Pt,Pt,CAT1,
PtCAT11,B,species_prefix_Pt,Pt,CAT11,
PtCAT2,B,species_prefix_Pt,Pt,CAT2,
PtdIns(4) kinase,D,descriptive_name,,,
PTEN 2,D,descriptive_name,,,
PTEN2,C,bare_gene_symbol,,,
PTEN2a,D,descriptive_name,,,
Pterocarpan reductase (spot 30),D,descriptive_name,,,
pterostilbene synthase,D,descriptive_name,,,
PTGS1,C,bare_gene_symbol,,,
PTGS2,C,bare_gene_symbol,,,
PtHSF gene family,D,descriptive_name,,,
PtHSF5,B,species_prefix_Pt,Pt,HSF5,
PtHSF5 gene,D,descriptive_name,,,
PtHSP17.8,D,descriptive_name,,,
Pti5,C,bare_gene_symbol,,,
pTIR1::GUS,D,descriptive_name,,,
pTIR1:cTIR1-GUS,D,descriptive_name,,,
pTIR1:gTIR1-VENUS,D,descriptive_name,,,
PTM,C,bare_gene_symbol,,,
PtMn-SOD,B,species_prefix_Pt,Pt,Mn-SOD,
PtMT2b,B,species_prefix_Pt,Pt,MT2b,
PtNAC3,B,species_prefix_Pt,Pt,NAC3,
pTOM75,D,descriptive_name,,,
PtoMYB156,B,species_prefix_Pto,Pto,MYB156,
PtoMYB221,B,species_prefix_Pto,Pto,MYB221,
PtoUBC34,B,species_prefix_Pto,Pto,UBC34,
PTOX,C,bare_gene_symbol,,,
PtPIN1,B,species_prefix_Pt,Pt,PIN1,
PtPIN6,B,species_prefix_Pt,Pt,PIN6,
PtPOD,B,species_prefix_Pt,Pt,POD,
Ptr4CL5,C,bare_gene_symbol,,,
PtrABC1 genes,D,descriptive_name,,,
PtrABC1P1,B,species_prefix_Ptr,Ptr,ABC1P1,
PtrABC1P10,B,species_prefix_Ptr,Ptr,ABC1P10,
PtrABC1P12,B,species_prefix_Ptr,Ptr,ABC1P12,
PtrABC1P13,B,species_prefix_Ptr,Ptr,ABC1P13,
PtrABC1P14,B,species_prefix_Ptr,Ptr,ABC1P14,
PtrABC1P16,B,species_prefix_Ptr,Ptr,ABC1P16,
PtrABC1P7,B,species_prefix_Ptr,Ptr,ABC1P7,
PtrC3’H1,D,descriptive_name,,,
PtrC4H,B,species_prefix_Ptr,Ptr,C4H,
PtrCCR2,B,species_prefix_Ptr,Ptr,CCR2,
PtrCesA18,B,species_prefix_Ptr,Ptr,CesA18,
PtrCesA7,B,species_prefix_Ptr,Ptr,CesA7,
PtrCesA8,B,species_prefix_Ptr,Ptr,CesA8,
PtrCslA2,B,species_prefix_Ptr,Ptr,CslA2,
PtrGolS3,B,species_prefix_Ptr,Ptr,GolS3,
PtrHCT,B,species_prefix_Ptr,Ptr,HCT,
PtrHCT1,B,species_prefix_Ptr,Ptr,HCT1,
PtrHSFB3-1,B,species_prefix_Ptr,Ptr,HSFB3-1,
PtrIRX10-1,B,species_prefix_Ptr,Ptr,IRX10-1,
PtrMYB transcription factors,D,descriptive_name,,,
PtrMYB021,B,species_prefix_Ptr,Ptr,MYB021,
PtrMYB074,B,species_prefix_Ptr,Ptr,MYB074,
PtrMYB092,B,species_prefix_Ptr,Ptr,MYB092,
PtrPAL,B,species_prefix_Ptr,Ptr,PAL,
PtrPAL1,B,species_prefix_Ptr,Ptr,PAL1,
PtrpC promoter,D,descriptive_name,,,
PtrSND1,B,species_prefix_Ptr,Ptr,SND1,
PtrVND6,B,species_prefix_Ptr,Ptr,VND6,
PtrWRKY89,B,species_prefix_Ptr,Ptr,WRKY89,
PtSUS,B,species_prefix_Pt,Pt,SUS,
PtWRKY2,B,species_prefix_Pt,Pt,WRKY2,
PTXD,C,bare_gene_symbol,,,
PtZFP30,B,species_prefix_Pt,Pt,ZFP30,
PUB12,C,bare_gene_symbol,,,
PUB19,C,bare_gene_symbol,,,
PUB9,C,bare_gene_symbol,,,
pUbi:FNR-Fld/p35S:bar,D,descriptive_name,,,
pUC19 DNA,D,descriptive_name,,,
PuGSTU17,B,species_prefix_Pu,Pu,GSTU17,
PuHSFA4a,B,species_prefix_Pu,Pu,HSFA4a,
PUL,C,bare_gene_symbol,,,
pulegone reductase,D,descriptive_name,,,
pumps,D,descriptive_name,,,
Pun1 gene,D,descriptive_name,,,
Pun1 locus,D,descriptive_name,,,
purified OsASR5 protein,D,descriptive_name,,,
purified recombinant OsPAP21b protein,D,descriptive_name,,,
purine permeases,D,descriptive_name,,,
purine transport,D,descriptive_name,,,
purple acid phosphatase,D,descriptive_name,,,
purple acid phosphatases,D,descriptive_name,,,
putA,D,descriptive_name,,,
putative ABA-responsive cis-acting elements,D,descriptive_name,,,
Putative ATP synthase beta subunit,D,descriptive_name,,,
putative biosynthetic genes,D,descriptive_name,,,
putative genes,D,descriptive_name,,,
putative glutathione peroxidase,D,descriptive_name,,,
putative hydroxysteroid dehydrogenase,D,descriptive_name,,,
Putative inorganic pyrophosphatase,D,descriptive_name,,,
putative jasmonic acid-responsive cis-acting regulatory elements,D,descriptive_name,,,
putative Kunitz-type tuber invertase inhibitors,D,descriptive_name,,,
putative NAD(P)H oxidoreductase,D,descriptive_name,,,
Putative PIP2 aquaporin,D,descriptive_name,,,
putrescine hydroxycinnamoyl transferase,D,descriptive_name,,,
putrescine N-methyltransferase,D,descriptive_name,,,
putrescine N-methyltransferase 1,D,descriptive_name,,,
Pv04 cluster,D,descriptive_name,,,
pV190,D,descriptive_name,,,
PvBdzp-Receptor,B,species_prefix_Pv,Pv,Bdzp-Receptor,
PvETR1-6,B,species_prefix_Pv,Pv,ETR1-6,
PvETR3,B,species_prefix_Pv,Pv,ETR3,
PvETR3-EGFP,B,species_prefix_Pv,Pv,ETR3-EGFP,
PvGF14 genes,D,descriptive_name,,,
PvGrx5,B,species_prefix_Pv,Pv,Grx5,
Pvgstu2-2,D,descriptive_name,,,
Pvgstu3-3,D,descriptive_name,,,
PvHK2,B,species_prefix_Pv,Pv,HK2,
PvHKs,B,species_prefix_Pv,Pv,HKs,
PvHPs,B,species_prefix_Pv,Pv,HPs,
PvHSF16,B,species_prefix_Pv,Pv,HSF16,
PvLBD12,B,species_prefix_Pv,Pv,LBD12,
PvMYB4,B,species_prefix_Pv,Pv,MYB4,
PvP5CS1,B,species_prefix_Pv,Pv,P5CS1,
PvPHYE,B,species_prefix_Pv,Pv,PHYE,
PvPRR9,B,species_prefix_Pv,Pv,PRR9,
PvRR45,B,species_prefix_Pv,Pv,RR45,
PvRR9,B,species_prefix_Pv,Pv,RR9,
PvRRs,B,species_prefix_Pv,Pv,RRs,
PvSUT1.1,D,descriptive_name,,,
PvTCS,B,species_prefix_Pv,Pv,TCS,
pwl1,D,descriptive_name,,,
PX/PH-PLD subfamily,D,descriptive_name,,,
PXA1,C,bare_gene_symbol,,,
PXPH-PLDs,D,descriptive_name,,,
PXY,C,bare_gene_symbol,,,
py00132.t1,D,descriptive_name,,,
py00308.t1,D,descriptive_name,,,
py00829.t1,D,descriptive_name,,,
py01289.t1,D,descriptive_name,,,
py02275.t1,D,descriptive_name,,,
py02843.t1,D,descriptive_name,,,
py03343.t1,D,descriptive_name,,,
py04307.t1,D,descriptive_name,,,
py05706.t1,D,descriptive_name,,,
py05984.t1,D,descriptive_name,,,
py07137.t1,D,descriptive_name,,,
PYE,C,bare_gene_symbol,,,
pYES2 expression vector,D,descriptive_name,,,
PyHSP20,B,species_prefix_Py,Py,HSP20,
PyHSP20s,B,species_prefix_Py,Py,HSP20s,
PYL,C,bare_gene_symbol,,,
PYL gene family,D,descriptive_name,,,
PYL proteins,D,descriptive_name,,,
PYL receptor,D,descriptive_name,,,
PYL receptors,D,descriptive_name,,,
PYL/PYR,D,descriptive_name,,,
PYL/PYR receptors,D,descriptive_name,,,
PYL/PYR type,D,descriptive_name,,,
PYL/RCAR ABA receptors,D,descriptive_name,,,
PYL/RCAR receptors,D,descriptive_name,,,
PYL1,C,bare_gene_symbol,,,
PYL2,C,bare_gene_symbol,,,
PYL3,C,bare_gene_symbol,,,
PYL3 gene,D,descriptive_name,,,
PYL4,C,bare_gene_symbol,,,
PYL4 ABA receptors,D,descriptive_name,,,
PYL4 receptors,D,descriptive_name,,,
PYL4-like,D,descriptive_name,,,
PYL4/5,D,descriptive_name,,,
PYL4s,D,descriptive_name,,,
PYL5,C,bare_gene_symbol,,,
PYL6,C,bare_gene_symbol,,,
PYL7,C,bare_gene_symbol,,,
PYL8,C,bare_gene_symbol,,,
PYL8 receptors,D,descriptive_name,,,
PYL8-like,D,descriptive_name,,,
PYL9,C,bare_gene_symbol,,,
PYL9 receptor,D,descriptive_name,,,
PYL9 receptors,D,descriptive_name,,,
PYL9-like,D,descriptive_name,,,
PYLs,D,descriptive_name,,,
PYR,C,bare_gene_symbol,,,
PYR gene,D,descriptive_name,,,
PYR/PYL,D,descriptive_name,,,
PYR/PYL family,D,descriptive_name,,,
PYR/PYL genes,D,descriptive_name,,,
PYR/PYL receptor family,D,descriptive_name,,,
PYR/PYL receptors,D,descriptive_name,,,
PYR/PYL/RCAR,D,descriptive_name,,,
PYR/PYL/RCAR proteins,D,descriptive_name,,,
PYR/PYL/RCAR receptors,D,descriptive_name,,,
PYR/PYL/RCAR-PP2C complex,D,descriptive_name,,,
PYR/PYL/RCAR-PP2C receptor complex,D,descriptive_name,,,
PYR/PYLs receptors,D,descriptive_name,,,
PYR/PYLs/RCARs,D,descriptive_name,,,
PYR1,C,bare_gene_symbol,,,
PYR1 receptor,D,descriptive_name,,,
PYR1-like,D,descriptive_name,,,
PYR1/PYL,D,descriptive_name,,,
pyr1pyl124,D,descriptive_name,,,
Pyrabactin resistance 1,D,descriptive_name,,,
Pyrabactin Resistance 1-like,D,descriptive_name,,,
PYRD,C,bare_gene_symbol,,,
pyrH,D,descriptive_name,,,
pyridine nucleotide-disulphide oxidoreductase,D,descriptive_name,,,
pyridoxal 5' phosphate synthase,D,descriptive_name,,,
pyridoxal 5'-phosphate synthase,D,descriptive_name,,,
pyridoxal 5'-phosphate synthase subunit,D,descriptive_name,,,
pyridoxal 5′-phosphate synthase,D,descriptive_name,,,
pyridoxal 5′-phosphate synthase subunit PDX1,D,descriptive_name,,,
Pyridoxal biosynthesis lyase,D,descriptive_name,,,
pyridoxal enzyme,D,descriptive_name,,,
Pyridoxal phosphate (PLP) phosphatase-related protein,D,descriptive_name,,,
Pyridoxal phosphate (PLP)-dependent transferases superfamily protein,D,descriptive_name,,,
pyridoxal phosphate homeostasis protein,D,descriptive_name,,,
Pyridoxal phosphate-dependent transferases,D,descriptive_name,,,
pyridoxine 4-dehydrogenase,D,descriptive_name,,,
PYRIDOXINE BIOSYNTHESIS 1.3,D,descriptive_name,,,
Pyridoxine kinase,D,descriptive_name,,,
PYRIMIDINE DEAMINASE,D,descriptive_name,,,
pyrogallol-peroxidase,D,descriptive_name,,,
pyrophosphate-dependent phosphofructokinase,D,descriptive_name,,,
pyrophosphate-energized proton pump,D,descriptive_name,,,
pyrophosphate-fructose-6-phosphate 1-phosphotransferase,D,descriptive_name,,,
pyrophosphorylase,D,descriptive_name,,,
Pyrroline 5-carboxylate synthase,D,descriptive_name,,,
pyrroline carboxylate synthase,D,descriptive_name,,,
pyrroline-5-carboxylate reductase,D,descriptive_name,,,
Pyrroline-5-carboxylate synthase,D,descriptive_name,,,
pyrroline-5-carboxylate synthetase,D,descriptive_name,,,
pyruvate carboxylase,D,descriptive_name,,,
pyruvate decarboxylase,D,descriptive_name,,,
pyruvate decarboxylase 1,D,descriptive_name,,,
pyruvate decarboxylase 1 like,D,descriptive_name,,,
pyruvate decarboxylase 3-like,D,descriptive_name,,,
pyruvate dehydrogenase,D,descriptive_name,,,
pyruvate dehydrogenase (PDH) complex,D,descriptive_name,,,
pyruvate dehydrogenase carboxylase,D,descriptive_name,,,
pyruvate dehydrogenase complex,D,descriptive_name,,,
pyruvate dehydrogenase E1,D,descriptive_name,,,
Pyruvate dehydrogenase E1 beta subunit isoform 2,D,descriptive_name,,,
pyruvate dehydrogenase E1 component subunit alpha,D,descriptive_name,,,
pyruvate dehydrogenase e1 component subunit beta,D,descriptive_name,,,
pyruvate dehydrogenase E1 component subunit beta-1,D,descriptive_name,,,
pyruvate dehydrogenase E2,D,descriptive_name,,,
pyruvate dikinase,D,descriptive_name,,,
pyruvate kinase,D,descriptive_name,,,
pyruvate kinase 1,D,descriptive_name,,,
pyruvate kinases,D,descriptive_name,,,
pyruvate orthophosphate dikinase,D,descriptive_name,,,
pyruvate phosphate dikinase,D,descriptive_name,,,
pyruvate phosphate dikinase regulatory protein 1 gene,D,descriptive_name,,,
Pyruvate Pi dikinase,D,descriptive_name,,,
"pyruvate, ferredoxin oxidoreductase",D,descriptive_name,,,
"pyruvate, orthophosphate dikinase",D,descriptive_name,,,
"pyruvate, phosphate dikinase",D,descriptive_name,,,
"pyruvate, phosphate dikinase 1 chloroplastic isoform X1",D,descriptive_name,,,
PySNAT gene,D,descriptive_name,,,
PySNAT genes,D,descriptive_name,,,
PySNAT protein,D,descriptive_name,,,
PySNAT proteins,D,descriptive_name,,,
Q1 segment,D,descriptive_name,,,
Q2R0I1,A,uniprot_accession,,,
Q56TP1,A,uniprot_accession,,,
Q6K832,A,uniprot_accession,,,
Q9LPD0,A,uniprot_accession,,,
Q9SXJ6,A,uniprot_accession,,,
QAPRT,C,bare_gene_symbol,,,
qCC-1-5,D,descriptive_name,,,
qCc1,D,descriptive_name,,,
qCc1-3,D,descriptive_name,,,
qCC11.1,D,descriptive_name,,,
QcRaf.1H_1,D,descriptive_name,,,
QcRaf.2H,D,descriptive_name,,,
QdATf.6H,D,descriptive_name,,,
QdEth.2H,D,descriptive_name,,,
QdMal.3H_2.1,D,descriptive_name,,,
QdMal.3H_2.2,D,descriptive_name,,,
QdPro.3H_2.2,D,descriptive_name,,,
QdsiGlu.2H,D,descriptive_name,,,
QdsiGTf.7H_3,D,descriptive_name,,,
QdsiGTt.3H_2,D,descriptive_name,,,
QdsiSuc.3H_2.1,D,descriptive_name,,,
QdsiSuc.3H_2.2,D,descriptive_name,,,
qGPX10.1,D,descriptive_name,,,
qGPX9.1,D,descriptive_name,,,
qHS2.1,D,descriptive_name,,,
qHS2.2,D,descriptive_name,,,
qHS2.3,D,descriptive_name,,,
qHS3.1,D,descriptive_name,,,
qHS3.2,D,descriptive_name,,,
qHS3.3,D,descriptive_name,,,
qHTT1,D,descriptive_name,,,
qHTT4.2,D,descriptive_name,,,
QORL,C,bare_gene_symbol,,,
QPT,C,bare_gene_symbol,,,
QRT1,C,bare_gene_symbol,,,
QRT3,C,bare_gene_symbol,,,
QSg.sxau-7D,D,descriptive_name,,,
qsmR,D,descriptive_name,,,
qSOD10.2,D,descriptive_name,,,
qsrP,D,descriptive_name,,,
qsrV,D,descriptive_name,,,
QTL,C,bare_gene_symbol,,,
QTL11,C,bare_gene_symbol,,,
QTL27,C,bare_gene_symbol,,,
QTLs,D,descriptive_name,,,
QUA1,C,bare_gene_symbol,,,
quantitative trait loci,D,descriptive_name,,,
"quercetin 2,3-dioxygenase",D,descriptive_name,,,
quercetin 3-O-glucosyltransferase,D,descriptive_name,,,
quercetin 7-O-glucosyltransferase,D,descriptive_name,,,
Quercetin glucosyltransferase,D,descriptive_name,,,
quinate hydroxycinnamoyltransferase-like,D,descriptive_name,,,
quinate/shikimate p-hydroxycinnamoyltransferase,D,descriptive_name,,,
Quinine reductase,D,descriptive_name,,,
quinoa AAT genes,D,descriptive_name,,,
quinol-cytochrome c-oxidoreductase,D,descriptive_name,,,
quinolinate synthetase,D,descriptive_name,,,
quinolinic acid phosphoribosyl transferase,D,descriptive_name,,,
Quinolinic acid phosphoribosyltransferase,D,descriptive_name,,,
quinolinic acid synthase,D,descriptive_name,,,
quinone dehydrogenases,D,descriptive_name,,,
quinone oxidoreductase,D,descriptive_name,,,
quinone oxidoreductase subunits,D,descriptive_name,,,
quinone oxidoreductase-like protein,D,descriptive_name,,,
quinone reductase,D,descriptive_name,,,
R,E,noise_too_short,,,
R genes,D,descriptive_name,,,
R protein,D,descriptive_name,,,
R proteins,D,descriptive_name,,,
R-protein,D,descriptive_name,,,
R-proteins,D,descriptive_name,,,
R10,C,bare_gene_symbol,,,
R10 protein,D,descriptive_name,,,
R10 receptor,D,descriptive_name,,,
R103F,C,bare_gene_symbol,,,
R103F overexpressing rice plants,D,descriptive_name,,,
R103K,C,bare_gene_symbol,,,
R2 repeat,D,descriptive_name,,,
R2-R3 type MYB gene,D,descriptive_name,,,
R2D2,C,bare_gene_symbol,,,
R2D2 sensor,D,descriptive_name,,,
R2D2 sensors,D,descriptive_name,,,
R2R3 MYB transcription factor,D,descriptive_name,,,
R2R3-MYB,D,descriptive_name,,,
R2R3-MYB family,D,descriptive_name,,,
R2R3-MYB gene,D,descriptive_name,,,
R2R3-MYB gene family,D,descriptive_name,,,
R2R3-MYB genes,D,descriptive_name,,,
R2R3-MYB proteins,D,descriptive_name,,,
R2R3-MYB transcription factor,D,descriptive_name,,,
R2R3-MYB transcription factors,D,descriptive_name,,,
R2R3-MYB10,D,descriptive_name,,,
R2R3-MYBs,D,descriptive_name,,,
R2R3-type MYB family,D,descriptive_name,,,
R2R3-type MYB protein,D,descriptive_name,,,
R2R3-type MYB transcription factor,D,descriptive_name,,,
R3 repeat,D,descriptive_name,,,
R3a,D,descriptive_name,,,
ra3t,D,descriptive_name,,,
RA5,C,bare_gene_symbol,,,
RaAPX,B,species_prefix_Ra,Ra,APX,
RAB,C,bare_gene_symbol,,,
RAB15,C,bare_gene_symbol,,,
Rab16A,D,descriptive_name,,,
Rab16A promoter,D,descriptive_name,,,
RAB16B,C,bare_gene_symbol,,,
RAB16C,C,bare_gene_symbol,,,
RAB17,C,bare_gene_symbol,,,
RAB18,C,bare_gene_symbol,,,
Rab21,C,bare_gene_symbol,,,
rabbit polyclonal anti-SSI antibodies,D,descriptive_name,,,
rabbit polyclonal IgG,D,descriptive_name,,,
rabbit reticulocyte heme-regulated inhibitor,D,descriptive_name,,,
RACK1,C,bare_gene_symbol,,,
RACK1A,C,bare_gene_symbol,,,
RADIALIS-LIKE3,D,descriptive_name,,,
Raf-like MAP3K,D,descriptive_name,,,
RAF14,C,bare_gene_symbol,,,
RAF79,C,bare_gene_symbol,,,
raffinose synthase,D,descriptive_name,,,
raffinose synthase family proteins,D,descriptive_name,,,
raffinose synthase gene,D,descriptive_name,,,
raffinose synthase genes,D,descriptive_name,,,
Raffinose synthetase,D,descriptive_name,,,
RAFS,C,bare_gene_symbol,,,
RAFS gene promoters,D,descriptive_name,,,
RAFS genes,D,descriptive_name,,,
RAG2,C,bare_gene_symbol,,,
RAG2 gene,D,descriptive_name,,,
RAmy3A,D,descriptive_name,,,
RAmy3D,D,descriptive_name,,,
RAmyC,D,descriptive_name,,,
Ran,D,descriptive_name,,,
Ran GTPases,D,descriptive_name,,,
RAN1,C,bare_gene_symbol,,,
RAP transcription factors,D,descriptive_name,,,
RAP-type ERFVII transcription factors,D,descriptive_name,,,
RAP2-1,D,descriptive_name,,,
RAP2-3,D,descriptive_name,,,
RAP2-6,D,descriptive_name,,,
RAP2.10,C,bare_gene_symbol,,,
RAP2.12,C,bare_gene_symbol,,,
RAP2.2,C,bare_gene_symbol,,,
RAP2.3,C,bare_gene_symbol,,,
RAP2.4,C,bare_gene_symbol,,,
RAP2.6,C,bare_gene_symbol,,,
RAP2.6L,D,descriptive_name,,,
rar1,D,descriptive_name,,,
RARE1,C,bare_gene_symbol,,,
Ras protein family,D,descriptive_name,,,
rate-limiting enzyme,D,descriptive_name,,,
ratiometric indicators,D,descriptive_name,,,
RAV,C,bare_gene_symbol,,,
RAV proteins,D,descriptive_name,,,
RAV subfamily,D,descriptive_name,,,
RAV transcription factor,D,descriptive_name,,,
RAV transcription factor family,D,descriptive_name,,,
RAV1,C,bare_gene_symbol,,,
RAV2,C,bare_gene_symbol,,,
RB gene,D,descriptive_name,,,
RbcL,D,descriptive_name,,,
rbcL gene,D,descriptive_name,,,
RbcL protein,D,descriptive_name,,,
rbcL transcripts,D,descriptive_name,,,
rbcS,D,descriptive_name,,,
RBCS-8B,D,descriptive_name,,,
RBCS-C,D,descriptive_name,,,
RBCS1,C,bare_gene_symbol,,,
rbcS2A,D,descriptive_name,,,
rbcS3B,D,descriptive_name,,,
RBG1,C,bare_gene_symbol,,,
RBO1,C,bare_gene_symbol,,,
RBO2,C,bare_gene_symbol,,,
RBOH,C,bare_gene_symbol,,,
RBOH family genes,D,descriptive_name,,,
RBOH genes,D,descriptive_name,,,
RBOH protein B,D,descriptive_name,,,
RBOH proteins,D,descriptive_name,,,
Rboh-NADPH oxidase,D,descriptive_name,,,
RBOH1,C,bare_gene_symbol,,,
RBOH1-NADPH oxidase,D,descriptive_name,,,
rboh2,D,descriptive_name,,,
rboh6,D,descriptive_name,,,
RbohA,D,descriptive_name,,,
RBOHB,C,bare_gene_symbol,,,
RbohC,D,descriptive_name,,,
RbohC2,C,bare_gene_symbol,,,
RbohD,D,descriptive_name,,,
RbohD protein,D,descriptive_name,,,
RbohD-like,D,descriptive_name,,,
RBOHE,C,bare_gene_symbol,,,
RbohE2,C,bare_gene_symbol,,,
RBOHF,C,bare_gene_symbol,,,
RBOHH,C,bare_gene_symbol,,,
RbohJ,D,descriptive_name,,,
RBOHs,D,descriptive_name,,,
RBP,C,bare_gene_symbol,,,
RBR,C,bare_gene_symbol,,,
RBR-kinase complex,D,descriptive_name,,,
RBX,C,bare_gene_symbol,,,
RBX1,C,bare_gene_symbol,,,
rca,D,descriptive_name,,,
RCA isoform,D,descriptive_name,,,
RCA subunits,D,descriptive_name,,,
RCA-ADP complex,D,descriptive_name,,,
RCA-Rubisco complex,D,descriptive_name,,,
RCA1,C,bare_gene_symbol,,,
Rca1β,D,descriptive_name,,,
RCA2,C,bare_gene_symbol,,,
RCAB,C,bare_gene_symbol,,,
RCAR,C,bare_gene_symbol,,,
RCAR/PYR1/PYL family members,D,descriptive_name,,,
RCAR1,C,bare_gene_symbol,,,
RCAR11,C,bare_gene_symbol,,,
RCAR5,C,bare_gene_symbol,,,
RCARs,D,descriptive_name,,,
RcBAG gene family,D,descriptive_name,,,
RcBAG genes,D,descriptive_name,,,
RcBAG promoter,D,descriptive_name,,,
RcBAG promoters,D,descriptive_name,,,
RCCR,C,bare_gene_symbol,,,
RcDGAT2,B,species_prefix_Rc,Rc,DGAT2,
RcGAPDH,B,species_prefix_Rc,Rc,GAPDH,
RcHsf,B,species_prefix_Rc,Rc,Hsf,
RcHsf gene family,D,descriptive_name,,,
RcHsf17,B,species_prefix_Rc,Rc,Hsf17,
RcHsfA6,B,species_prefix_Rc,Rc,HsfA6,
RcHsfs,B,species_prefix_Rc,Rc,Hsfs,
RcHSP70,B,species_prefix_Rc,Rc,HSP70,
RcHSP70 protein,D,descriptive_name,,,
RCI2,C,bare_gene_symbol,,,
RCI2A,C,bare_gene_symbol,,,
Rco2g0166331,D,descriptive_name,,,
Rco4g0438671,D,descriptive_name,,,
Rco5g0009141,D,descriptive_name,,,
Rco5g0068321,D,descriptive_name,,,
RCQA,C,bare_gene_symbol,,,
Rcr3,C,bare_gene_symbol,,,
RcTPS gene,D,descriptive_name,,,
RcTPS gene family,D,descriptive_name,,,
RcTPS genes,D,descriptive_name,,,
RcTPS-b,B,species_prefix_Rc,Rc,TPS-b,
RcTPS-g subfamilies,D,descriptive_name,,,
RcTPS01,B,species_prefix_Rc,Rc,TPS01,
RcTPS06,B,species_prefix_Rc,Rc,TPS06,
RcTPS31,B,species_prefix_Rc,Rc,TPS31,
RcTPS49,B,species_prefix_Rc,Rc,TPS49,
RCTU1,C,bare_gene_symbol,,,
RCTU2,C,bare_gene_symbol,,,
RD HAESA-LIKE,D,descriptive_name,,,
RD17,C,bare_gene_symbol,,,
RD20,C,bare_gene_symbol,,,
RD22,C,bare_gene_symbol,,,
Rd22 gene,D,descriptive_name,,,
RD26,C,bare_gene_symbol,,,
RD29,C,bare_gene_symbol,,,
RD29A,C,bare_gene_symbol,,,
RD29A:LUC,D,descriptive_name,,,
RD29B,C,bare_gene_symbol,,,
RDR2,C,bare_gene_symbol,,,
RdRp,D,descriptive_name,,,
reaction center-binding protein D1,D,descriptive_name,,,
reactive oxygen species gene network,D,descriptive_name,,,
reactive oxygen species scavenging enzymes,D,descriptive_name,,,
reactive oxygen-defense transcripts,D,descriptive_name,,,
recA,D,descriptive_name,,,
recA promoter,D,descriptive_name,,,
RECA1,C,bare_gene_symbol,,,
receptor,D,descriptive_name,,,
receptor components,D,descriptive_name,,,
receptor for GA,D,descriptive_name,,,
receptor genes,D,descriptive_name,,,
receptor GID1,D,descriptive_name,,,
receptor GID1B,D,descriptive_name,,,
receptor kinase,D,descriptive_name,,,
receptor kinase OST-1,D,descriptive_name,,,
receptor kinases,D,descriptive_name,,,
receptor NRP1,D,descriptive_name,,,
receptor pair,D,descriptive_name,,,
receptor proteins,D,descriptive_name,,,
receptor PYL,D,descriptive_name,,,
receptor-like kinase,D,descriptive_name,,,
receptor-like kinase 1,D,descriptive_name,,,
receptor-like kinase gene,D,descriptive_name,,,
receptor-like kinase genes,D,descriptive_name,,,
receptor-like kinase HERK1,D,descriptive_name,,,
receptor-like kinases,D,descriptive_name,,,
receptor-like protein kinase,D,descriptive_name,,,
receptor-like protein kinase FERONIA,D,descriptive_name,,,
receptor-like proteins,D,descriptive_name,,,
receptor-like-kinases,D,descriptive_name,,,
receptors,D,descriptive_name,,,
recombinant 2-Cys peroxiredoxins,D,descriptive_name,,,
recombinant Arabidopsis DNA Pol λ,D,descriptive_name,,,
recombinant GhHSP70-8,D,descriptive_name,,,
recombinant GhHSP90-7,D,descriptive_name,,,
recombinant human MIF,D,descriptive_name,,,
recombinant human protein kinase HsPKR,D,descriptive_name,,,
recombinant human protein kinase R,D,descriptive_name,,,
recombinant major latex-like proteins,D,descriptive_name,,,
Recombinant MiMIF-2,D,descriptive_name,,,
recombinant MnSOD,D,descriptive_name,,,
recombinant NR gene,D,descriptive_name,,,
Recombinant OsPAP21b,D,descriptive_name,,,
Recombinant OsPAP21b protein,D,descriptive_name,,,
recombinant protein,D,descriptive_name,,,
recombinant protein expression,D,descriptive_name,,,
recombinant proteins,D,descriptive_name,,,
recombinant PySNAT,D,descriptive_name,,,
recombinant rice AGPase subunits,D,descriptive_name,,,
recombinant rice enzyme OsPAP21b,D,descriptive_name,,,
recombinant tomato proteins,D,descriptive_name,,,
recombinant TPS domain proteins,D,descriptive_name,,,
recombinant TPS domains,D,descriptive_name,,,
recombinant UGT73A17 enzyme,D,descriptive_name,,,
Recombinant UGT73A17 protein,D,descriptive_name,,,
recycling enzymes,D,descriptive_name,,,
Red chlorophyll catabolite reductase,D,descriptive_name,,,
Red Fluorescent Protein,D,descriptive_name,,,
red form of phytochrome,D,descriptive_name,,,
redox enzyme,D,descriptive_name,,,
redox enzymes,D,descriptive_name,,,
redox genes,D,descriptive_name,,,
redox proteins,D,descriptive_name,,,
redox-regulated enzymes,D,descriptive_name,,,
redox-regulatory genes,D,descriptive_name,,,
redox-related proteins,D,descriptive_name,,,
Redox-sensitive green fluorescent protein,D,descriptive_name,,,
redox-sensitive protein,D,descriptive_name,,,
redox-sensitive proteins,D,descriptive_name,,,
redox-sensitive transcriptional activator,D,descriptive_name,,,
redoxin proteins,D,descriptive_name,,,
reduced thioredoxin,D,descriptive_name,,,
reductase,D,descriptive_name,,,
reductase enzymes,D,descriptive_name,,,
reductase protein,D,descriptive_name,,,
reductases,D,descriptive_name,,,
reductoisomerase,D,descriptive_name,,,
REF,C,bare_gene_symbol,,,
REF1,C,bare_gene_symbol,,,
REF6,C,bare_gene_symbol,,,
reference gene,D,descriptive_name,,,
reference genes,D,descriptive_name,,,
refre1/372,D,descriptive_name,,,
regulator,D,descriptive_name,,,
regulators,D,descriptive_name,,,
regulatory and functional proteins,D,descriptive_name,,,
regulatory cis-acting elements,D,descriptive_name,,,
regulatory clones,D,descriptive_name,,,
regulatory elements,D,descriptive_name,,,
regulatory factors,D,descriptive_name,,,
regulatory gene,D,descriptive_name,,,
regulatory gene set,D,descriptive_name,,,
regulatory genes,D,descriptive_name,,,
regulatory protein NPR3,D,descriptive_name,,,
regulatory proteins,D,descriptive_name,,,
REL1,C,bare_gene_symbol,,,
REL1 gene,D,descriptive_name,,,
related protein kinase 3,D,descriptive_name,,,
REM,C,bare_gene_symbol,,,
REM genes,D,descriptive_name,,,
REM proteins,D,descriptive_name,,,
REM1.3,C,bare_gene_symbol,,,
remorin,D,descriptive_name,,,
remorin family proteins,D,descriptive_name,,,
remorin proteins,D,descriptive_name,,,
remorins,D,descriptive_name,,,
REN,C,bare_gene_symbol,,,
Renilla,D,descriptive_name,,,
Renilla luciferase,D,descriptive_name,,,
reporter,D,descriptive_name,,,
reporter gene,D,descriptive_name,,,
reporter genes,D,descriptive_name,,,
reporter mRNA,D,descriptive_name,,,
reporter mRNAs,D,descriptive_name,,,
reporter protein,D,descriptive_name,,,
representative genes,D,descriptive_name,,,
repressor,D,descriptive_name,,,
repressor ARF genes,D,descriptive_name,,,
repressor of GA1,D,descriptive_name,,,
REPRESSOR of GAI,D,descriptive_name,,,
repressor of gibberellic acid 1,D,descriptive_name,,,
repressor protein,D,descriptive_name,,,
repressor proteins,D,descriptive_name,,,
repressors,D,descriptive_name,,,
resistance and mobilization genes,D,descriptive_name,,,
resistance cassette,D,descriptive_name,,,
resistance genes,D,descriptive_name,,,
resistance or mobilization genes,D,descriptive_name,,,
resistance protein,D,descriptive_name,,,
resistance-related gene promoters,D,descriptive_name,,,
resistance-related genes,D,descriptive_name,,,
resistant genes,D,descriptive_name,,,
respiratory burst oxidase,D,descriptive_name,,,
respiratory burst oxidase 1,D,descriptive_name,,,
respiratory burst oxidase homolog,D,descriptive_name,,,
respiratory burst oxidase homolog D,D,descriptive_name,,,
respiratory burst oxidase homolog gene,D,descriptive_name,,,
respiratory burst oxidase homolog genes,D,descriptive_name,,,
Respiratory burst oxidase homolog protein D,D,descriptive_name,,,
respiratory burst oxidase homologous protein D,D,descriptive_name,,,
respiratory burst oxidase homologs,D,descriptive_name,,,
respiratory burst oxidase homologue D,D,descriptive_name,,,
respiratory burst oxidase homologue proteins,D,descriptive_name,,,
respiratory burst oxidase homologues,D,descriptive_name,,,
respiratory oxidase homolog,D,descriptive_name,,,
respiratory transcripts,D,descriptive_name,,,
response element,D,descriptive_name,,,
response elements,D,descriptive_name,,,
response factors,D,descriptive_name,,,
response genes,D,descriptive_name,,,
response regulators,D,descriptive_name,,,
responsive downstream genes,D,descriptive_name,,,
responsive factors,D,descriptive_name,,,
responsive genes,D,descriptive_name,,,
responsive to ABA,D,descriptive_name,,,
Responsive to ABA 18,D,descriptive_name,,,
responsive to abscisic acid,D,descriptive_name,,,
Responsive to abscisic acid 21,D,descriptive_name,,,
responsiveness elements,D,descriptive_name,,,
resveratrol synthase,D,descriptive_name,,,
Reticuline oxidase-like protein-like,D,descriptive_name,,,
RETINOBLASTOMA-RELATED,D,descriptive_name,,,
retromer protein,D,descriptive_name,,,
reverse transcriptase,D,descriptive_name,,,
RFP,C,bare_gene_symbol,,,
RFS,C,bare_gene_symbol,,,
RFS genes,D,descriptive_name,,,
RFS protein,D,descriptive_name,,,
RFS proteins,D,descriptive_name,,,
RFS2,C,bare_gene_symbol,,,
RFS5,C,bare_gene_symbol,,,
RGA,C,bare_gene_symbol,,,
RGA1,C,bare_gene_symbol,,,
RGL,C,bare_gene_symbol,,,
RGL1,C,bare_gene_symbol,,,
RGL2,C,bare_gene_symbol,,,
RGL2 protein,D,descriptive_name,,,
RGL3,C,bare_gene_symbol,,,
RGLG1,C,bare_gene_symbol,,,
RGLG4,C,bare_gene_symbol,,,
RGS1,C,bare_gene_symbol,,,
RGS1-GPA1 complex,D,descriptive_name,,,
RGT2,C,bare_gene_symbol,,,
RGXT1,C,bare_gene_symbol,,,
RGXT2,C,bare_gene_symbol,,,
RH3,C,bare_gene_symbol,,,
rhamnose biosynthetic-like enzymes,D,descriptive_name,,,
rhamnose-binding lectins,D,descriptive_name,,,
rhamnose:beta-solanine rhamnosyltransferase,D,descriptive_name,,,
rhamnose:beta-solanine/beta-chaconine rhamnosyltransferase,D,descriptive_name,,,
rhamnosyltransferase enzymes,D,descriptive_name,,,
RHC03H1G2251.2,D,descriptive_name,,,
RHC1,C,bare_gene_symbol,,,
RhCIPK3,B,species_prefix_Rh,Rh,CIPK3,
RhCOMT1,B,species_prefix_Rh,Rh,COMT1,
RHD6,C,bare_gene_symbol,,,
Rhe001827,C,bare_gene_symbol,,,
Rhe002395,C,bare_gene_symbol,,,
Rhe005479,C,bare_gene_symbol,,,
Rhe008987,C,bare_gene_symbol,,,
Rhe012217,C,bare_gene_symbol,,,
Rhe016769,C,bare_gene_symbol,,,
Rhe018087,C,bare_gene_symbol,,,
Rhe021648,C,bare_gene_symbol,,,
Rhe021651,C,bare_gene_symbol,,,
Rhe022609,C,bare_gene_symbol,,,
RhEXPA4,B,species_prefix_Rh,Rh,EXPA4,
RhHSF,B,species_prefix_Rh,Rh,HSF,
RhHSF17,B,species_prefix_Rh,Rh,HSF17,
RhJAZ5,B,species_prefix_Rh,Rh,JAZ5,
rhlA,D,descriptive_name,,,
RHM,C,bare_gene_symbol,,,
RHM1,C,bare_gene_symbol,,,
rhodanese-domain containing genes,D,descriptive_name,,,
rhodanese-domain proteins,D,descriptive_name,,,
RHS15,C,bare_gene_symbol,,,
RHS19,C,bare_gene_symbol,,,
rht,D,descriptive_name,,,
Rht allele,D,descriptive_name,,,
Rht genes,D,descriptive_name,,,
Rht-1,D,descriptive_name,,,
Rht-B1,D,descriptive_name,,,
Rht-B1b,D,descriptive_name,,,
Rht-D1,D,descriptive_name,,,
Rht-D1a,D,descriptive_name,,,
Rht-D1b,D,descriptive_name,,,
Rht-D1c,D,descriptive_name,,,
RHT1,C,bare_gene_symbol,,,
Rht12,C,bare_gene_symbol,,,
Rht8,C,bare_gene_symbol,,,
RhTIP1;1,D,descriptive_name,,,
rhythmic redox genes,D,descriptive_name,,,
ribB,D,descriptive_name,,,
riboflavin biosynthesis protein PYRR,D,descriptive_name,,,
Riboflavin synthase,D,descriptive_name,,,
ribonuclease,D,descriptive_name,,,
Ribose 5-phosphate isomerase,D,descriptive_name,,,
"Ribose-1,5-diphosphate carboxylase",D,descriptive_name,,,
Ribose-5-phosphate isomerase,D,descriptive_name,,,
Ribose-5-phosphate isomerase A,D,descriptive_name,,,
ribosomal activity,D,descriptive_name,,,
ribosomal protein,D,descriptive_name,,,
ribosomal protein DEGs,D,descriptive_name,,,
ribosomal protein genes,D,descriptive_name,,,
ribosomal protein L6 family,D,descriptive_name,,,
ribosomal proteins,D,descriptive_name,,,
ribosomal RNA,D,descriptive_name,,,
ribosomal-inactivating protein,D,descriptive_name,,,
ribosome binding factor PSRP1,D,descriptive_name,,,
ribosome biogenesis-related genes,D,descriptive_name,,,
ribosome-inactivating protein,D,descriptive_name,,,
ribosomes,D,descriptive_name,,,
"Ribulose 1, 5-bisphosphate carboxylase/oxygenase",D,descriptive_name,,,
"Ribulose 1, 5-diphosphate carboxyl enzyme",D,descriptive_name,,,
"Ribulose 1,5 bisphosphate carboxylase",D,descriptive_name,,,
"Ribulose 1,5-bisphosphate carboxylase",D,descriptive_name,,,
"ribulose 1,5-bisphosphate carboxylase/oxygenase",D,descriptive_name,,,
"Ribulose 1,5-diphosphate carboxylase",D,descriptive_name,,,
Ribulose bisphosphate carboxylase,D,descriptive_name,,,
ribulose bisphosphate carboxylase (spot 59),D,descriptive_name,,,
Ribulose bisphosphate carboxylase oxygenase,D,descriptive_name,,,
ribulose bisphosphate carboxylase small chain,D,descriptive_name,,,
ribulose bisphosphate carboxylase small chain 1,D,descriptive_name,,,
Ribulose bisphosphate carboxylase/oxygenase,D,descriptive_name,,,
ribulose bisphosphate carboxylases,D,descriptive_name,,,
ribulose diphosphate carboxylase,D,descriptive_name,,,
"Ribulose-1, 5-bisphosphate carboxylase/oxygenase",D,descriptive_name,,,
"ribulose-1,5 bisphosphate carboxylase-oxygenase",D,descriptive_name,,,
"Ribulose-1,5-biphosphate carboxylase/oxygenase",D,descriptive_name,,,
"ribulose-1,5-bisphophate carboxylase/oxygenase",D,descriptive_name,,,
"ribulose-1,5-bisphosphate carboxylase",D,descriptive_name,,,
"Ribulose-1,5-bisphosphate carboxylase oxygenase",D,descriptive_name,,,
"Ribulose-1,5-bisphosphate carboxylase-oxygenase",D,descriptive_name,,,
"Ribulose-1,5-bisphosphate carboxylase/oxygenase",D,descriptive_name,,,
"ribulose-1,5-bisphosphate carboxylase/oxygenase activase 1 (spots 7 and 12)",D,descriptive_name,,,
"Ribulose-1,5-bisphosphate carboxylase/oxygenase large subunit",D,descriptive_name,,,
"ribulose-1,5-bisphosphate carboxylase/oxygenase large subunit (spot 40)",D,descriptive_name,,,
"Ribulose-1,5-bisphosphate carboxylase/oxygenase large subunits",D,descriptive_name,,,
"ribulose-1,5-diphosphate carboxylation/oxygenase",D,descriptive_name,,,
RIBULOSE-5-PHOSPHATE-3-EPIMERASE,D,descriptive_name,,,
ribulose-bisphosphate carboxylase,D,descriptive_name,,,
Ribulose-bisphosphate carboxylase oxygenase,D,descriptive_name,,,
Ribulose-phosphate 3-epimerase,D,descriptive_name,,,
"Ribulose1,5-bisphosphate carboxylase/oxygenase",D,descriptive_name,,,
RIC3,C,bare_gene_symbol,,,
rice A20/AN1-type zinc-finger protein,D,descriptive_name,,,
rice ABA receptor R10,D,descriptive_name,,,
rice AGPase subunits,D,descriptive_name,,,
rice AGPases,D,descriptive_name,,,
rice and potato AGPase,D,descriptive_name,,,
rice AP2/ERF transcription factor family,D,descriptive_name,,,
rice APY genes,D,descriptive_name,,,
Rice Apyrase,D,descriptive_name,,,
rice CNGC gene family,D,descriptive_name,,,
rice CNGCs,D,descriptive_name,,,
rice cyclic nucleotide-gated ion channels,D,descriptive_name,,,
rice EG1 protein,D,descriptive_name,,,
rice gene,D,descriptive_name,,,
rice Noxs,D,descriptive_name,,,
rice OsNPSN11 genes,D,descriptive_name,,,
rice PR1 genes,D,descriptive_name,,,
rice QTC mutant,D,descriptive_name,,,
Rice seed storage protein,D,descriptive_name,,,
rice sHSPs,D,descriptive_name,,,
rice SNARE genes,D,descriptive_name,,,
rice storage protein,D,descriptive_name,,,
rice SUMO E3 ligase OsSIZ1,D,descriptive_name,,,
rice TMT genes,D,descriptive_name,,,
Ricin A-chain,D,descriptive_name,,,
RID4,C,bare_gene_symbol,,,
Rieske Fe/S protein,D,descriptive_name,,,
rif,D,descriptive_name,,,
rif1,D,descriptive_name,,,
rif10,D,descriptive_name,,,
rif10-2,D,descriptive_name,,,
rifampin ADP-ribosyltransferase,D,descriptive_name,,,
rimM,D,descriptive_name,,,
RIN,C,bare_gene_symbol,,,
rin/rin,D,descriptive_name,,,
RIN4,C,bare_gene_symbol,,,
RIN4 protein,D,descriptive_name,,,
RING,C,bare_gene_symbol,,,
RING finger protein 38-like,D,descriptive_name,,,
RING finger type,D,descriptive_name,,,
RING-DUF1117 E3 ubiquitin ligase,D,descriptive_name,,,
RING-finger,D,descriptive_name,,,
RING-H2 finger protein,D,descriptive_name,,,
RING-type E3 ligase,D,descriptive_name,,,
RING-type E3 ubiquitin ligases,D,descriptive_name,,,
RIP,C,bare_gene_symbol,,,
riPHGPX,D,descriptive_name,,,
RIPK1,C,bare_gene_symbol,,,
RJI5,C,bare_gene_symbol,,,
RK1,C,bare_gene_symbol,,,
RKD,C,bare_gene_symbol,,,
RKD subfamilies,D,descriptive_name,,,
RKD subfamily,D,descriptive_name,,,
RKD subgroup,D,descriptive_name,,,
RKDs,D,descriptive_name,,,
RKe genes,D,descriptive_name,,,
RKe protein,D,descriptive_name,,,
RKe proteins,D,descriptive_name,,,
Rle10928,C,bare_gene_symbol,,,
Rle12018,C,bare_gene_symbol,,,
Rle20301,C,bare_gene_symbol,,,
RLK1,C,bare_gene_symbol,,,
RLKs,D,descriptive_name,,,
RLP,C,bare_gene_symbol,,,
RLPs,D,descriptive_name,,,
RLS,C,bare_gene_symbol,,,
RLSB1,C,bare_gene_symbol,,,
RLSB2,C,bare_gene_symbol,,,
RLV_1399,D,descriptive_name,,,
RLV_4559,D,descriptive_name,,,
RLV_5937,D,descriptive_name,,,
RLV_6165,D,descriptive_name,,,
RLV_6292,D,descriptive_name,,,
RLV_6686,D,descriptive_name,,,
RLV_7109,D,descriptive_name,,,
RM11694,C,bare_gene_symbol,,,
RM3709,C,bare_gene_symbol,,,
rmd-1/2,D,descriptive_name,,,
rMiMIF-2,D,descriptive_name,,,
rMiMIF-2-mu,D,descriptive_name,,,
rmlAC,D,descriptive_name,,,
RmlC-like cupins,D,descriptive_name,,,
RNA,C,bare_gene_symbol,,,
RNA Pol II,D,descriptive_name,,,
RNA polymerase I,D,descriptive_name,,,
RNA polymerase I subunit genes,D,descriptive_name,,,
RNA polymerase II,D,descriptive_name,,,
RNA polymerase III,D,descriptive_name,,,
RNA-binding protein ATGRP7,D,descriptive_name,,,
RNA-binding proteins,D,descriptive_name,,,
RNA-dependent RNA polymerase,D,descriptive_name,,,
RNAi,D,descriptive_name,,,
RNAi lines,D,descriptive_name,,,
RNAi-SlMAPK1,D,descriptive_name,,,
RNAi::AtMGL lines,D,descriptive_name,,,
RNAs,D,descriptive_name,,,
RNAse,D,descriptive_name,,,
RNases,D,descriptive_name,,,
RNS1,C,bare_gene_symbol,,,
Ro10551,C,bare_gene_symbol,,,
Ro25944,C,bare_gene_symbol,,,
ROC1,C,bare_gene_symbol,,,
ROC2,C,bare_gene_symbol,,,
ROC4,C,bare_gene_symbol,,,
ROC6,C,bare_gene_symbol,,,
rod1,D,descriptive_name,,,
ROF1,C,bare_gene_symbol,,,
ROF2,C,bare_gene_symbol,,,
roGFP2,D,descriptive_name,,,
roGFP2 sensors,D,descriptive_name,,,
roGFP2-based sensors,D,descriptive_name,,,
roGFP2-Orp1,D,descriptive_name,,,
roGFP2-Orp1 sensor,D,descriptive_name,,,
roGFP2-Tsa2ΔCR,D,descriptive_name,,,
ROI-scavenging enzyme genes,D,descriptive_name,,,
rolB,D,descriptive_name,,,
rolB oncogene,D,descriptive_name,,,
rolD,D,descriptive_name,,,
rolD gene,D,descriptive_name,,,
ROLLED AND ERECT LEAF1,D,descriptive_name,,,
root nitrate transporter genes,D,descriptive_name,,,
root nitrate transporters,D,descriptive_name,,,
root surface transporters,D,descriptive_name,,,
root UVB sensitive proteins,D,descriptive_name,,,
ROP2,C,bare_gene_symbol,,,
ROS,C,bare_gene_symbol,,,
ROS detoxifying enzymes,D,descriptive_name,,,
ROS genes,D,descriptive_name,,,
ROS inhibitors,D,descriptive_name,,,
ROS scavenger,D,descriptive_name,,,
ROS scavenger enzymes,D,descriptive_name,,,
ROS scavengers,D,descriptive_name,,,
ROS scavenging DEGs,D,descriptive_name,,,
ROS scavenging enzyme,D,descriptive_name,,,
ROS scavenging enzyme gene,D,descriptive_name,,,
ROS scavenging enzymes,D,descriptive_name,,,
ROS scavenging gene,D,descriptive_name,,,
ROS scavenging genes,D,descriptive_name,,,
ROS scavenging transcripts,D,descriptive_name,,,
ROS-associated genes,D,descriptive_name,,,
ROS-degrading enzymes,D,descriptive_name,,,
ROS-detoxifying genes,D,descriptive_name,,,
ROS-elimination enzymes,D,descriptive_name,,,
ROS-generating enzymes,D,descriptive_name,,,
ROS-generating peroxidases,D,descriptive_name,,,
ROS-metabolizing enzymes,D,descriptive_name,,,
ROS-producing,D,descriptive_name,,,
ROS-quenching enzyme genes,D,descriptive_name,,,
ROS-related enzymes,D,descriptive_name,,,
ROS-related genes,D,descriptive_name,,,
ROS-responsive genes,D,descriptive_name,,,
ROS-scavengers,D,descriptive_name,,,
ROS-scavenging enzyme,D,descriptive_name,,,
ROS-scavenging enzymes,D,descriptive_name,,,
ROS-scavenging gene,D,descriptive_name,,,
ROS-scavenging genes,D,descriptive_name,,,
ROS-scavenging metallothionein,D,descriptive_name,,,
ROS-scavenging proteins,D,descriptive_name,,,
ROS1,C,bare_gene_symbol,,,
rose terpene synthase genes,D,descriptive_name,,,
ROT3,C,bare_gene_symbol,,,
ROXY genes,D,descriptive_name,,,
ROXY10,C,bare_gene_symbol,,,
ROXY15,C,bare_gene_symbol,,,
ROXY4,C,bare_gene_symbol,,,
ROXY6,C,bare_gene_symbol,,,
RPA,C,bare_gene_symbol,,,
RPA1,C,bare_gene_symbol,,,
RPB2,C,bare_gene_symbol,,,
RPD1,C,bare_gene_symbol,,,
RPE,C,bare_gene_symbol,,,
rpf gene cluster,D,descriptive_name,,,
rpfB,D,descriptive_name,,,
rpfC,D,descriptive_name,,,
RpfC/RpfG two-component system,D,descriptive_name,,,
rpfF,D,descriptive_name,,,
rpfG,D,descriptive_name,,,
RPI,C,bare_gene_symbol,,,
RPL10A,C,bare_gene_symbol,,,
RPL2,C,bare_gene_symbol,,,
RPM1,C,bare_gene_symbol,,,
RPN10a,D,descriptive_name,,,
rpoS,D,descriptive_name,,,
RPP8,C,bare_gene_symbol,,,
RPS10B,C,bare_gene_symbol,,,
RPS2,C,bare_gene_symbol,,,
RPS4,C,bare_gene_symbol,,,
RPS5,C,bare_gene_symbol,,,
rpS6,D,descriptive_name,,,
RPT6,C,bare_gene_symbol,,,
RR,E,noise_too_short,,,
RR-HRI,D,descriptive_name,,,
RR10,C,bare_gene_symbol,,,
RR4,C,bare_gene_symbol,,,
RR5,C,bare_gene_symbol,,,
RR6,C,bare_gene_symbol,,,
RRD1,C,bare_gene_symbol,,,
RRD2,C,bare_gene_symbol,,,
rRNA,D,descriptive_name,,,
rRNA methyltransferases,D,descriptive_name,,,
rRNA N-glycosidase,D,descriptive_name,,,
RRs,D,descriptive_name,,,
RRTF1,C,bare_gene_symbol,,,
RS,E,noise_too_short,,,
RS1,C,bare_gene_symbol,,,
RS5,C,bare_gene_symbol,,,
RS5 gene,D,descriptive_name,,,
RsbHLH gene family,D,descriptive_name,,,
RsbHLH gene promoters,D,descriptive_name,,,
RsbHLH genes,D,descriptive_name,,,
RsbHLH promoters,D,descriptive_name,,,
RSD genes,D,descriptive_name,,,
RsF3H,B,species_prefix_Rs,Rs,F3H,
RSL1,C,bare_gene_symbol,,,
RSL2,C,bare_gene_symbol,,,
RSL4,C,bare_gene_symbol,,,
RSL4 transcription factor,D,descriptive_name,,,
rsmA,D,descriptive_name,,,
RsuA family,D,descriptive_name,,,
rsw1,D,descriptive_name,,,
RT,E,noise_too_short,,,
RT-qPCR analysis,D,descriptive_name,,,
RTB8,C,bare_gene_symbol,,,
rub,D,descriptive_name,,,
RUB1 conjugating enzyme,D,descriptive_name,,,
rubber elongation factor,D,descriptive_name,,,
rubber transferase,D,descriptive_name,,,
Rubisco,D,descriptive_name,,,
Rubisco activase,D,descriptive_name,,,
RuBisCO activase A,D,descriptive_name,,,
Rubisco activase I,D,descriptive_name,,,
Rubisco activating enzyme,D,descriptive_name,,,
Rubisco binding protein,D,descriptive_name,,,
Rubisco carboxylase,D,descriptive_name,,,
Rubisco complex,D,descriptive_name,,,
Rubisco enzyme,D,descriptive_name,,,
Rubisco L,D,descriptive_name,,,
Rubisco large and small subunits,D,descriptive_name,,,
Rubisco large subunit,D,descriptive_name,,,
rubisco large subunit genes,D,descriptive_name,,,
RuBisCO large subunit-binding protein,D,descriptive_name,,,
RuBisCO large subunit-binding protein subunit beta,D,descriptive_name,,,
RubisCO LSMT,D,descriptive_name,,,
RuBisCO LSU,D,descriptive_name,,,
Rubisco protein,D,descriptive_name,,,
RuBisCO small chain,D,descriptive_name,,,
Rubisco small subunit,D,descriptive_name,,,
Rubisco small subunits,D,descriptive_name,,,
Rubisco subunits,D,descriptive_name,,,
Rubisco-activating enzyme,D,descriptive_name,,,
Rubisco-RCA complex,D,descriptive_name,,,
Rubisco-RCA supercomplex,D,descriptive_name,,,
rubisco-related genes,D,descriptive_name,,,
RuBisCO-related protein spots,D,descriptive_name,,,
Rubisco-related proteins,D,descriptive_name,,,
Rubiscoactivase,D,descriptive_name,,,
RubiscoL,D,descriptive_name,,,
RubL,D,descriptive_name,,,
RubL genes,D,descriptive_name,,,
RuBP,D,descriptive_name,,,
RuBP carboxylase,D,descriptive_name,,,
RuBPC,B,species_prefix_Ru,Ru,BPC,
RuBPCase,B,species_prefix_Ru,Ru,BPCase,
RubS,D,descriptive_name,,,
rUGT73A17,D,descriptive_name,,,
rv0941,D,descriptive_name,,,
RVE1,C,bare_gene_symbol,,,
RwMAX,B,species_prefix_Rw,Rw,MAX,
RWP-RK gene family,D,descriptive_name,,,
RWP-RK genes,D,descriptive_name,,,
rZmCAT,D,descriptive_name,,,
S metabolism genes,D,descriptive_name,,,
S-adenosine-L-methionine:As(III) methyltransferase,D,descriptive_name,,,
S-adenosyl methionine decarboxylase,D,descriptive_name,,,
S-adenosyl-L-methionine: caffeic acid 3-0-methyltransferase,D,descriptive_name,,,
S-adenosyl-L-methionine: salicylic acid carboxyl methyltransferase,D,descriptive_name,,,
S-adenosylhomocysteine hydrolase,D,descriptive_name,,,
S-adenosylmethiomine decarboxylase,D,descriptive_name,,,
S-adenosylmethionine decarboxylase,D,descriptive_name,,,
S-adenosylmethionine decarboxylase gene,D,descriptive_name,,,
S-adenosylmethionine decarboxylase proenzyme,D,descriptive_name,,,
S-adenosylmethionine enzymes,D,descriptive_name,,,
S-adenosylmethionine synthase,D,descriptive_name,,,
S-adenosylmethionine synthase 2,D,descriptive_name,,,
S-adenosylmethionine synthase 5,D,descriptive_name,,,
S-adenosylmethionine synthase ortholog,D,descriptive_name,,,
S-adenosylmethionine synthase proteins,D,descriptive_name,,,
S-adenosylmethionine synthetase,D,descriptive_name,,,
S-adenosylmethionine synthetase 1,D,descriptive_name,,,
S-adenosylmethionine synthetases,D,descriptive_name,,,
S-adenosylmethionine-dependent methyltransferase,D,descriptive_name,,,
S-AI,D,descriptive_name,,,
S-glutathionylated 2-Cys peroxiredoxins,D,descriptive_name,,,
S-glutathionylated proteins,D,descriptive_name,,,
S-linalool synthase,D,descriptive_name,,,
S-nitrosoglutathione reductase,D,descriptive_name,,,
S-nitrosothiol (SNO) regulated gene (SRG) family,D,descriptive_name,,,
S-norcoclaurine synthase 2-like,D,descriptive_name,,,
S1-bZIP,D,descriptive_name,,,
S1-bZIP transcription factors,D,descriptive_name,,,
S1-ERF.B3,D,descriptive_name,,,
S19,C,bare_gene_symbol,,,
S1P,C,bare_gene_symbol,,,
S2b,D,descriptive_name,,,
S2b subunit,D,descriptive_name,,,
S2bQTC,D,descriptive_name,,,
S2P,C,bare_gene_symbol,,,
S2P-like putative metalloprotease,D,descriptive_name,,,
S53 proteins,D,descriptive_name,,,
S5A_590056740,D,descriptive_name,,,
S6K,C,bare_gene_symbol,,,
S6K1,C,bare_gene_symbol,,,
S6PDH,C,bare_gene_symbol,,,
S9.6 antibodies,D,descriptive_name,,,
SA,E,noise_too_short,,,
SA biosynthesis genes,D,descriptive_name,,,
SA biosynthetic genes,D,descriptive_name,,,
SA marker genes,D,descriptive_name,,,
SA methyltransferases,D,descriptive_name,,,
SA receptor,D,descriptive_name,,,
SA response elements,D,descriptive_name,,,
SA signaling genes,D,descriptive_name,,,
SA-activated signaling proteins,D,descriptive_name,,,
SA-indicative genes,D,descriptive_name,,,
SA-mediated genes,D,descriptive_name,,,
SA-regulated genes,D,descriptive_name,,,
SA-related cis-acting elements,D,descriptive_name,,,
SA-related defense genes,D,descriptive_name,,,
SA-related DEGs,D,descriptive_name,,,
SA-related gene,D,descriptive_name,,,
SA-related genes,D,descriptive_name,,,
SA-related heat-responsive genes,D,descriptive_name,,,
SA-related motifs,D,descriptive_name,,,
SA-related proteins,D,descriptive_name,,,
SA-related regulatory genes,D,descriptive_name,,,
SA-related response elements,D,descriptive_name,,,
SA-responsive cis-acting element,D,descriptive_name,,,
SA-responsive cis-elements,D,descriptive_name,,,
SA-responsive downstream genes,D,descriptive_name,,,
SA-responsive element,D,descriptive_name,,,
SA-responsive elements,D,descriptive_name,,,
SA-responsive genes,D,descriptive_name,,,
SA-responsive marker gene,D,descriptive_name,,,
SA-responsive motif,D,descriptive_name,,,
SA-responsive sites,D,descriptive_name,,,
SABATH methyltransferase,D,descriptive_name,,,
SABP2,C,bare_gene_symbol,,,
SAC2,C,bare_gene_symbol,,,
SaCAX2,B,species_prefix_Sa,Sa,CAX2,
SaCu/Zn SOD,D,descriptive_name,,,
SaCu/ZnSOD,D,descriptive_name,,,
SAD,C,bare_gene_symbol,,,
SAD enzymes,D,descriptive_name,,,
SAD genes,D,descriptive_name,,,
SAD-2,D,descriptive_name,,,
SAD-5,D,descriptive_name,,,
SAD1,C,bare_gene_symbol,,,
SAD2-1,D,descriptive_name,,,
SAD2-2,D,descriptive_name,,,
SAD3-1,D,descriptive_name,,,
SAD3-2,D,descriptive_name,,,
SAD6,C,bare_gene_symbol,,,
SAE1,C,bare_gene_symbol,,,
SAE2,C,bare_gene_symbol,,,
SAG101,C,bare_gene_symbol,,,
SAG113,C,bare_gene_symbol,,,
SAG12,C,bare_gene_symbol,,,
SAG13,C,bare_gene_symbol,,,
SAG21,C,bare_gene_symbol,,,
SAG29,C,bare_gene_symbol,,,
SaGELP,B,species_prefix_Sa,Sa,GELP,
SaGLIP8,B,species_prefix_Sa,Sa,GLIP8,
SAGs,D,descriptive_name,,,
SAH-related enzymes,D,descriptive_name,,,
SaHDZ22,B,species_prefix_Sa,Sa,HDZ22,
SAHH,C,bare_gene_symbol,,,
SaHsf,B,species_prefix_Sa,Sa,Hsf,
SaHsf genes,D,descriptive_name,,,
SaHsfA4 genes,D,descriptive_name,,,
SaHsfA4a,B,species_prefix_Sa,Sa,HsfA4a,
SaHsfA4c,B,species_prefix_Sa,Sa,HsfA4c,
SaHsfs,B,species_prefix_Sa,Sa,Hsfs,
SaHsps,B,species_prefix_Sa,Sa,Hsps,
SAL1 enzyme,D,descriptive_name,,,
salA,D,descriptive_name,,,
salicylate hydroxylase,D,descriptive_name,,,
salicylate hydroxylase gene,D,descriptive_name,,,
salicylate hydroxylase genes,D,descriptive_name,,,
salicylate o-methyltransferase,D,descriptive_name,,,
salicylic acid 5-hydroxylase,D,descriptive_name,,,
salicylic acid biosynthetic genes,D,descriptive_name,,,
salicylic acid glucosyltransferase,D,descriptive_name,,,
salicylic acid hydroxylase,D,descriptive_name,,,
salicylic acid methyl-transferase,D,descriptive_name,,,
salicylic acid methyltransferase,D,descriptive_name,,,
Salicylic acid methyltransferases,D,descriptive_name,,,
salicylic acid response elements,D,descriptive_name,,,
Salicylic acid responsive elements,D,descriptive_name,,,
salicylic acid responsiveness elements,D,descriptive_name,,,
salicylic acid-binding protein,D,descriptive_name,,,
salicylic acid-dependent genes,D,descriptive_name,,,
salicylic acid-mediated defense-related genes,D,descriptive_name,,,
salicylic acid-related gene,D,descriptive_name,,,
salicylic acid-related genes,D,descriptive_name,,,
salicylic acid-responsive cis-acting element,D,descriptive_name,,,
salicylic acid-responsive cis-acting elements,D,descriptive_name,,,
salicylic acid-responsive cis-element,D,descriptive_name,,,
salicylic acid-responsive elements,D,descriptive_name,,,
salicylic acid-responsive genes,D,descriptive_name,,,
Salix matsudana SmPIP1;3 gene,D,descriptive_name,,,
Salmonella flagellin 22,D,descriptive_name,,,
salometh,D,descriptive_name,,,
SalT,D,descriptive_name,,,
salt tolerance 1,D,descriptive_name,,,
salt-induced genes,D,descriptive_name,,,
salt-inducible genes,D,descriptive_name,,,
salt-responsive elements,D,descriptive_name,,,
salt-responsive proteins,D,descriptive_name,,,
salt-tolerance genes,D,descriptive_name,,,
salutaridine reductase protein,D,descriptive_name,,,
SAM,C,bare_gene_symbol,,,
SAM synthase,D,descriptive_name,,,
SAM synthetase,D,descriptive_name,,,
SAM synthetase 2,D,descriptive_name,,,
SAM-dependent methyltransferase,D,descriptive_name,,,
SAM-dependent methyltransferase genes,D,descriptive_name,,,
SAM-dependent methyltransferases,D,descriptive_name,,,
SAM1,C,bare_gene_symbol,,,
SAMDC,C,bare_gene_symbol,,,
SAMDC family genes,D,descriptive_name,,,
SAMDC1,C,bare_gene_symbol,,,
SAMDC1/2,D,descriptive_name,,,
SAMDC1/2/3,D,descriptive_name,,,
SAMDC2,C,bare_gene_symbol,,,
SAMDM,C,bare_gene_symbol,,,
SAMS,C,bare_gene_symbol,,,
SAMS 1,D,descriptive_name,,,
SAMS 2,D,descriptive_name,,,
SAMS 3,D,descriptive_name,,,
SAMS2,C,bare_gene_symbol,,,
SAMS3,C,bare_gene_symbol,,,
SAMT,C,bare_gene_symbol,,,
SaMT2,B,species_prefix_Sa,Sa,MT2,
SAMTOR,C,bare_gene_symbol,,,
SAMTs,D,descriptive_name,,,
SAND,C,bare_gene_symbol,,,
SaOMT1,B,species_prefix_Sa,Sa,OMT1,
SAP,C,bare_gene_symbol,,,
SAP family,D,descriptive_name,,,
SAP gene,D,descriptive_name,,,
SAP genes,D,descriptive_name,,,
SAP12,C,bare_gene_symbol,,,
SAPK,C,bare_gene_symbol,,,
SAPK10,C,bare_gene_symbol,,,
SAPK2,C,bare_gene_symbol,,,
SAPK3 kinases,D,descriptive_name,,,
SAPK9,C,bare_gene_symbol,,,
saponin synthase genes,D,descriptive_name,,,
SAPs,D,descriptive_name,,,
sAPX,D,descriptive_name,,,
SAR1-GTPase,D,descriptive_name,,,
SAR1A,C,bare_gene_symbol,,,
sarcosine oxidase/L-pipecolate oxidase,D,descriptive_name,,,
SARD1,C,bare_gene_symbol,,,
SARD4,C,bare_gene_symbol,,,
SARE,C,bare_gene_symbol,,,
SaREF,B,species_prefix_Sa,Sa,REF,
SAS1,C,bare_gene_symbol,,,
SAT,C,bare_gene_symbol,,,
SAT1,C,bare_gene_symbol,,,
SAT2,C,bare_gene_symbol,,,
SAUR,C,bare_gene_symbol,,,
SAUR 15-like,D,descriptive_name,,,
SAUR 71,D,descriptive_name,,,
SAUR family,D,descriptive_name,,,
SAUR genes,D,descriptive_name,,,
SAUR proteins,D,descriptive_name,,,
SAUR-like,D,descriptive_name,,,
SAUR-LIKE AUXIN-RESPONSIVE PROTEIN,D,descriptive_name,,,
SAUR-like auxin-responsive protein family,D,descriptive_name,,,
SAUR-like auxin-responsive proteins,D,descriptive_name,,,
SAUR-like genes,D,descriptive_name,,,
SAUR-like proteins,D,descriptive_name,,,
SAUR-like transcripts,D,descriptive_name,,,
SAUR-related gene,D,descriptive_name,,,
SAUR19,C,bare_gene_symbol,,,
SAUR20,C,bare_gene_symbol,,,
SAUR22,C,bare_gene_symbol,,,
SAUR23,C,bare_gene_symbol,,,
SAUR24,C,bare_gene_symbol,,,
SAUR32,C,bare_gene_symbol,,,
SAUR36-like,D,descriptive_name,,,
SAUR39,C,bare_gene_symbol,,,
SAUR40,C,bare_gene_symbol,,,
SAUR50,C,bare_gene_symbol,,,
SAUR51,C,bare_gene_symbol,,,
SAUR55,C,bare_gene_symbol,,,
SAUR68,C,bare_gene_symbol,,,
SAUR71,C,bare_gene_symbol,,,
SAUR77,C,bare_gene_symbol,,,
SAUR8,C,bare_gene_symbol,,,
SAUR9,C,bare_gene_symbol,,,
SAUR_AC1,D,descriptive_name,,,
SAURs,D,descriptive_name,,,
Sb04G009280,C,bare_gene_symbol,,,
Sb04g020520,C,bare_gene_symbol,,,
Sb06g024820,C,bare_gene_symbol,,,
Sb06g024960,C,bare_gene_symbol,,,
Sb06g025040,C,bare_gene_symbol,,,
Sb06g025060,C,bare_gene_symbol,,,
Sb06g029550,C,bare_gene_symbol,,,
Sb09G029610,C,bare_gene_symbol,,,
SbCNGC,B,species_prefix_Sb,Sb,CNGC,
SbCNGC gene family,D,descriptive_name,,,
SbCNGC genes,D,descriptive_name,,,
SbCNGC1,B,species_prefix_Sb,Sb,CNGC1,
SbDhn1,B,species_prefix_Sb,Sb,Dhn1,
SBE,C,bare_gene_symbol,,,
SBE1,C,bare_gene_symbol,,,
SBE2.1,C,bare_gene_symbol,,,
SBE2.2,C,bare_gene_symbol,,,
SBE3,C,bare_gene_symbol,,,
SBEI,C,bare_gene_symbol,,,
SBEIIa,D,descriptive_name,,,
SBEIIb,D,descriptive_name,,,
SbERD4,B,species_prefix_Sb,Sb,ERD4,
SBEs,D,descriptive_name,,,
SBH2,C,bare_gene_symbol,,,
SbHsf genes,D,descriptive_name,,,
SbHsf promoters,D,descriptive_name,,,
SbHsf23,B,species_prefix_Sb,Sb,Hsf23,
SbHsfA2,B,species_prefix_Sb,Sb,HsfA2,
SbHsfs 13,D,descriptive_name,,,
SbHsfs 16,D,descriptive_name,,,
SbHsfs 2,D,descriptive_name,,,
SbHsfs 21,D,descriptive_name,,,
SbHsfs 23,D,descriptive_name,,,
SbHsfs 4,D,descriptive_name,,,
SbHsfs 6,D,descriptive_name,,,
SbHsfs 9,D,descriptive_name,,,
sbi-miR5381,D,descriptive_name,,,
SbMT-2,B,species_prefix_Sb,Sb,MT-2,
SbMT2,B,species_prefix_Sb,Sb,MT2,
SbMYB44,B,species_prefix_Sb,Sb,MYB44,
SbMYB44 transcripts,D,descriptive_name,,,
sbnA,D,descriptive_name,,,
SbNF-Y family genes,D,descriptive_name,,,
SbNF-YA1,B,species_prefix_Sb,Sb,NF-YA1,
SbNF-YA6,B,species_prefix_Sb,Sb,NF-YA6,
SbNF-YB7,B,species_prefix_Sb,Sb,NF-YB7,
SbNF-YC 6,D,descriptive_name,,,
SbNF-YC6,B,species_prefix_Sb,Sb,NF-YC6,
SbNPC1,B,species_prefix_Sb,Sb,NPC1,
SbNPC3,B,species_prefix_Sb,Sb,NPC3,
SbNPC4,B,species_prefix_Sb,Sb,NPC4,
SbNPC5,B,species_prefix_Sb,Sb,NPC5,
SBP,C,bare_gene_symbol,,,
SBP family,D,descriptive_name,,,
SBP gene family,D,descriptive_name,,,
SBP genes,D,descriptive_name,,,
SBP proteins,D,descriptive_name,,,
SBP transcription factors,D,descriptive_name,,,
SbpAPX,B,species_prefix_Sbp,Sbp,APX,
SBPase,D,descriptive_name,,,
SbPI-PLC1,B,species_prefix_Sb,Sb,PI-PLC1,
SbPI-PLC2,B,species_prefix_Sb,Sb,PI-PLC2,
SbPI-PLC4,B,species_prefix_Sb,Sb,PI-PLC4,
SbPLC,B,species_prefix_Sb,Sb,PLC,
SbPLC2,B,species_prefix_Sb,Sb,PLC2,
SbPLC3a,B,species_prefix_Sb,Sb,PLC3a,
SbPLC3b,B,species_prefix_Sb,Sb,PLC3b,
SbPLC4,B,species_prefix_Sb,Sb,PLC4,
SbrbcL1,C,bare_gene_symbol,,,
SbrbcL8,C,bare_gene_symbol,,,
SBT2.2 protease,D,descriptive_name,,,
SC-uORF,D,descriptive_name,,,
SCaM-4,D,descriptive_name,,,
SCAR,C,bare_gene_symbol,,,
scar1234,D,descriptive_name,,,
SCARECROW,C,bare_gene_symbol,,,
Scarecrow-like protein 3,D,descriptive_name,,,
ScASK1,B,species_prefix_Sc,Sc,ASK1,
ScASN1,B,species_prefix_Sc,Sc,ASN1,
scavenger,D,descriptive_name,,,
scavenger enzyme,D,descriptive_name,,,
scavenger enzymes,D,descriptive_name,,,
scavenger genes,D,descriptive_name,,,
scavengers,D,descriptive_name,,,
scavenging,D,descriptive_name,,,
scavenging enzyme,D,descriptive_name,,,
scavenging enzymes,D,descriptive_name,,,
scavenging genes,D,descriptive_name,,,
scavenging systems,D,descriptive_name,,,
ScCOQ8,B,species_prefix_Sc,Sc,COQ8,
SCD,C,bare_gene_symbol,,,
SCE1,C,bare_gene_symbol,,,
SCE1a,D,descriptive_name,,,
SCF complex,D,descriptive_name,,,
SCF complex proteins,D,descriptive_name,,,
SCF complexes,D,descriptive_name,,,
SCF components,D,descriptive_name,,,
SCF E3 ligase,D,descriptive_name,,,
SCF-PAL complex,D,descriptive_name,,,
SCFCOI1,C,bare_gene_symbol,,,
SCFCOI1 complex,D,descriptive_name,,,
SCFFBS1 complex,D,descriptive_name,,,
SCFSLY/GID2 complex,D,descriptive_name,,,
SCFTIR1,C,bare_gene_symbol,,,
SCFTIR1 ubiquitin ligase complex,D,descriptive_name,,,
SCFTIR1/AFB,D,descriptive_name,,,
ScGluA1,B,species_prefix_Sc,Sc,GluA1,
ScGS1,B,species_prefix_Sc,Sc,GS1,
SCGT,C,bare_gene_symbol,,,
ScHMG2P,B,species_prefix_Sc,Sc,HMG2P,
ScHSF gene family,D,descriptive_name,,,
ScHSF genes,D,descriptive_name,,,
ScHSF promoters,D,descriptive_name,,,
ScHSF transcription factors,D,descriptive_name,,,
ScHSF1,B,species_prefix_Sc,Sc,HSF1,
ScHSF15,B,species_prefix_Sc,Sc,HSF15,
ScHSF22,B,species_prefix_Sc,Sc,HSF22,
ScHSF24,B,species_prefix_Sc,Sc,HSF24,
ScHSF26,B,species_prefix_Sc,Sc,HSF26,
ScHSF28,B,species_prefix_Sc,Sc,HSF28,
ScHSF31,B,species_prefix_Sc,Sc,HSF31,
ScHSF5,B,species_prefix_Sc,Sc,HSF5,
ScHSF8,B,species_prefix_Sc,Sc,HSF8,
ScHSF9,B,species_prefix_Sc,Sc,HSF9,
ScHsp82p,B,species_prefix_Sc,Sc,Hsp82p,
SCL subfamily,D,descriptive_name,,,
SCL3,C,bare_gene_symbol,,,
SCL3 subfamily,D,descriptive_name,,,
SCL3-like genes,D,descriptive_name,,,
ScMYB59,B,species_prefix_Sc,Sc,MYB59,
SCO1,C,bare_gene_symbol,,,
SCO1-GFP,D,descriptive_name,,,
scopoletin glucosyltransferase,D,descriptive_name,,,
SCoT markers,D,descriptive_name,,,
SCR,C,bare_gene_symbol,,,
SCRM,C,bare_gene_symbol,,,
SCT,C,bare_gene_symbol,,,
SDBE,C,bare_gene_symbol,,,
SDD1,C,bare_gene_symbol,,,
SDE,C,bare_gene_symbol,,,
SDEPs,D,descriptive_name,,,
SDF2,C,bare_gene_symbol,,,
SDH,C,bare_gene_symbol,,,
SDH1,C,bare_gene_symbol,,,
SDH1-1,D,descriptive_name,,,
SDHA,C,bare_gene_symbol,,,
SDP1,C,bare_gene_symbol,,,
SDP1 lipase,D,descriptive_name,,,
SDP1L,C,bare_gene_symbol,,,
SDR,C,bare_gene_symbol,,,
SDR family,D,descriptive_name,,,
SDR1,C,bare_gene_symbol,,,
SDR4,C,bare_gene_symbol,,,
SDRA,C,bare_gene_symbol,,,
SDS,C,bare_gene_symbol,,,
sdw1,D,descriptive_name,,,
sdw1 gene,D,descriptive_name,,,
sdw1 locus,D,descriptive_name,,,
sdw1.a,D,descriptive_name,,,
sdw1.d,D,descriptive_name,,,
se1,D,descriptive_name,,,
secoisolariciresinol dehydrogenase,D,descriptive_name,,,
secologanin synthase,D,descriptive_name,,,
secondary antibody,D,descriptive_name,,,
secondary CesAs,D,descriptive_name,,,
secondary metabolite gene clusters,D,descriptive_name,,,
secondary metabolite synthesis gene clusters,D,descriptive_name,,,
secondary metabolite-related protein clusters,D,descriptive_name,,,
secondary transporters,D,descriptive_name,,,
secretory acid phosphatase,D,descriptive_name,,,
secretory acid phosphatases,D,descriptive_name,,,
secretory proteins,D,descriptive_name,,,
secretory purple acid phosphatase,D,descriptive_name,,,
SeCys lyase,D,descriptive_name,,,
"sedoheptulose-1,7-biphosphatase",D,descriptive_name,,,
"Sedoheptulose-1,7-bisphosphatase",D,descriptive_name,,,
sedoheptulose-bisphosphatase,D,descriptive_name,,,
"Sedum heptulose-1,7-bisphosphatase",D,descriptive_name,,,
seed allergy protein RA5,D,descriptive_name,,,
seed allergy proteins,D,descriptive_name,,,
seed imbibition protein,D,descriptive_name,,,
Seed protein,D,descriptive_name,,,
seed proteins,D,descriptive_name,,,
seed storage protein fraction,D,descriptive_name,,,
seed storage protein-encoding genes,D,descriptive_name,,,
seed storage proteins,D,descriptive_name,,,
Seed-storage protein,D,descriptive_name,,,
seed-storage proteins,D,descriptive_name,,,
SEEDSP,C,bare_gene_symbol,,,
selenium-responsive proteins,D,descriptive_name,,,
selenocysteine methyltransferase,D,descriptive_name,,,
selenoenzymes,D,descriptive_name,,,
selenoproteins,D,descriptive_name,,,
semi-dwarf alleles,D,descriptive_name,,,
SEN1,C,bare_gene_symbol,,,
SEN4,C,bare_gene_symbol,,,
senescence-associated gene,D,descriptive_name,,,
senescence-associated genes,D,descriptive_name,,,
senescence-associated protein 13,D,descriptive_name,,,
senescence-associated proteins,D,descriptive_name,,,
senescence-inducible chloroplast stay-green,D,descriptive_name,,,
senescence-related gene1,D,descriptive_name,,,
senescence-specific cysteine protease,D,descriptive_name,,,
SENSITIVE TO FREEZING 2,D,descriptive_name,,,
sensor molecule,D,descriptive_name,,,
sensor proteins,D,descriptive_name,,,
sensor relays,D,descriptive_name,,,
sensors,D,descriptive_name,,,
SEP,C,bare_gene_symbol,,,
SEP3,C,bare_gene_symbol,,,
sequences for pyrroloquinoline quinone biosynthesis,D,descriptive_name,,,
Ser/Thr kinases,D,descriptive_name,,,
Ser143A,D,descriptive_name,,,
SERAT,C,bare_gene_symbol,,,
SERAT genes,D,descriptive_name,,,
SERAT2.1,C,bare_gene_symbol,,,
SERAT2;1,D,descriptive_name,,,
SERAT3.2,C,bare_gene_symbol,,,
SERATs,D,descriptive_name,,,
serine acetyl transferase,D,descriptive_name,,,
serine acetyltransferase,D,descriptive_name,,,
serine acetyltransferase 1,D,descriptive_name,,,
serine acetyltransferase 2,D,descriptive_name,,,
serine acetyltransferase gene family,D,descriptive_name,,,
Serine acetyltransferases,D,descriptive_name,,,
Serine acetyltreansferase,D,descriptive_name,,,
serine carboxypeptidase,D,descriptive_name,,,
Serine carboxypeptidase-like 51,D,descriptive_name,,,
Serine hydroxymethyltransferase,D,descriptive_name,,,
serine hydroxymethyltransferase 1,D,descriptive_name,,,
serine hydroxymethyltransferase 5,D,descriptive_name,,,
serine protease inhibitor gene,D,descriptive_name,,,
serine protease inhibitors,D,descriptive_name,,,
serine-palmitoyl transferase,D,descriptive_name,,,
serine-related proteins,D,descriptive_name,,,
serine-threonine protein kinases,D,descriptive_name,,,
Serine-type carboxypeptidase,D,descriptive_name,,,
Serine-type carboxypeptidases,D,descriptive_name,,,
serine/glyoxylate aminotransferase,D,descriptive_name,,,
serine/threonine dehydratase,D,descriptive_name,,,
Serine/Threonine kinase domain,D,descriptive_name,,,
serine/threonine-protein kinase,D,descriptive_name,,,
serine/threonine-protein kinase EDR1,D,descriptive_name,,,
serine/threonine-protein kinase SRK2A,D,descriptive_name,,,
serine/threonine-protein kinase SRK2E,D,descriptive_name,,,
serine/threonine-protein kinase TOR,D,descriptive_name,,,
serine/threonine-protein kinases,D,descriptive_name,,,
serine:glyoxylate aminotransferase,D,descriptive_name,,,
SERK1,C,bare_gene_symbol,,,
SERKs,D,descriptive_name,,,
serotonin N-acetyltransferase,D,descriptive_name,,,
Serotonin N-acetyltransferase 1,D,descriptive_name,,,
Serpins,D,descriptive_name,,,
seryl-tRNA synthetase,D,descriptive_name,,,
sesquiterpene synthase,D,descriptive_name,,,
sesquiterpene synthase 1,D,descriptive_name,,,
sesquiterpene synthase genes,D,descriptive_name,,,
sesquiterpene synthases,D,descriptive_name,,,
SesquiTPS1,C,bare_gene_symbol,,,
SesquiTPS2,C,bare_gene_symbol,,,
seven genes,D,descriptive_name,,,
sex genes,D,descriptive_name,,,
sex-determining genes,D,descriptive_name,,,
SEX1,C,bare_gene_symbol,,,
SEX1 gene,D,descriptive_name,,,
SEX4,C,bare_gene_symbol,,,
SF3b factor,D,descriptive_name,,,
SF3B1,C,bare_gene_symbol,,,
sfGFP,D,descriptive_name,,,
SFR2,C,bare_gene_symbol,,,
SGAT,C,bare_gene_symbol,,,
sGFP,D,descriptive_name,,,
SGJ3,C,bare_gene_symbol,,,
SgLEA,B,species_prefix_Sg,Sg,LEA,
SgLOX,B,species_prefix_Sg,Sg,LOX,
SgPAL,B,species_prefix_Sg,Sg,PAL,
SgPOD,B,species_prefix_Sg,Sg,POD,
SgPR1,B,species_prefix_Sg,Sg,PR1,
SGR,C,bare_gene_symbol,,,
SGR1,C,bare_gene_symbol,,,
SGR1/2,D,descriptive_name,,,
SGR2,C,bare_gene_symbol,,,
SGRL,C,bare_gene_symbol,,,
SGRL gene,D,descriptive_name,,,
SGRs,D,descriptive_name,,,
SGT,C,bare_gene_symbol,,,
SGT1,C,bare_gene_symbol,,,
SGT1b,D,descriptive_name,,,
SGT1b protein,D,descriptive_name,,,
SGT1b-HSP70-HSP90 chaperone complex,D,descriptive_name,,,
SGT1b-HSP70-HSP90 chaperone system,D,descriptive_name,,,
SGT2,C,bare_gene_symbol,,,
SGTs,D,descriptive_name,,,
SH,E,noise_too_short,,,
sh2,D,descriptive_name,,,
sha-miR319d,D,descriptive_name,,,
shaker-type potassium channel,D,descriptive_name,,,
ShARPC3,B,species_prefix_Sh,Sh,ARPC3,
shble gene,D,descriptive_name,,,
shc,D,descriptive_name,,,
SHI/STY,D,descriptive_name,,,
shi4,D,descriptive_name,,,
shikimate dehydrogenase,D,descriptive_name,,,
Shikimate hydroxycinnamoyl transferase,D,descriptive_name,,,
shikimate kinase,D,descriptive_name,,,
shikimate kinase genes,D,descriptive_name,,,
Shikimate kinase-like protein,D,descriptive_name,,,
shikimate kinases,D,descriptive_name,,,
Shikimate O-hydroxycinnamoyl transferase,D,descriptive_name,,,
shikimate O-hydroxycinnamoyltransferase,D,descriptive_name,,,
SHM,C,bare_gene_symbol,,,
SHMT,C,bare_gene_symbol,,,
SHMT 5,D,descriptive_name,,,
SHMT gene family,D,descriptive_name,,,
SHMT gene family members,D,descriptive_name,,,
SHMT genes,D,descriptive_name,,,
SHMT members,D,descriptive_name,,,
SHMT1,C,bare_gene_symbol,,,
shmt1-1,D,descriptive_name,,,
shmt1–1,D,descriptive_name,,,
SHMTs,D,descriptive_name,,,
shn,D,descriptive_name,,,
shoot and root proteins,D,descriptive_name,,,
short auxin-up RNA,D,descriptive_name,,,
short-chain alcohol dehydrogenase,D,descriptive_name,,,
short-chain dehydrogenase genes,D,descriptive_name,,,
short-chain dehydrogenase reductase,D,descriptive_name,,,
SHORT-CHAIN DEHYDROGENASE/REDUCTASE A,D,descriptive_name,,,
SHR,C,bare_gene_symbol,,,
SHR genes,D,descriptive_name,,,
shrunken2,D,descriptive_name,,,
sHSP,D,descriptive_name,,,
sHSP chaperones,D,descriptive_name,,,
sHSP genes,D,descriptive_name,,,
sHSP-CI,D,descriptive_name,,,
sHsp17.6,D,descriptive_name,,,
sHSP17.8,D,descriptive_name,,,
sHSP18,D,descriptive_name,,,
sHSP20,D,descriptive_name,,,
sHsp21,D,descriptive_name,,,
sHSP22,D,descriptive_name,,,
sHsp22.7,D,descriptive_name,,,
sHSP23.5,D,descriptive_name,,,
sHSP24.5 CI,D,descriptive_name,,,
sHSPs,D,descriptive_name,,,
sHSPs-CHL,D,descriptive_name,,,
sHSPs-MIT,D,descriptive_name,,,
SHT,C,bare_gene_symbol,,,
SHT enzymes,D,descriptive_name,,,
SHT homologs,D,descriptive_name,,,
SHT proteins,D,descriptive_name,,,
SHT-related genes,D,descriptive_name,,,
SHTs,D,descriptive_name,,,
Shy1,C,bare_gene_symbol,,,
Shy1 salicylate hydroxylase,D,descriptive_name,,,
SHY2,C,bare_gene_symbol,,,
shy2-2,D,descriptive_name,,,
SI-D27,D,descriptive_name,,,
SI-MAXI,D,descriptive_name,,,
SID2,C,bare_gene_symbol,,,
SID2-1,D,descriptive_name,,,
siderophore-interacting protein,D,descriptive_name,,,
siderophore-receptors,D,descriptive_name,,,
siderophores,D,descriptive_name,,,
SiER family,D,descriptive_name,,,
SiER gene family,D,descriptive_name,,,
SiER genes,D,descriptive_name,,,
SiER promoters,D,descriptive_name,,,
SiER1,B,species_prefix_Si,Si,ER1,
SiER1_X4,D,descriptive_name,,,
SiER4,B,species_prefix_Si,Si,ER4,
SiER4_X1,D,descriptive_name,,,
SiERL4,B,species_prefix_Si,Si,ERL4,
SIG6,C,bare_gene_symbol,,,
sigma factor binding proteins,D,descriptive_name,,,
signal peptide,D,descriptive_name,,,
signal peptides,D,descriptive_name,,,
signal transduction genes,D,descriptive_name,,,
signal transduction receptor PYL,D,descriptive_name,,,
signaling components,D,descriptive_name,,,
signaling gene,D,descriptive_name,,,
signaling genes,D,descriptive_name,,,
signaling hormone,D,descriptive_name,,,
signaling kinases,D,descriptive_name,,,
signaling molecules,D,descriptive_name,,,
signaling peptides,D,descriptive_name,,,
signaling protein,D,descriptive_name,,,
signaling proteins,D,descriptive_name,,,
signaling receptors,D,descriptive_name,,,
signaling regulators,D,descriptive_name,,,
signaling-associated genes,D,descriptive_name,,,
signaling-associated regulatory components,D,descriptive_name,,,
Significant differentially expressed proteins,D,descriptive_name,,,
SIGRX1,C,bare_gene_symbol,,,
SIHSP17.7,C,bare_gene_symbol,,,
silicon transporter genes,D,descriptive_name,,,
silicon transporters,D,descriptive_name,,,
SIMKK,C,bare_gene_symbol,,,
SIN_1004367,D,descriptive_name,,,
SIN_1007469,D,descriptive_name,,,
SIN_1011804,D,descriptive_name,,,
SIN_1013006,D,descriptive_name,,,
SIN_1015944,D,descriptive_name,,,
SIN_1016595,D,descriptive_name,,,
SIN_1023281,D,descriptive_name,,,
SIN_1023484,D,descriptive_name,,,
SIN_1023896,D,descriptive_name,,,
Sinapyl Alcohol Dehydrogenase,D,descriptive_name,,,
single-CU,D,descriptive_name,,,
sinigrinase,D,descriptive_name,,,
SIP1,C,bare_gene_symbol,,,
SIP2,C,bare_gene_symbol,,,
SIP4,C,bare_gene_symbol,,,
SiR,D,descriptive_name,,,
sir1,D,descriptive_name,,,
sir3-1,D,descriptive_name,,,
SIRD,C,bare_gene_symbol,,,
siRNAs,D,descriptive_name,,,
Sirtuin NAD-dependent deacetylases,D,descriptive_name,,,
SISOD,C,bare_gene_symbol,,,
SiSUT1,B,species_prefix_Si,Si,SUT1,
SiSUT5a,B,species_prefix_Si,Si,SUT5a,
SiSWEET13a,B,species_prefix_Si,Si,SWEET13a,
site-2-proteases,D,descriptive_name,,,
SIZ1,C,bare_gene_symbol,,,
siz1-2,D,descriptive_name,,,
SjAAO3,B,species_prefix_Sj,Sj,AAO3,
SjAPX,B,species_prefix_Sj,Sj,APX,
SjGSH,B,species_prefix_Sj,Sj,GSH,
SjGST,B,species_prefix_Sj,Sj,GST,
SjGST genes,D,descriptive_name,,,
SjGST20,B,species_prefix_Sj,Sj,GST20,
SjGST22,B,species_prefix_Sj,Sj,GST22,
SjGST4,B,species_prefix_Sj,Sj,GST4,
SjGSTs,B,species_prefix_Sj,Sj,GSTs,
SjMDA,B,species_prefix_Sj,Sj,MDA,
SjNCED,B,species_prefix_Sj,Sj,NCED,
SjPOD,B,species_prefix_Sj,Sj,POD,
SjSOD (Cu),D,descriptive_name,,,
SjSOD (Fe),D,descriptive_name,,,
SK,E,noise_too_short,,,
SK1,C,bare_gene_symbol,,,
SK2,C,bare_gene_symbol,,,
SK3,C,bare_gene_symbol,,,
ski interacting protein,D,descriptive_name,,,
SKIP,C,bare_gene_symbol,,,
SKL2,C,bare_gene_symbol,,,
skn7Δ,D,descriptive_name,,,
SKOR,C,bare_gene_symbol,,,
skp1,D,descriptive_name,,,
skp1 gene,D,descriptive_name,,,
SKP1-like proteins,D,descriptive_name,,,
Sl-IAA27,D,descriptive_name,,,
sl2,D,descriptive_name,,,
Sl4CL,D,descriptive_name,,,
SlA6B,B,species_prefix_Sl,Sl,A6B,
SLAC/SLAH anion channels,D,descriptive_name,,,
SLAC1,C,bare_gene_symbol,,,
SLAC1 anion channel,D,descriptive_name,,,
SLAC1 channels,D,descriptive_name,,,
SlAcd15.7-CI,D,descriptive_name,,,
SlAcd17.9-CIII,D,descriptive_name,,,
SlAcd23.1-CIX,D,descriptive_name,,,
SlAcd27.2-CVIII,D,descriptive_name,,,
SlAcd58.0-NaLi,D,descriptive_name,,,
SlACO1,B,species_prefix_Sl,Sl,ACO1,
SlACO2,B,species_prefix_Sl,Sl,ACO2,
SlACO4,B,species_prefix_Sl,Sl,ACO4,
SlACS2,B,species_prefix_Sl,Sl,ACS2,
SlACS4,B,species_prefix_Sl,Sl,ACS4,
SlADC,B,species_prefix_Sl,Sl,ADC,
SLAH1,C,bare_gene_symbol,,,
SLAH3,C,bare_gene_symbol,,,
SlANT,B,species_prefix_Sl,Sl,ANT,
SlAOX1a,B,species_prefix_Sl,Sl,AOX1a,
SlAPX,B,species_prefix_Sl,Sl,APX,
SlAPX1,B,species_prefix_Sl,Sl,APX1,
SlAPX2,B,species_prefix_Sl,Sl,APX2,
SlAPX3,B,species_prefix_Sl,Sl,APX3,
SlAPX4-like,B,species_prefix_Sl,Sl,APX4-like,
SlAPX6-like,B,species_prefix_Sl,Sl,APX6-like,
SlAREB,B,species_prefix_Sl,Sl,AREB,
SlAREB1,B,species_prefix_Sl,Sl,AREB1,
SlARF2a,B,species_prefix_Sl,Sl,ARF2a,
SlARG1,B,species_prefix_Sl,Sl,ARG1,
SlARG2,B,species_prefix_Sl,Sl,ARG2,
SlASFT,B,species_prefix_Sl,Sl,ASFT,
SlATG5,B,species_prefix_Sl,Sl,ATG5,
SlATG8f,B,species_prefix_Sl,Sl,ATG8f,
SlATG8f gene,D,descriptive_name,,,
SlBAG,B,species_prefix_Sl,Sl,BAG,
SlBAG members,D,descriptive_name,,,
SlBAG1,B,species_prefix_Sl,Sl,BAG1,
SlBAG10,B,species_prefix_Sl,Sl,BAG10,
SlBAG2,B,species_prefix_Sl,Sl,BAG2,
SlBAG3a,B,species_prefix_Sl,Sl,BAG3a,
SlBAG3c,B,species_prefix_Sl,Sl,BAG3c,
SlBAG4,B,species_prefix_Sl,Sl,BAG4,
SlBAG4a,B,species_prefix_Sl,Sl,BAG4a,
SlBAG4b,B,species_prefix_Sl,Sl,BAG4b,
SlBAG5,B,species_prefix_Sl,Sl,BAG5,
SlBAG5b,B,species_prefix_Sl,Sl,BAG5b,
SlBAG6,B,species_prefix_Sl,Sl,BAG6,
SlBAG7,B,species_prefix_Sl,Sl,BAG7,
SlBAG8,B,species_prefix_Sl,Sl,BAG8,
SlBAG9,B,species_prefix_Sl,Sl,BAG9,
SlBAG9 gene,D,descriptive_name,,,
SlBBX20,B,species_prefix_Sl,Sl,BBX20,
SlBBX31,B,species_prefix_Sl,Sl,BBX31,
SlBRI1,B,species_prefix_Sl,Sl,BRI1,
SlBRI1 receptor,D,descriptive_name,,,
SlbZIP1,B,species_prefix_Slb,Slb,ZIP1,
SlBZR1,B,species_prefix_Sl,Sl,BZR1,
SlBZR1-260,B,species_prefix_Sl,Sl,BZR1-260,
SlBZR1-5990,B,species_prefix_Sl,Sl,BZR1-5990,
SLC2,C,bare_gene_symbol,,,
SLC3A2,C,bare_gene_symbol,,,
SLC4A4,C,bare_gene_symbol,,,
SlC4H,B,species_prefix_Sl,Sl,C4H,
SLC7A11,C,bare_gene_symbol,,,
SlCAD,B,species_prefix_Sl,Sl,CAD,
SlcAPX,B,species_prefix_Slc,Slc,APX,
SlCAT,B,species_prefix_Sl,Sl,CAT,
SlCAT1,B,species_prefix_Sl,Sl,CAT1,
SlCAT2,B,species_prefix_Sl,Sl,CAT2,
SlCAT3,B,species_prefix_Sl,Sl,CAT3,
SlCCoAOMT,B,species_prefix_Sl,Sl,CCoAOMT,
SlCCR,B,species_prefix_Sl,Sl,CCR,
SlCCX1-like,B,species_prefix_Sl,Sl,CCX1-like,
SlCKX3,B,species_prefix_Sl,Sl,CKX3,
SlCLH1,B,species_prefix_Sl,Sl,CLH1,
SlCLH2,B,species_prefix_Sl,Sl,CLH2,
SlCML39,B,species_prefix_Sl,Sl,CML39,
SlCML39 promoter,D,descriptive_name,,,
SlCML39 transcripts,D,descriptive_name,,,
SlCOI1,B,species_prefix_Sl,Sl,COI1,
SlCOMT,B,species_prefix_Sl,Sl,COMT,
SlCOMT1,B,species_prefix_Sl,Sl,COMT1,
SlCPD,B,species_prefix_Sl,Sl,CPD,
SlCPD gene,D,descriptive_name,,,
SlCPS,B,species_prefix_Sl,Sl,CPS,
SlCRCa,B,species_prefix_Sl,Sl,CRCa,
SlCu/Zn-SOD,D,descriptive_name,,,
SlCu/ZnSOD,D,descriptive_name,,,
SlCuAO,B,species_prefix_Sl,Sl,CuAO,
SlCYP,B,species_prefix_Sl,Sl,CYP,
SLD,C,bare_gene_symbol,,,
SLD subfamily,D,descriptive_name,,,
SLD2,C,bare_gene_symbol,,,
SlDCL2,B,species_prefix_Sl,Sl,DCL2,
SlDELLA,B,species_prefix_Sl,Sl,DELLA,
SlDFR,B,species_prefix_Sl,Sl,DFR,
SlDHAR,B,species_prefix_Sl,Sl,DHAR,
SlDnaJ20,B,species_prefix_Sl,Sl,DnaJ20,
SlDnaJ20 protein,D,descriptive_name,,,
SlDREB1,B,species_prefix_Sl,Sl,DREB1,
SlDREB3,B,species_prefix_Sl,Sl,DREB3,
SlDREBA4,B,species_prefix_Sl,Sl,DREBA4,
SLDs,D,descriptive_name,,,
SlDWF4,B,species_prefix_Sl,Sl,DWF4,
SlDWF7,B,species_prefix_Sl,Sl,DWF7,
SlELF3,B,species_prefix_Sl,Sl,ELF3,
SlERF2,B,species_prefix_Sl,Sl,ERF2,
SlERF5,B,species_prefix_Sl,Sl,ERF5,
Sletr1-1,D,descriptive_name,,,
SlEXP2,B,species_prefix_Sl,Sl,EXP2,
SlF3'5'H,D,descriptive_name,,,
SlF3GT,B,species_prefix_Sl,Sl,F3GT,
SlF3H,B,species_prefix_Sl,Sl,F3H,
SlFe-SOD,B,species_prefix_Sl,Sl,Fe-SOD,
SlFeSOD,B,species_prefix_Sl,Sl,FeSOD,
SlFLS,B,species_prefix_Sl,Sl,FLS,
SlFWL genes,D,descriptive_name,,,
SlFWL10,B,species_prefix_Sl,Sl,FWL10,
SlFWL17,B,species_prefix_Sl,Sl,FWL17,
SlFWL5,B,species_prefix_Sl,Sl,FWL5,
SlFZY1,B,species_prefix_Sl,Sl,FZY1,
SlFZY3,B,species_prefix_Sl,Sl,FZY3,
SLG1,C,bare_gene_symbol,,,
SlGA20ox,B,species_prefix_Sl,Sl,GA20ox,
SlGA20ox1,B,species_prefix_Sl,Sl,GA20ox1,
SlGA20ox3,B,species_prefix_Sl,Sl,GA20ox3,
SlGA20ox4,B,species_prefix_Sl,Sl,GA20ox4,
SlGA2ox,B,species_prefix_Sl,Sl,GA2ox,
SlGA2ox1,B,species_prefix_Sl,Sl,GA2ox1,
SlGA2ox2,B,species_prefix_Sl,Sl,GA2ox2,
SlGA3ox,B,species_prefix_Sl,Sl,GA3ox,
SlGA3ox1,B,species_prefix_Sl,Sl,GA3ox1,
SlGAD1,B,species_prefix_Sl,Sl,GAD1,
SlGAD2,B,species_prefix_Sl,Sl,GAD2,
SlGAI2,B,species_prefix_Sl,Sl,GAI2,
SlGAI3,B,species_prefix_Sl,Sl,GAI3,
SlGAPC,B,species_prefix_Sl,Sl,GAPC,
SlGID1,B,species_prefix_Sl,Sl,GID1,
SlGID1ac,B,species_prefix_Sl,Sl,GID1ac,
SlGID1b-1,B,species_prefix_Sl,Sl,GID1b-1,
SlGID1b-2,B,species_prefix_Sl,Sl,GID1b-2,
SlGLPK,B,species_prefix_Sl,Sl,GLPK,
SlGME1,B,species_prefix_Sl,Sl,GME1,
SlGPAT,B,species_prefix_Sl,Sl,GPAT,
SlGPX,B,species_prefix_Sl,Sl,GPX,
SlGR,D,descriptive_name,,,
SlGR1,B,species_prefix_Sl,Sl,GR1,
SlGRAS24,B,species_prefix_Sl,Sl,GRAS24,
SlGRAS40,B,species_prefix_Sl,Sl,GRAS40,
SlGRF,B,species_prefix_Sl,Sl,GRF,
SlGRP4,B,species_prefix_Sl,Sl,GRP4,
SlGSNOR1,B,species_prefix_Sl,Sl,GSNOR1,
SlGST,B,species_prefix_Sl,Sl,GST,
SlHB8,B,species_prefix_Sl,Sl,HB8,
SlHCT,B,species_prefix_Sl,Sl,HCT,
SlHEMA1,B,species_prefix_Sl,Sl,HEMA1,
SlHK2,B,species_prefix_Sl,Sl,HK2,
SlHKT1,B,species_prefix_Sl,Sl,HKT1,
SlHMGB,B,species_prefix_Sl,Sl,HMGB,
SlHMGB gene family,D,descriptive_name,,,
SlHMGB gene promoters,D,descriptive_name,,,
SlHMGB genes,D,descriptive_name,,,
SlHMGB members,D,descriptive_name,,,
SlHsfA1a,B,species_prefix_Sl,Sl,HsfA1a,
SlHsfA1a-b,B,species_prefix_Sl,Sl,HsfA1a-b,
SlHSFA2,B,species_prefix_Sl,Sl,HSFA2,
SlHsfA2-A3,B,species_prefix_Sl,Sl,HsfA2-A3,
SlHsfA3,B,species_prefix_Sl,Sl,HsfA3,
SlHsfA7,B,species_prefix_Sl,Sl,HsfA7,
SlHSFB2b,B,species_prefix_Sl,Sl,HSFB2b,
SlHsfC1,B,species_prefix_Sl,Sl,HsfC1,
SlHSFs,B,species_prefix_Sl,Sl,HSFs,
SlHSP101,B,species_prefix_Sl,Sl,HSP101,
SlHSP17.6,D,descriptive_name,,,
SlHsp17.6C-CI,D,descriptive_name,,,
SlHSP17.7,D,descriptive_name,,,
SlHSP17.7A,D,descriptive_name,,,
SlHSP17.7B,D,descriptive_name,,,
SlHSP20.0,D,descriptive_name,,,
SlHSP20.1,D,descriptive_name,,,
SlHsp24.5-CI,D,descriptive_name,,,
SlHsp26.5-PX,D,descriptive_name,,,
SlHSPs,B,species_prefix_Sl,Sl,HSPs,
SlIAA9,B,species_prefix_Sl,Sl,IAA9,
SlICS,B,species_prefix_Sl,Sl,ICS,
SlJA2,B,species_prefix_Sl,Sl,JA2,
SlJUB1,B,species_prefix_Sl,Sl,JUB1,
SlKAO,B,species_prefix_Sl,Sl,KAO,
SlKAO1,B,species_prefix_Sl,Sl,KAO1,
SlKAO2,B,species_prefix_Sl,Sl,KAO2,
SlKO,D,descriptive_name,,,
SlKS,D,descriptive_name,,,
Sll0474,C,bare_gene_symbol,,,
SlLAC,B,species_prefix_Sl,Sl,LAC,
SlLBD40,B,species_prefix_Sl,Sl,LBD40,
SlLoxD,B,species_prefix_Sl,Sl,LoxD,
SlLsi1,B,species_prefix_Sl,Sl,Lsi1,
SlLsi2,B,species_prefix_Sl,Sl,Lsi2,
SlLst,B,species_prefix_Sl,Sl,Lst,
SlMADS-RIN,B,species_prefix_Sl,Sl,MADS-RIN,
SlMAPK1,B,species_prefix_Sl,Sl,MAPK1,
SlMAPK2,B,species_prefix_Sl,Sl,MAPK2,
SlMAPK3,B,species_prefix_Sl,Sl,MAPK3,
SlMDH3,B,species_prefix_Sl,Sl,MDH3,
SlMn-SOD,B,species_prefix_Sl,Sl,Mn-SOD,
SlMPK3,B,species_prefix_Sl,Sl,MPK3,
SlMYB41,B,species_prefix_Sl,Sl,MYB41,
SlMYB50,B,species_prefix_Sl,Sl,MYB50,
SlMYB86,B,species_prefix_Sl,Sl,MYB86,
SlMYB92,B,species_prefix_Sl,Sl,MYB92,
SlMYC2,B,species_prefix_Sl,Sl,MYC2,
SlNCED1,B,species_prefix_Sl,Sl,NCED1,
SlNCED3,B,species_prefix_Sl,Sl,NCED3,
SlNF-YC9,B,species_prefix_Sl,Sl,NF-YC9,
SlNF-YC9 transcription factor,D,descriptive_name,,,
SlODC,B,species_prefix_Sl,Sl,ODC,
SlODC2,B,species_prefix_Sl,Sl,ODC2,
SLOW ANION CHANNEL-ASSOCIATED 1,D,descriptive_name,,,
Slp1,C,bare_gene_symbol,,,
SlP5CS,B,species_prefix_Sl,Sl,P5CS,
SlPAL,B,species_prefix_Sl,Sl,PAL,
SlPAO,B,species_prefix_Sl,Sl,PAO,
SlPAO2,B,species_prefix_Sl,Sl,PAO2,
SlPAO4-like,B,species_prefix_Sl,Sl,PAO4-like,
SlPh-GPX,B,species_prefix_Sl,Sl,Ph-GPX,
SlPhGPX,B,species_prefix_Sl,Sl,PhGPX,
SlPI-II,B,species_prefix_Sl,Sl,PI-II,
SlPIF4,B,species_prefix_Sl,Sl,PIF4,
SlPIP2.9,D,descriptive_name,,,
SlPLDδ,D,descriptive_name,,,
SlPOD,B,species_prefix_Sl,Sl,POD,
SlPORB,B,species_prefix_Sl,Sl,PORB,
SlPORC,B,species_prefix_Sl,Sl,PORC,
SlPPH,B,species_prefix_Sl,Sl,PPH,
SlPPO,B,species_prefix_Sl,Sl,PPO,
SlPR-P2,B,species_prefix_Sl,Sl,PR-P2,
SlPR1,B,species_prefix_Sl,Sl,PR1,
SlPRE2,B,species_prefix_Sl,Sl,PRE2,
SlPSY1,B,species_prefix_Sl,Sl,PSY1,
SLR,C,bare_gene_symbol,,,
SLR1,C,bare_gene_symbol,,,
SlR1b1,B,species_prefix_Sl,Sl,R1b1,
SlRAV2,B,species_prefix_Sl,Sl,RAV2,
SlRBOH1,B,species_prefix_Sl,Sl,RBOH1,
SlRCCR,B,species_prefix_Sl,Sl,RCCR,
SlRd2,B,species_prefix_Sl,Sl,Rd2,
SlREM1,B,species_prefix_Sl,Sl,REM1,
SlRR1,B,species_prefix_Sl,Sl,RR1,
SlRR3,B,species_prefix_Sl,Sl,RR3,
SlRR5,B,species_prefix_Sl,Sl,RR5,
SlRT,D,descriptive_name,,,
SlSAMDC,B,species_prefix_Sl,Sl,SAMDC,
SlSAUR47,B,species_prefix_Sl,Sl,SAUR47,
SlSHN1,B,species_prefix_Sl,Sl,SHN1,
SlSLD,B,species_prefix_Sl,Sl,SLD,
SlSnRK2,B,species_prefix_Sl,Sl,SnRK2,
SlSOD,B,species_prefix_Sl,Sl,SOD,
SlSOS2,B,species_prefix_Sl,Sl,SOS2,
SlSPDS,B,species_prefix_Sl,Sl,SPDS,
SlSPMS,B,species_prefix_Sl,Sl,SPMS,
SlSPS,B,species_prefix_Sl,Sl,SPS,
SlST2A,B,species_prefix_Sl,Sl,ST2A,
SlSTP6,B,species_prefix_Sl,Sl,STP6,
SlSWEET5a,B,species_prefix_Sl,Sl,SWEET5a,
SlT6PS,B,species_prefix_Sl,Sl,T6PS,
SlTAA1,B,species_prefix_Sl,Sl,TAA1,
SlTAPX,B,species_prefix_Sl,Sl,TAPX,
SlTAS14,B,species_prefix_Sl,Sl,TAS14,
SlTGL,B,species_prefix_Sl,Sl,TGL,
SlTGLa13,B,species_prefix_Sl,Sl,TGLa13,
SlTGLa25,B,species_prefix_Sl,Sl,TGLa25,
SlTGLa26,B,species_prefix_Sl,Sl,TGLa26,
SlTGLa6,B,species_prefix_Sl,Sl,TGLa6,
SlTGLa9,B,species_prefix_Sl,Sl,TGLa9,
SlTGLs,B,species_prefix_Sl,Sl,TGLs,
SlTPL1,B,species_prefix_Sl,Sl,TPL1,
SlTPP1,B,species_prefix_Sl,Sl,TPP1,
SlTPP2,B,species_prefix_Sl,Sl,TPP2,
SlTPP3,B,species_prefix_Sl,Sl,TPP3,
SlTPP4,B,species_prefix_Sl,Sl,TPP4,
SlTPP8,B,species_prefix_Sl,Sl,TPP8,
SlTPS2,B,species_prefix_Sl,Sl,TPS2,
SlTPS8,B,species_prefix_Sl,Sl,TPS8,
SlTRXh,B,species_prefix_Sl,Sl,TRXh,
SlTSW12,B,species_prefix_Sl,Sl,TSW12,
SlVI,D,descriptive_name,,,
SlVIF,B,species_prefix_Sl,Sl,VIF,
SlVQ7,B,species_prefix_Sl,Sl,VQ7,
SlWRKY33b,B,species_prefix_Sl,Sl,WRKY33b,
SlWRKY37,B,species_prefix_Sl,Sl,WRKY37,
SlWRKY8,B,species_prefix_Sl,Sl,WRKY8,
SlWRKY80,B,species_prefix_Sl,Sl,WRKY80,
SlWRKY81,B,species_prefix_Sl,Sl,WRKY81,
SlWUS,B,species_prefix_Sl,Sl,WUS,
SlXTH2,B,species_prefix_Sl,Sl,XTH2,
SLY1,C,bare_gene_symbol,,,
SlymiR482e-3p,D,descriptive_name,,,
SlYUC,B,species_prefix_Sl,Sl,YUC,
SlZF3,B,species_prefix_Sl,Sl,ZF3,
SM,E,noise_too_short,,,
Sm4CL1,C,bare_gene_symbol,,,
small,D,descriptive_name,,,
small auxin up RNA,D,descriptive_name,,,
small auxin upregulated RNA,D,descriptive_name,,,
small auxin upregulated RNAs,D,descriptive_name,,,
Small auxin-up RNA,D,descriptive_name,,,
small auxin-upregulated RNA,D,descriptive_name,,,
small GTPases,D,descriptive_name,,,
small heat proteins,D,descriptive_name,,,
small heat shock protein,D,descriptive_name,,,
Small heat shock protein 20,D,descriptive_name,,,
small heat shock protein CsHSP17.2,D,descriptive_name,,,
small heat shock protein family,D,descriptive_name,,,
small heat shock protein gene,D,descriptive_name,,,
small heat shock protein genes,D,descriptive_name,,,
SMALL HEAT SHOCK PROTEIN like,D,descriptive_name,,,
Small Heat Shock Proteins,D,descriptive_name,,,
Small heat stress proteins,D,descriptive_name,,,
small heat-shock protein,D,descriptive_name,,,
small heat-shock protein family,D,descriptive_name,,,
Small heat-shock proteins,D,descriptive_name,,,
small HSP transcription factors,D,descriptive_name,,,
small HSPs,D,descriptive_name,,,
small protein,D,descriptive_name,,,
small proteins,D,descriptive_name,,,
small RNAs,D,descriptive_name,,,
small signaling peptides,D,descriptive_name,,,
small subunit,D,descriptive_name,,,
small subunits,D,descriptive_name,,,
small ubiquitin-like modifier,D,descriptive_name,,,
Small Ubiquitin-related Modifier,D,descriptive_name,,,
Small ubiquitin-related modifiers,D,descriptive_name,,,
Small-interfering RNAs,D,descriptive_name,,,
SMAX1,C,bare_gene_symbol,,,
SmbZIP1,B,species_prefix_Smb,Smb,ZIP1,
Smc00914,C,bare_gene_symbol,,,
SmCHS,B,species_prefix_Sm,Sm,CHS,
SmCHS4,B,species_prefix_Sm,Sm,CHS4,
SmCOI1,B,species_prefix_Sm,Sm,COI1,
SMD1,C,bare_gene_symbol,,,
Sme2.5_00015.1_g00020.1,D,descriptive_name,,,
Sme2.5_00029.1_g00004.1,D,descriptive_name,,,
Sme2.5_00581.1_g00008.1,D,descriptive_name,,,
Sme2.5_01638.1_g00005.1,D,descriptive_name,,,
Sme2.5_04313.1_g00001.1,D,descriptive_name,,,
Sme2.5_05988.1_g00001.1,D,descriptive_name,,,
Sme2.5_06210.1_g00004.1,D,descriptive_name,,,
Sme2.5_29581.1_g00001.1,D,descriptive_name,,,
SmFLS,B,species_prefix_Sm,Sm,FLS,
SmGASA4,B,species_prefix_Sm,Sm,GASA4,
SmHsf,B,species_prefix_Sm,Sm,Hsf,
SmHsf1,B,species_prefix_Sm,Sm,Hsf1,
SmHsf12,B,species_prefix_Sm,Sm,Hsf12,
SmHsf13,B,species_prefix_Sm,Sm,Hsf13,
SmHsf14,B,species_prefix_Sm,Sm,Hsf14,
SmHsf18,B,species_prefix_Sm,Sm,Hsf18,
SmHsf2,B,species_prefix_Sm,Sm,Hsf2,
SmHsf20,B,species_prefix_Sm,Sm,Hsf20,
SmHsf24,B,species_prefix_Sm,Sm,Hsf24,
SmHsf25,B,species_prefix_Sm,Sm,Hsf25,
SmHsf27,B,species_prefix_Sm,Sm,Hsf27,
SmHsf29,B,species_prefix_Sm,Sm,Hsf29,
SmHsf30,B,species_prefix_Sm,Sm,Hsf30,
SmHsf31,B,species_prefix_Sm,Sm,Hsf31,
SmHsf32,B,species_prefix_Sm,Sm,Hsf32,
SmHsf33,B,species_prefix_Sm,Sm,Hsf33,
SmHsf34,B,species_prefix_Sm,Sm,Hsf34,
SmHsf5,B,species_prefix_Sm,Sm,Hsf5,
SmHsf7,B,species_prefix_Sm,Sm,Hsf7,
SmHsfs,B,species_prefix_Sm,Sm,Hsfs,
smHSP,D,descriptive_name,,,
SmLOX,B,species_prefix_Sm,Sm,LOX,
SmLOX1,B,species_prefix_Sm,Sm,LOX1,
SmLOX2,B,species_prefix_Sm,Sm,LOX2,
SmLOX3,B,species_prefix_Sm,Sm,LOX3,
SmLOX4,B,species_prefix_Sm,Sm,LOX4,
SmLOX4/5,D,descriptive_name,,,
SmLOX5,B,species_prefix_Sm,Sm,LOX5,
SmMYC2,B,species_prefix_Sm,Sm,MYC2,
SMO proteins,D,descriptive_name,,,
SMO1-3,D,descriptive_name,,,
SMO2,C,bare_gene_symbol,,,
SMOs,D,descriptive_name,,,
SMP,C,bare_gene_symbol,,,
SMPD2,C,bare_gene_symbol,,,
SmPHA4,B,species_prefix_Sm,Sm,PHA4,
SmPIP1;3,D,descriptive_name,,,
SmPIP1;3 gene,D,descriptive_name,,,
SmsHSP24.1,D,descriptive_name,,,
SmSHT,B,species_prefix_Sm,Sm,SHT,
SmSHT enzyme,D,descriptive_name,,,
SMT,C,bare_gene_symbol,,,
SmWRKY40,B,species_prefix_Sm,Sm,WRKY40,
SMXL,C,bare_gene_symbol,,,
SMXL family,D,descriptive_name,,,
SMXL proteins,D,descriptive_name,,,
SMXL2,C,bare_gene_symbol,,,
SMXL4,C,bare_gene_symbol,,,
SMXL5,C,bare_gene_symbol,,,
SMXL6,C,bare_gene_symbol,,,
SMXL6/7/8 proteins,D,descriptive_name,,,
SMXL8,C,bare_gene_symbol,,,
SNAC,C,bare_gene_symbol,,,
SNAC1,C,bare_gene_symbol,,,
SNAC2,C,bare_gene_symbol,,,
SNAC3,C,bare_gene_symbol,,,
SNAT,C,bare_gene_symbol,,,
SNAT enzyme,D,descriptive_name,,,
SNAT genes,D,descriptive_name,,,
SNAT protein,D,descriptive_name,,,
SNAT1,C,bare_gene_symbol,,,
SNAT1/2,D,descriptive_name,,,
snat2,D,descriptive_name,,,
SNC1,C,bare_gene_symbol,,,
SNF,C,bare_gene_symbol,,,
SNF1,C,bare_gene_symbol,,,
SNF1-related Kinase 1,D,descriptive_name,,,
SNF1-related protein kinase 2,D,descriptive_name,,,
SNF4,C,bare_gene_symbol,,,
SNL6,C,bare_gene_symbol,,,
SNP 1029559|F|0,D,descriptive_name,,,
SNP 1029767|F|0,D,descriptive_name,,,
SNP 1079395,D,descriptive_name,,,
SNP 1395486,D,descriptive_name,,,
SNP 2275693|F|0,D,descriptive_name,,,
SNP 995480|F|0,D,descriptive_name,,,
SNP AX-94436269,D,descriptive_name,,,
SNP AX-94560091,D,descriptive_name,,,
SNP AX-94631711,D,descriptive_name,,,
SNP AX-94725580,D,descriptive_name,,,
SNP AX-94941121,D,descriptive_name,,,
SNP IWB18745,D,descriptive_name,,,
SNP IWB28728,D,descriptive_name,,,
SNP IWB42264,D,descriptive_name,,,
SNP markers,D,descriptive_name,,,
SnPK2,B,species_prefix_Sn,Sn,PK2,
SNPs,D,descriptive_name,,,
SnRK,D,descriptive_name,,,
SnRK kinases,D,descriptive_name,,,
SnRK1,B,species_prefix_Sn,Sn,RK1,
SnRK1 complex,D,descriptive_name,,,
SnRK1 kinase complex,D,descriptive_name,,,
SnRK1 kinases,D,descriptive_name,,,
SnRK1 protein kinase,D,descriptive_name,,,
SnRK1/bZIP networks,D,descriptive_name,,,
SnRK1A,B,species_prefix_Sn,Sn,RK1A,
SnRK1b,B,species_prefix_Sn,Sn,RK1b,
SnRK1c,B,species_prefix_Sn,Sn,RK1c,
SnRK2,B,species_prefix_Sn,Sn,RK2,
SnRK2 genes,D,descriptive_name,,,
SnRK2 kinase,D,descriptive_name,,,
SnRK2 kinases,D,descriptive_name,,,
SnRK2 protein kinases,D,descriptive_name,,,
SnRK2.10,D,descriptive_name,,,
SnRK2.2,D,descriptive_name,,,
SNRK2.3,C,bare_gene_symbol,,,
SnRK2.4,D,descriptive_name,,,
SnRK2.6,D,descriptive_name,,,
SnRK2E,B,species_prefix_Sn,Sn,RK2E,
SnRK2s,B,species_prefix_Sn,Sn,RK2s,
SnRK3,B,species_prefix_Sn,Sn,RK3,
SnRKs,B,species_prefix_Sn,Sn,RKs,
SnRKγ1,D,descriptive_name,,,
SnRKγ1 gene,D,descriptive_name,,,
sNRT2.3-1 small RNAs,D,descriptive_name,,,
sNRT2.3-1 sRNAs,D,descriptive_name,,,
SOB7,C,bare_gene_symbol,,,
SoBADH,B,species_prefix_So,So,BADH,
Sobic.001G418800,A,sorghum_locus,,,
Sobic.008G111100,A,sorghum_locus,,,
Sobic.008G111300,A,sorghum_locus,,,
Sobic.008G111500,A,sorghum_locus,,,
Sobic.008G111600,A,sorghum_locus,,,
SoBSK,B,species_prefix_So,So,BSK,
SoBSKs,B,species_prefix_So,So,BSKs,
SOC1,C,bare_gene_symbol,,,
SoCYP85A1,B,species_prefix_So,So,CYP85A1,
SOD,C,bare_gene_symbol,,,
SOD [Cu-Zn],D,descriptive_name,,,
SOD enzymes,D,descriptive_name,,,
SOD gene,D,descriptive_name,,,
SOD genes,D,descriptive_name,,,
SOD isoforms,D,descriptive_name,,,
SOD isozymes,D,descriptive_name,,,
SOD protein,D,descriptive_name,,,
SOD proteins,D,descriptive_name,,,
SOD-[Fe] 2,D,descriptive_name,,,
SOD-encoding genes,D,descriptive_name,,,
SOD1,C,bare_gene_symbol,,,
SOD2,C,bare_gene_symbol,,,
sod3b,D,descriptive_name,,,
sod4,D,descriptive_name,,,
SOD5,C,bare_gene_symbol,,,
Sod_Fe_C,D,descriptive_name,,,
Sod_Fe_N,D,descriptive_name,,,
SODA,C,bare_gene_symbol,,,
SODA.4,C,bare_gene_symbol,,,
SODA1,C,bare_gene_symbol,,,
SODB,C,bare_gene_symbol,,,
sodC,D,descriptive_name,,,
SODCC.1,C,bare_gene_symbol,,,
SODCC1,C,bare_gene_symbol,,,
SODCc2,C,bare_gene_symbol,,,
SODCP,C,bare_gene_symbol,,,
sodCp genes,D,descriptive_name,,,
sodium hydrogen,D,descriptive_name,,,
sodium ion transport,D,descriptive_name,,,
sodium transporters,D,descriptive_name,,,
sodium-hydrogen pumps,D,descriptive_name,,,
sodium-pyruvate transporters,D,descriptive_name,,,
sodium/calcium exchanger protein,D,descriptive_name,,,
sodium/hydrogen exchanger,D,descriptive_name,,,
sodM,D,descriptive_name,,,
SODs,D,descriptive_name,,,
SoERECTA,B,species_prefix_So,So,ERECTA,
softening genes,D,descriptive_name,,,
SoHb,D,descriptive_name,,,
SoHb gene,D,descriptive_name,,,
soil dehydrogenase,D,descriptive_name,,,
soil dehydrogenases,D,descriptive_name,,,
soil urease,D,descriptive_name,,,
solanesyl diphosphate synthase,D,descriptive_name,,,
solanesyl-diphosphate synthase 2,D,descriptive_name,,,
Soltu.Atl_v3.09_4G023670.3,D,descriptive_name,,,
soluble,D,descriptive_name,,,
soluble acid invertase,D,descriptive_name,,,
soluble delta-9 acyl-ACP,D,descriptive_name,,,
soluble desaturase,D,descriptive_name,,,
soluble desaturase enzyme,D,descriptive_name,,,
soluble enzyme starch synthase,D,descriptive_name,,,
soluble inorganic pyrophosphatase,D,descriptive_name,,,
soluble inorganic pyrophosphatases,D,descriptive_name,,,
soluble invertase,D,descriptive_name,,,
soluble peridinin-chlorophyll a protein,D,descriptive_name,,,
Soluble protein,D,descriptive_name,,,
Soluble proteins,D,descriptive_name,,,
soluble pyrophosphatases,D,descriptive_name,,,
soluble receptors,D,descriptive_name,,,
soluble starch synthase,D,descriptive_name,,,
soluble starch synthase 2-3,D,descriptive_name,,,
soluble starch synthases,D,descriptive_name,,,
soluble- and granule-bound starch synthase,D,descriptive_name,,,
solute binding protein,D,descriptive_name,,,
Solute proteins,D,descriptive_name,,,
Solyc01g006560,A,tomato_locus,,,
Solyc01g007740,A,tomato_locus,,,
Solyc01g059880,A,tomato_locus,,,
Solyc01g090560,A,tomato_locus,,,
Solyc01g111000,A,tomato_locus,,,
solyc01g111510,A,tomato_locus,,,
Solyc02g062390,A,tomato_locus,,,
Solyc02g068640.3,A,tomato_locus,,,
Solyc02g071590.3,A,tomato_locus,,,
Solyc02g072240.3,A,tomato_locus,,,
Solyc02g084640,A,tomato_locus,,,
Solyc02g086820,A,tomato_locus,,,
Solyc02g086970,A,tomato_locus,,,
Solyc02g089620.3,A,tomato_locus,,,
Solyc02g089630.3,A,tomato_locus,,,
Solyc02g092580,A,tomato_locus,,,
Solyc02g093680,A,tomato_locus,,,
Solyc03g083440.2,A,tomato_locus,,,
Solyc03g093080.3,A,tomato_locus,,,
Solyc03g093120.5,A,tomato_locus,,,
Solyc03g093130.3,A,tomato_locus,,,
Solyc03g093350,A,tomato_locus,,,
Solyc03g093550,A,tomato_locus,,,
Solyc03g120090,A,tomato_locus,,,
Solyc04g011440,A,tomato_locus,,,
Solyc04g014480,A,tomato_locus,,,
SOLYC04G015750.3,A,tomato_locus,,,
Solyc04g026030,A,tomato_locus,,,
Solyc04g058160,A,tomato_locus,,,
Solyc04g071960,A,tomato_locus,,,
Solyc04g082460.3,A,tomato_locus,,,
Solyc05g005160,A,tomato_locus,,,
Solyc05g005700,A,tomato_locus,,,
Solyc05g005710,A,tomato_locus,,,
Solyc05g006650,A,tomato_locus,,,
Solyc05g050120,A,tomato_locus,,,
Solyc05g050790,A,tomato_locus,,,
Solyc05g056400,A,tomato_locus,,,
Solyc06g019170.3,A,tomato_locus,,,
Solyc06g024310.1,A,tomato_locus,,,
Solyc06g035960,A,tomato_locus,,,
Solyc06g048410,A,tomato_locus,,,
Solyc06g064900.2,A,tomato_locus,,,
Solyc06g066440,A,tomato_locus,,,
Solyc06g071920,A,tomato_locus,,,
Solyc07g006500.3,A,tomato_locus,,,
Solyc07g049280,A,tomato_locus,,,
Solyc07g056140,A,tomato_locus,,,
Solyc07g056570,A,tomato_locus,,,
Solyc08g006720,A,tomato_locus,,,
SOLYC08G065480.3,A,tomato_locus,,,
Solyc08g075550,A,tomato_locus,,,
Solyc09g007010.1,A,tomato_locus,,,
Solyc09g007270,A,tomato_locus,,,
Solyc09g007270.3,A,tomato_locus,,,
Solyc09g008280,A,tomato_locus,,,
Solyc09g008560,A,tomato_locus,,,
Solyc09g009260,A,tomato_locus,,,
Solyc09g011810,A,tomato_locus,,,
Solyc09g014280,A,tomato_locus,,,
Solyc09g074530,A,tomato_locus,,,
Solyc09g091840,A,tomato_locus,,,
Solyc10g007950,A,tomato_locus,,,
SOLYC10G008740.3,A,tomato_locus,,,
Solyc10g018340.1,A,tomato_locus,,,
Solyc10g052470.1.1,A,tomato_locus,,,
Solyc10g082030,A,tomato_locus,,,
Solyc10g083970,A,tomato_locus,,,
Solyc10g086530.1.1,A,tomato_locus,,,
Solyc11g06639,D,descriptive_name,,,
Solyc12g009220.1,A,tomato_locus,,,
Solyc12g009240,A,tomato_locus,,,
SOLYC12G009470.2,A,tomato_locus,,,
Solyc12g027610,A,tomato_locus,,,
Solyc12g042500,A,tomato_locus,,,
Solyc12g099260,A,tomato_locus,,,
SOM,C,bare_gene_symbol,,,
somatic embryogenesis receptor kinases,D,descriptive_name,,,
SOMNUS,C,bare_gene_symbol,,,
SoMYB18,B,species_prefix_So,So,MYB18,
SoPSBS,B,species_prefix_So,So,PSBS,
SOQ1,C,bare_gene_symbol,,,
SOR1,C,bare_gene_symbol,,,
SoRBCS,B,species_prefix_So,So,RBCS,
SORBI_3009G017800,D,descriptive_name,,,
sorbitol dehydrogenase,D,descriptive_name,,,
sorbitol dehydrogenases,D,descriptive_name,,,
sorbitol transporter,D,descriptive_name,,,
sorbitol transporters,D,descriptive_name,,,
SoRCA,B,species_prefix_So,So,RCA,
SOS,C,bare_gene_symbol,,,
SOS genes,D,descriptive_name,,,
SOS1,C,bare_gene_symbol,,,
SOS1 Na+/H+ antiporter,D,descriptive_name,,,
SOS1 Na+/H+ reverse transport protein,D,descriptive_name,,,
SOS1 Na+/H+ transporter,D,descriptive_name,,,
SOS1 transporter,D,descriptive_name,,,
SOS1-3,D,descriptive_name,,,
SOS2,C,bare_gene_symbol,,,
SOS3,C,bare_gene_symbol,,,
SOS3 interacting protein 4,D,descriptive_name,,,
SOS3 protein,D,descriptive_name,,,
SOS4,C,bare_gene_symbol,,,
SoSCR,B,species_prefix_So,So,SCR,
SOT,C,bare_gene_symbol,,,
SOT12,C,bare_gene_symbol,,,
SOT18,C,bare_gene_symbol,,,
SOT18_17,D,descriptive_name,,,
SotuWRKY gene,D,descriptive_name,,,
SotuWRKY genes,D,descriptive_name,,,
SotuWRKY01,C,bare_gene_symbol,,,
SotuWRKY02,C,bare_gene_symbol,,,
SotuWRKY03,C,bare_gene_symbol,,,
SotuWRKY06,C,bare_gene_symbol,,,
SotuWRKY24,C,bare_gene_symbol,,,
SotuWRKY30,C,bare_gene_symbol,,,
soxB,D,descriptive_name,,,
soxR,D,descriptive_name,,,
SoxR transcriptional activator,D,descriptive_name,,,
soybean genes,D,descriptive_name,,,
soybean ligases,D,descriptive_name,,,
soybean protein,D,descriptive_name,,,
soybean SUMO E3 ligases,D,descriptive_name,,,
SP,E,noise_too_short,,,
SP6A,C,bare_gene_symbol,,,
SPA1,C,bare_gene_symbol,,,
SPA2,C,bare_gene_symbol,,,
spaS,D,descriptive_name,,,
SPBP lyase,D,descriptive_name,,,
sPCP,D,descriptive_name,,,
SPDS,C,bare_gene_symbol,,,
SPDS1,C,bare_gene_symbol,,,
SPDS1-5,D,descriptive_name,,,
SPDS1/2,D,descriptive_name,,,
SPDS2,C,bare_gene_symbol,,,
SPDS3,C,bare_gene_symbol,,,
SPDS4,C,bare_gene_symbol,,,
SPDS5,C,bare_gene_symbol,,,
SPDSYN,C,bare_gene_symbol,,,
SPDSYN1,C,bare_gene_symbol,,,
SPDSYN2,C,bare_gene_symbol,,,
specialized transport proteins,D,descriptive_name,,,
specific enzyme genes,D,descriptive_name,,,
specific genes,D,descriptive_name,,,
specific phospholipase C,D,descriptive_name,,,
specific UGTs,D,descriptive_name,,,
speE,D,descriptive_name,,,
speH,D,descriptive_name,,,
Spermidine hydroxycinnamoyl transferase,D,descriptive_name,,,
spermidine synthase,D,descriptive_name,,,
spermidine synthases,D,descriptive_name,,,
spermidine/spermine acetyltransferase,D,descriptive_name,,,
Spermine synthase,D,descriptive_name,,,
spermine synthase gene,D,descriptive_name,,,
spermine synthetase family,D,descriptive_name,,,
sphingoid LCB Δ8 desaturase,D,descriptive_name,,,
sphingolipid desaturase,D,descriptive_name,,,
sphingolipid desaturases,D,descriptive_name,,,
sphingolipid Δ4-desaturase,D,descriptive_name,,,
sphingosine kinase,D,descriptive_name,,,
sphingosine-1-phosphate lyase,D,descriptive_name,,,
SPHK,C,bare_gene_symbol,,,
SpHMA3,B,species_prefix_Sp,Sp,HMA3,
spikelet genes,D,descriptive_name,,,
SPK,C,bare_gene_symbol,,,
SPL,C,bare_gene_symbol,,,
SPL genes,D,descriptive_name,,,
SPL12,C,bare_gene_symbol,,,
SPL18,C,bare_gene_symbol,,,
SPL40,C,bare_gene_symbol,,,
SPL7,C,bare_gene_symbol,,,
SPL8,C,bare_gene_symbol,,,
SPL9 transcription factor,D,descriptive_name,,,
SPLC1_S041070,D,descriptive_name,,,
SPLC1_S082010,D,descriptive_name,,,
SPLC1_S240280,D,descriptive_name,,,
splicing factor AT5G52040,D,descriptive_name,,,
Splicing factor-arginine/serine-rich 1,D,descriptive_name,,,
Spm biosynthetic process genes,D,descriptive_name,,,
SPMS,C,bare_gene_symbol,,,
SPMS1,C,bare_gene_symbol,,,
SPMS2,C,bare_gene_symbol,,,
SpMTL,B,species_prefix_Sp,Sp,MTL,
sporamin genes,D,descriptive_name,,,
Sporamin proteins,D,descriptive_name,,,
Sporamins,D,descriptive_name,,,
Sporopollenin biosynthetic process genes,D,descriptive_name,,,
sporopollenin-related genes,D,descriptive_name,,,
spot 1,D,descriptive_name,,,
spot 14,D,descriptive_name,,,
spot 15,D,descriptive_name,,,
spot 17,D,descriptive_name,,,
spot 18,D,descriptive_name,,,
spot 19,D,descriptive_name,,,
spot 2,D,descriptive_name,,,
spot 20,D,descriptive_name,,,
spot 21,D,descriptive_name,,,
spot 22,D,descriptive_name,,,
spot 23,D,descriptive_name,,,
spot 24,D,descriptive_name,,,
spot 25,D,descriptive_name,,,
spot 27,D,descriptive_name,,,
spot 32,D,descriptive_name,,,
Spot 33,D,descriptive_name,,,
spot 34,D,descriptive_name,,,
spot 4,D,descriptive_name,,,
spot 41,D,descriptive_name,,,
spot 5,D,descriptive_name,,,
spot 6,D,descriptive_name,,,
spot 9,D,descriptive_name,,,
spot 93,D,descriptive_name,,,
spot ID 2,D,descriptive_name,,,
spots 19,D,descriptive_name,,,
spots 44,D,descriptive_name,,,
SPOTTED LESSION 40,D,descriptive_name,,,
SPP,C,bare_gene_symbol,,,
sPPase,D,descriptive_name,,,
sPPases,D,descriptive_name,,,
SPS,C,bare_gene_symbol,,,
SPS1,C,bare_gene_symbol,,,
SPS1-B,D,descriptive_name,,,
SPS3F,C,bare_gene_symbol,,,
SPSA1,C,bare_gene_symbol,,,
SPT,C,bare_gene_symbol,,,
SpUSP,B,species_prefix_Sp,Sp,USP,
SPX-MFS,D,descriptive_name,,,
SPX1,C,bare_gene_symbol,,,
SPX2,C,bare_gene_symbol,,,
SPY,C,bare_gene_symbol,,,
SQD1,C,bare_gene_symbol,,,
SQD2,C,bare_gene_symbol,,,
SQDG synthase,D,descriptive_name,,,
SQDG synthases,D,descriptive_name,,,
SQDs,D,descriptive_name,,,
SQLE,C,bare_gene_symbol,,,
SQS,C,bare_gene_symbol,,,
squalene epoxidase,D,descriptive_name,,,
Squalene epoxidases,D,descriptive_name,,,
squalene hopene cyclase,D,descriptive_name,,,
Squalene monooxygenase,D,descriptive_name,,,
squalene monoxygenase,D,descriptive_name,,,
Squalene synthase,D,descriptive_name,,,
squalene synthase gene,D,descriptive_name,,,
squalene/phytoene synthase,D,descriptive_name,,,
squalene/phytoene synthases,D,descriptive_name,,,
SR proteins,D,descriptive_name,,,
SR160,C,bare_gene_symbol,,,
Sr25,C,bare_gene_symbol,,,
SR45a,D,descriptive_name,,,
srfA,D,descriptive_name,,,
srfAA,D,descriptive_name,,,
srfAB,D,descriptive_name,,,
SRG1,C,bare_gene_symbol,,,
SRG3,C,bare_gene_symbol,,,
srg6,D,descriptive_name,,,
SRK2D,C,bare_gene_symbol,,,
SRK2E,C,bare_gene_symbol,,,
SRK2I,C,bare_gene_symbol,,,
SRK2s,D,descriptive_name,,,
SRL1,C,bare_gene_symbol,,,
SRL10,C,bare_gene_symbol,,,
SRM1,C,bare_gene_symbol,,,
SRPP,C,bare_gene_symbol,,,
SRS1,C,bare_gene_symbol,,,
SrSHT,B,species_prefix_Sr,Sr,SHT,
srt1,D,descriptive_name,,,
SRX,C,bare_gene_symbol,,,
SS,E,noise_too_short,,,
SS enzymes,D,descriptive_name,,,
SS I,D,descriptive_name,,,
ß-carotene hydroxylases,D,descriptive_name,,,
ß-carotene ketolase,D,descriptive_name,,,
SS1,C,bare_gene_symbol,,,
SS2,C,bare_gene_symbol,,,
SS3,C,bare_gene_symbol,,,
SS3 gene,D,descriptive_name,,,
ss3/4,D,descriptive_name,,,
SS4,C,bare_gene_symbol,,,
Ss4CL,D,descriptive_name,,,
SS5,C,bare_gene_symbol,,,
SSA reductase,D,descriptive_name,,,
SSADH,C,bare_gene_symbol,,,
ssadh-2,D,descriptive_name,,,
SSADH1,C,bare_gene_symbol,,,
SSAT,C,bare_gene_symbol,,,
SsBMR1,B,species_prefix_Ss,Ss,BMR1,
SsC4H,B,species_prefix_Ss,Ss,C4H,
SsCat2,B,species_prefix_Ss,Ss,Cat2,
sseB,D,descriptive_name,,,
SsF3′5′H,D,descriptive_name,,,
SsGSP1,B,species_prefix_Ss,Ss,GSP1,
Sshsp60,C,bare_gene_symbol,,,
SSI,C,bare_gene_symbol,,,
SSI-SSIV,D,descriptive_name,,,
SSI2,C,bare_gene_symbol,,,
SSII,C,bare_gene_symbol,,,
SSII-3,D,descriptive_name,,,
SSIIa,D,descriptive_name,,,
SSIII,C,bare_gene_symbol,,,
SSIIIa,D,descriptive_name,,,
SSIIIa-S94,D,descriptive_name,,,
SSIV,C,bare_gene_symbol,,,
SSIVb,D,descriptive_name,,,
SsMT2,B,species_prefix_Ss,Ss,MT2,
SSP,C,bare_gene_symbol,,,
SSP genes,D,descriptive_name,,,
SSPs,D,descriptive_name,,,
SSR,C,bare_gene_symbol,,,
SSR gene,D,descriptive_name,,,
SSR marker alleles,D,descriptive_name,,,
SSR markers,D,descriptive_name,,,
SSR sites,D,descriptive_name,,,
SSs,D,descriptive_name,,,
SSSase,D,descriptive_name,,,
SSSI,C,bare_gene_symbol,,,
SSSII-III,D,descriptive_name,,,
SST,C,bare_gene_symbol,,,
ssu,D,descriptive_name,,,
SsuHsf gene family,D,descriptive_name,,,
SsuHsf genes,D,descriptive_name,,,
SsuHsf-A2,B,species_prefix_Ssu,Ssu,Hsf-A2,
SsuHsf-A9,B,species_prefix_Ssu,Ssu,Hsf-A9,
SsuHsf-B1,B,species_prefix_Ssu,Ssu,Hsf-B1,
SsVQ gene family,D,descriptive_name,,,
SsVQ genes,D,descriptive_name,,,
SsVQ12,B,species_prefix_Ss,Ss,VQ12,
SsVQ14,B,species_prefix_Ss,Ss,VQ14,
SsVQ2,B,species_prefix_Ss,Ss,VQ2,
SsVQ23,B,species_prefix_Ss,Ss,VQ23,
SsVQ31,B,species_prefix_Ss,Ss,VQ31,
SsVQ32,B,species_prefix_Ss,Ss,VQ32,
SsVQ34,B,species_prefix_Ss,Ss,VQ34,
ST1,C,bare_gene_symbol,,,
St4CL,D,descriptive_name,,,
ST5B_C,D,descriptive_name,,,
STA1,C,bare_gene_symbol,,,
STA6,C,bare_gene_symbol,,,
StABF1,B,species_prefix_St,St,ABF1,
StABF2,B,species_prefix_St,St,ABF2,
StABF4,B,species_prefix_St,St,ABF4,
StABL1,B,species_prefix_St,St,ABL1,
StACC oxidase 3,D,descriptive_name,,,
stachyose synthase,D,descriptive_name,,,
stachyose synthase gene,D,descriptive_name,,,
stachyose synthetase,D,descriptive_name,,,
StAGL8a,B,species_prefix_St,St,AGL8a,
StAGL8b,B,species_prefix_St,St,AGL8b,
StAN1,B,species_prefix_St,St,AN1,
StANS,B,species_prefix_St,St,ANS,
StAOS3,B,species_prefix_St,St,AOS3,
StAPX,B,species_prefix_St,St,APX,
starch biosynthesis genes,D,descriptive_name,,,
starch biosynthetic enzymes,D,descriptive_name,,,
starch biosynthetic machinery,D,descriptive_name,,,
Starch branching enzyme,D,descriptive_name,,,
Starch Branching Enzyme I,D,descriptive_name,,,
starch branching enzyme IIa,D,descriptive_name,,,
starch branching enzyme1,D,descriptive_name,,,
starch branching enzymes,D,descriptive_name,,,
starch debranching enzyme,D,descriptive_name,,,
starch debranching enzymes,D,descriptive_name,,,
starch enzymes,D,descriptive_name,,,
starch excess4,D,descriptive_name,,,
Starch granule-associated proteins,D,descriptive_name,,,
starch metabolism genes,D,descriptive_name,,,
starch pathway enzymes,D,descriptive_name,,,
starch phosphorylase,D,descriptive_name,,,
starch phosphorylase genes,D,descriptive_name,,,
starch phosphorylase L-1,D,descriptive_name,,,
starch phosphorylases,D,descriptive_name,,,
starch regulatory genes,D,descriptive_name,,,
starch synthase,D,descriptive_name,,,
starch synthase 3,D,descriptive_name,,,
STARCH SYNTHASE 4,D,descriptive_name,,,
starch synthase enzyme,D,descriptive_name,,,
starch synthase genes,D,descriptive_name,,,
starch synthase I,D,descriptive_name,,,
Starch Synthase IIa,D,descriptive_name,,,
starch synthase-related genes,D,descriptive_name,,,
starch synthases,D,descriptive_name,,,
starch synthesis enzymes,D,descriptive_name,,,
Starch synthesis genes,D,descriptive_name,,,
starch synthesis proteins,D,descriptive_name,,,
starch synthesis related gene,D,descriptive_name,,,
starch synthesis-related genes,D,descriptive_name,,,
starch synthesis-related proteins,D,descriptive_name,,,
starch synthesizing enzymes,D,descriptive_name,,,
starch synthetase,D,descriptive_name,,,
starch synthetase enzyme,D,descriptive_name,,,
starch synthetase enzymes,D,descriptive_name,,,
starch synthetase genes,D,descriptive_name,,,
starch-branch enzyme,D,descriptive_name,,,
starch-branching enzyme,D,descriptive_name,,,
starch-branching enzymes,D,descriptive_name,,,
starch-degrading alpha-amylase genes,D,descriptive_name,,,
starch-degrading enzymes,D,descriptive_name,,,
Starch-related enzyme,D,descriptive_name,,,
starch-related genes,D,descriptive_name,,,
starch-sucrose enzymes,D,descriptive_name,,,
starch-synthesizing enzymes,D,descriptive_name,,,
start codon,D,descriptive_name,,,
start codons,D,descriptive_name,,,
stay-green (SG) QTLs,D,descriptive_name,,,
stay-green genes,D,descriptive_name,,,
stay-green protein,D,descriptive_name,,,
Stay-green proteins,D,descriptive_name,,,
STAY-GREEN1,D,descriptive_name,,,
staygreens,D,descriptive_name,,,
StBAM1,B,species_prefix_St,St,BAM1,
StBEL5,B,species_prefix_St,St,BEL5,
StbHLH1,B,species_prefix_Stb,Stb,HLH1,
StbZIP genes,D,descriptive_name,,,
StbZIP transcription factors,D,descriptive_name,,,
StbZIP1,B,species_prefix_Stb,Stb,ZIP1,
StbZIP2,B,species_prefix_Stb,Stb,ZIP2,
StbZIP21,B,species_prefix_Stb,Stb,ZIP21,
StbZIP23,B,species_prefix_Stb,Stb,ZIP23,
StbZIP25,B,species_prefix_Stb,Stb,ZIP25,
StbZIP32,B,species_prefix_Stb,Stb,ZIP32,
StbZIP5,B,species_prefix_Stb,Stb,ZIP5,
StbZIP54,B,species_prefix_Stb,Stb,ZIP54,
StbZIP59,B,species_prefix_Stb,Stb,ZIP59,
StbZIP62,B,species_prefix_Stb,Stb,ZIP62,
StbZIP66,B,species_prefix_Stb,Stb,ZIP66,
StbZIP7,B,species_prefix_Stb,Stb,ZIP7,
StbZIP8,B,species_prefix_Stb,Stb,ZIP8,
StbZIP82,B,species_prefix_Stb,Stb,ZIP82,
StbZIP88,B,species_prefix_Stb,Stb,ZIP88,
StbZIPs 2,D,descriptive_name,,,
StbZIPs 21,D,descriptive_name,,,
StbZIPs 24,D,descriptive_name,,,
StbZIPs 37,D,descriptive_name,,,
StbZIPs 4,D,descriptive_name,,,
StbZIPs 7,D,descriptive_name,,,
StbZIPs 8,D,descriptive_name,,,
StC3'H,D,descriptive_name,,,
StC3H,B,species_prefix_St,St,C3H,
StCAD,B,species_prefix_St,St,CAD,
StCAT,B,species_prefix_St,St,CAT,
StCAT1,B,species_prefix_St,St,CAT1,
StCAT1/2,D,descriptive_name,,,
StCAT2,B,species_prefix_St,St,CAT2,
StCBL,B,species_prefix_St,St,CBL,
StCCR,B,species_prefix_St,St,CCR,
StCHI,B,species_prefix_St,St,CHI,
StCHS,B,species_prefix_St,St,CHS,
StCOMT genes,D,descriptive_name,,,
StCPY714,B,species_prefix_St,St,CPY714,
StCuZnSOD,B,species_prefix_St,St,CuZnSOD,
StCuZnSOD1,B,species_prefix_St,St,CuZnSOD1,
StCuZnSOD2,B,species_prefix_St,St,CuZnSOD2,
StCuZnSOD3,B,species_prefix_St,St,CuZnSOD3,
StCuZnSODs,B,species_prefix_St,St,CuZnSODs,
StDDP,B,species_prefix_St,St,DDP,
StDDP family,D,descriptive_name,,,
StDDP7,B,species_prefix_St,St,DDP7,
StDDP9,B,species_prefix_St,St,DDP9,
StDDPs,B,species_prefix_St,St,DDPs,
stearoyl-ACP desaturase,D,descriptive_name,,,
stearoyl-ACP desaturases,D,descriptive_name,,,
stearoyl-ACP Δ9-desaturase,D,descriptive_name,,,
stearoyl-ACP-desaturase,D,descriptive_name,,,
stem fructan exohydrolase,D,descriptive_name,,,
StERF94,B,species_prefix_St,St,ERF94,
steroid 5-alpha-reductase,D,descriptive_name,,,
steroid C-22 hydroxylase,D,descriptive_name,,,
steroid-related lipid metabolism genes,D,descriptive_name,,,
sterol 14-demethylase,D,descriptive_name,,,
sterol 3-beta-glucosyltransferase UGT80A2,D,descriptive_name,,,
sterol C4-methyl oxidase 1-2,D,descriptive_name,,,
sterol carrier protein,D,descriptive_name,,,
sterol glucosyltransferases,D,descriptive_name,,,
Sterol glycosyltransferases,D,descriptive_name,,,
sterol methyl transferase2,D,descriptive_name,,,
sterol O-acyltransferase gene,D,descriptive_name,,,
sterol side chain reductase,D,descriptive_name,,,
steroleosins,D,descriptive_name,,,
steryl glycoside synthase,D,descriptive_name,,,
StEXLB subfamily,D,descriptive_name,,,
StEXLB2,B,species_prefix_St,St,EXLB2,
StEXLB3,B,species_prefix_St,St,EXLB3,
StEXLB4,B,species_prefix_St,St,EXLB4,
StEXLB5,B,species_prefix_St,St,EXLB5,
StEXLB6,B,species_prefix_St,St,EXLB6,
StEXLBs,B,species_prefix_St,St,EXLBs,
StEXP genes,D,descriptive_name,,,
StEXPA1,B,species_prefix_St,St,EXPA1,
StEXPA11,B,species_prefix_St,St,EXPA11,
StEXPA14,B,species_prefix_St,St,EXPA14,
StEXPA16,B,species_prefix_St,St,EXPA16,
StEXPA18,B,species_prefix_St,St,EXPA18,
StEXPA19,B,species_prefix_St,St,EXPA19,
StEXPA2,B,species_prefix_St,St,EXPA2,
StEXPA4,B,species_prefix_St,St,EXPA4,
StEXPA5,B,species_prefix_St,St,EXPA5,
StEXPA7,B,species_prefix_St,St,EXPA7,
StEXPA8,B,species_prefix_St,St,EXPA8,
StEXPB2,B,species_prefix_St,St,EXPB2,
StEXPBs,B,species_prefix_St,St,EXPBs,
StF5H,B,species_prefix_St,St,F5H,
StFeSOD,B,species_prefix_St,St,FeSOD,
StFeSOD1,B,species_prefix_St,St,FeSOD1,
StFeSOD2,B,species_prefix_St,St,FeSOD2,
StFeSOD3,B,species_prefix_St,St,FeSOD3,
StFeSOD4,B,species_prefix_St,St,FeSOD4,
StFeSODs,B,species_prefix_St,St,FeSODs,
StGA20ox1,B,species_prefix_St,St,GA20ox1,
StGA2ox,B,species_prefix_St,St,GA2ox,
StGATA2,B,species_prefix_St,St,GATA2,
StGLP genes,D,descriptive_name,,,
StGLP12,B,species_prefix_St,St,GLP12,
StGLP14,B,species_prefix_St,St,GLP14,
StGLP5,B,species_prefix_St,St,GLP5,
StGLP54,B,species_prefix_St,St,GLP54,
StGLPs,B,species_prefix_St,St,GLPs,
StGPXL gene family,D,descriptive_name,,,
StGPXL genes,D,descriptive_name,,,
StGPXL proteins,D,descriptive_name,,,
StGPXL2,B,species_prefix_St,St,GPXL2,
StGPXL4,B,species_prefix_St,St,GPXL4,
StGPXL5,B,species_prefix_St,St,GPXL5,
StGPXL6,B,species_prefix_St,St,GPXL6,
StGPXL6 gene,D,descriptive_name,,,
StGPXL7,B,species_prefix_St,St,GPXL7,
StGR,D,descriptive_name,,,
STH-21-like proteins,D,descriptive_name,,,
StHCT/HQT genes,D,descriptive_name,,,
StHsfA3,B,species_prefix_St,St,HsfA3,
StHsfB5,B,species_prefix_St,St,HsfB5,
StHSP-17,B,species_prefix_St,St,HSP-17,
StHSP-7,B,species_prefix_St,St,HSP-7,
StHSP70,B,species_prefix_St,St,HSP70,
StHSP90,B,species_prefix_St,St,HSP90,
Sti1,C,bare_gene_symbol,,,
stilbene synthase,D,descriptive_name,,,
stilbene synthase 1,D,descriptive_name,,,
Stilbene synthase family proteins,D,descriptive_name,,,
stilbene synthases,D,descriptive_name,,,
STK,C,bare_gene_symbol,,,
StLDOX/ANS genes,D,descriptive_name,,,
STM1530,C,bare_gene_symbol,,,
STM1808,C,bare_gene_symbol,,,
STM3030,C,bare_gene_symbol,,,
StMAPK genes,D,descriptive_name,,,
StMAPK promoters,D,descriptive_name,,,
StMAPK1,B,species_prefix_St,St,MAPK1,
StMAPK8,B,species_prefix_St,St,MAPK8,
StMAPKK1,B,species_prefix_St,St,MAPKK1,
StMAPKK5,B,species_prefix_St,St,MAPKK5,
StMBF1,B,species_prefix_St,St,MBF1,
StMEK1,B,species_prefix_St,St,MEK1,
StMnSOD,B,species_prefix_St,St,MnSOD,
StMS,D,descriptive_name,,,
StMtf1,B,species_prefix_St,St,Mtf1,
StMYB44,B,species_prefix_St,St,MYB44,
StMYB44-1,B,species_prefix_St,St,MYB44-1,
StMYB44-2,B,species_prefix_St,St,MYB44-2,
STN7 kinase,D,descriptive_name,,,
StNAC genes,D,descriptive_name,,,
StnsLTP1,C,bare_gene_symbol,,,
STOP1,C,bare_gene_symbol,,,
Storage protein,D,descriptive_name,,,
storage protein fractions,D,descriptive_name,,,
storage protein genes,D,descriptive_name,,,
storage proteins,D,descriptive_name,,,
STP family,D,descriptive_name,,,
STP gene family,D,descriptive_name,,,
STP genes,D,descriptive_name,,,
STP11,C,bare_gene_symbol,,,
STP13,C,bare_gene_symbol,,,
STP14,C,bare_gene_symbol,,,
StP5CS,B,species_prefix_St,St,P5CS,
StPAL gene,D,descriptive_name,,,
StPAL gene family,D,descriptive_name,,,
StPAL genes,D,descriptive_name,,,
StPAL proteins,D,descriptive_name,,,
StPAL1,B,species_prefix_St,St,PAL1,
StPAL11,B,species_prefix_St,St,PAL11,
StPAL2,B,species_prefix_St,St,PAL2,
StPAL6,B,species_prefix_St,St,PAL6,
StPAL7,B,species_prefix_St,St,PAL7,
StPAL8,B,species_prefix_St,St,PAL8,
StPAO gene family,D,descriptive_name,,,
StPAO genes,D,descriptive_name,,,
StPAO promoters,D,descriptive_name,,,
StPAO14,B,species_prefix_St,St,PAO14,
StPAO4,B,species_prefix_St,St,PAO4,
StPAO5,B,species_prefix_St,St,PAO5,
StPAO7,B,species_prefix_St,St,PAO7,
STPKs,D,descriptive_name,,,
StPLD gene,D,descriptive_name,,,
StPLD gene family,D,descriptive_name,,,
StPLD genes,D,descriptive_name,,,
StPLD proteins,D,descriptive_name,,,
StPLDα1,D,descriptive_name,,,
StPLDα2,D,descriptive_name,,,
StPLDα4,D,descriptive_name,,,
StPLDα5,D,descriptive_name,,,
StPLDδ5,D,descriptive_name,,,
StPLDζ,D,descriptive_name,,,
StPOD,B,species_prefix_St,St,POD,
StPOD12,B,species_prefix_St,St,POD12,
StPOD12/47,D,descriptive_name,,,
StPOTH1,B,species_prefix_St,St,POTH1,
StPR1-b,B,species_prefix_St,St,PR1-b,
StPR2,B,species_prefix_St,St,PR2,
STPs,D,descriptive_name,,,
StPYL4-like,B,species_prefix_St,St,PYL4-like,
StPYL8-like,B,species_prefix_St,St,PYL8-like,
StPYL9-like,B,species_prefix_St,St,PYL9-like,
Strep-Tactin,D,descriptive_name,,,
streptavidin–agarose,D,descriptive_name,,,
stress and defense-related proteins,D,descriptive_name,,,
stress and defense-related responses,D,descriptive_name,,,
stress defense genes,D,descriptive_name,,,
stress enzymes,D,descriptive_name,,,
stress gene,D,descriptive_name,,,
stress genes,D,descriptive_name,,,
stress marker genes,D,descriptive_name,,,
stress proteins,D,descriptive_name,,,
stress resilience genes,D,descriptive_name,,,
stress resistance genes,D,descriptive_name,,,
stress response genes,D,descriptive_name,,,
stress signaling proteins,D,descriptive_name,,,
stress tolerance genes,D,descriptive_name,,,
stress-associated genes,D,descriptive_name,,,
stress-associated protein,D,descriptive_name,,,
Stress-associated proteins,D,descriptive_name,,,
stress-associated zinc finger proteins,D,descriptive_name,,,
stress-induced MAPKK,D,descriptive_name,,,
stress-inducible genes,D,descriptive_name,,,
stress-marker genes,D,descriptive_name,,,
stress-protective genes,D,descriptive_name,,,
stress-receptive genes,D,descriptive_name,,,
Stress-related antioxidative proteins,D,descriptive_name,,,
stress-related cis-elements,D,descriptive_name,,,
stress-related factor,D,descriptive_name,,,
stress-related gene,D,descriptive_name,,,
stress-related genes,D,descriptive_name,,,
stress-related protein,D,descriptive_name,,,
stress-related protein genes,D,descriptive_name,,,
stress-related proteins,D,descriptive_name,,,
stress-related transcription factors,D,descriptive_name,,,
stress-resistant proteins,D,descriptive_name,,,
stress-response genes,D,descriptive_name,,,
stress-response proteins,D,descriptive_name,,,
stress-response QTL,D,descriptive_name,,,
stress-responsive elements,D,descriptive_name,,,
stress-responsive gene,D,descriptive_name,,,
stress-responsive gene networks,D,descriptive_name,,,
stress-responsive genes,D,descriptive_name,,,
stress-responsive proteins,D,descriptive_name,,,
stress-responsive regulatory genes,D,descriptive_name,,,
stress-responsive transcription factors,D,descriptive_name,,,
stress-specific cis-elements,D,descriptive_name,,,
stress-specific permeable channels,D,descriptive_name,,,
stress-tolerance genes,D,descriptive_name,,,
strictosidine synthase,D,descriptive_name,,,
strictosidine synthase family proteins,D,descriptive_name,,,
strictosidine β-d-glucosidase,D,descriptive_name,,,
strictosidine β-glucosidase,D,descriptive_name,,,
strigolactone-deficient ccd8 mutant,D,descriptive_name,,,
STRK1,C,bare_gene_symbol,,,
stromal APX,D,descriptive_name,,,
structural and regulatory genes,D,descriptive_name,,,
structural enzymes,D,descriptive_name,,,
structural gene,D,descriptive_name,,,
structural genes,D,descriptive_name,,,
structural proteins,D,descriptive_name,,,
STS,C,bare_gene_symbol,,,
STS gene family,D,descriptive_name,,,
STS genes,D,descriptive_name,,,
STS-like,D,descriptive_name,,,
STSa,D,descriptive_name,,,
StSAMS,B,species_prefix_St,St,SAMS,
StSHM,B,species_prefix_St,St,SHM,
StSOD,B,species_prefix_St,St,SOD,
StSP6A,B,species_prefix_St,St,SP6A,
StSP6A gene,D,descriptive_name,,,
StSPL genes,D,descriptive_name,,,
STSs,D,descriptive_name,,,
StSUS4,B,species_prefix_St,St,SUS4,
StSUT4,B,species_prefix_St,St,SUT4,
StSWEET1g,B,species_prefix_St,St,SWEET1g,
StSWEET1g protein,D,descriptive_name,,,
STSY,C,bare_gene_symbol,,,
STSY gene,D,descriptive_name,,,
Stt7,C,bare_gene_symbol,,,
Stt7 kinase,D,descriptive_name,,,
stu-miR156,D,descriptive_name,,,
stu-miR8030-5p,D,descriptive_name,,,
STUBL1,C,bare_gene_symbol,,,
StUbLs,B,species_prefix_St,St,UbLs,
StUFGT,B,species_prefix_St,St,UFGT,
StUSP,B,species_prefix_St,St,USP,
StUSP gene family,D,descriptive_name,,,
StUSP genes,D,descriptive_name,,,
StUSP13,B,species_prefix_St,St,USP13,
StUSP14,B,species_prefix_St,St,USP14,
StUSP15,B,species_prefix_St,St,USP15,
StUSP41,B,species_prefix_St,St,USP41,
StUSPs,B,species_prefix_St,St,USPs,
StWRKY genes,D,descriptive_name,,,
StWRKY promoters,D,descriptive_name,,,
StWRKY01,B,species_prefix_St,St,WRKY01,
StWRKY1,B,species_prefix_St,St,WRKY1,
StWRKY1 gene,D,descriptive_name,,,
StWRKY1 transcription factor,D,descriptive_name,,,
StWRKY34,B,species_prefix_St,St,WRKY34,
StWRKY39,B,species_prefix_St,St,WRKY39,
StWRKY57,B,species_prefix_St,St,WRKY57,
StWRKY65,B,species_prefix_St,St,WRKY65,
StWRKY65-RNAi,B,species_prefix_St,St,WRKY65-RNAi,
StWRKY72,B,species_prefix_St,St,WRKY72,
StWRKY75,B,species_prefix_St,St,WRKY75,
StWRKY8,B,species_prefix_St,St,WRKY8,
STY1,C,bare_gene_symbol,,,
STZ,C,bare_gene_symbol,,,
STZ1,C,bare_gene_symbol,,,
su1,D,descriptive_name,,,
Sub1 gene,D,descriptive_name,,,
SUB1A,C,bare_gene_symbol,,,
subclass A DcaHsf genes,D,descriptive_name,,,
subclass A Hsf promoters,D,descriptive_name,,,
Subclass A promoters,D,descriptive_name,,,
subclass A2,D,descriptive_name,,,
subclass A6,D,descriptive_name,,,
subclass III SNF1-related protein kinase 2,D,descriptive_name,,,
subgroup 5 R2R3-MYB genes,D,descriptive_name,,,
subgroup 5 R2R3-MYB transcription factors,D,descriptive_name,,,
subgroup 5 R2R3-MYBs,D,descriptive_name,,,
Subgroup B bZIP TFs,D,descriptive_name,,,
Subgroup transcription factors,D,descriptive_name,,,
subgroup UGT74,D,descriptive_name,,,
subgroup XI bZIP transcription factors,D,descriptive_name,,,
Subgroup XI bZIPs,D,descriptive_name,,,
substrate,D,descriptive_name,,,
substrate oxidases,D,descriptive_name,,,
substrate proteins,D,descriptive_name,,,
substrate-binding domain of HSP70,D,descriptive_name,,,
substrate-binding protein,D,descriptive_name,,,
Subtilisin-chymotrypsin inhibitors,D,descriptive_name,,,
subtilisin-like protease SBT1.9,D,descriptive_name,,,
subtypes h,D,descriptive_name,,,
subtypes o,D,descriptive_name,,,
subunit binding-proteins,D,descriptive_name,,,
subunit β of 3-methylcrotonyl-CoA carboxylase,D,descriptive_name,,,
subunits,D,descriptive_name,,,
Suc-6-PH,D,descriptive_name,,,
Suc-6-PHs,D,descriptive_name,,,
SUC1,C,bare_gene_symbol,,,
SUC2,C,bare_gene_symbol,,,
SUC27,C,bare_gene_symbol,,,
SUC8,C,bare_gene_symbol,,,
SUCA,C,bare_gene_symbol,,,
succinate dehydrogenase,D,descriptive_name,,,
Succinate dehydrogenase (ubiquinone),D,descriptive_name,,,
succinate semialdehyde dehydrogenase,D,descriptive_name,,,
Succinate-CoA ligase,D,descriptive_name,,,
Succinate-CoA ligase (ADP-forming) subunit beta,D,descriptive_name,,,
Succinate-semialdehyde dehydrogenase,D,descriptive_name,,,
succinic semialdehyde dehydrogenase,D,descriptive_name,,,
succinyl CoA ligase,D,descriptive_name,,,
Succinyl-CoA ligase,D,descriptive_name,,,
succinylated enzyme,D,descriptive_name,,,
succinylated protein,D,descriptive_name,,,
succinylated proteins,D,descriptive_name,,,
SUCLG,C,bare_gene_symbol,,,
sucrase,D,descriptive_name,,,
sucrolytic enzyme,D,descriptive_name,,,
sucrolytic enzymes,D,descriptive_name,,,
sucrose 6-phosphate synthase,D,descriptive_name,,,
sucrose 6-phosphate synthase 1,D,descriptive_name,,,
Sucrose degradation genes,D,descriptive_name,,,
sucrose efflux proteins,D,descriptive_name,,,
sucrose invertase,D,descriptive_name,,,
sucrose metabolism enzymes,D,descriptive_name,,,
sucrose non-fermenting 1,D,descriptive_name,,,
Sucrose non-fermenting-1 related protein kinase1,D,descriptive_name,,,
sucrose non-fermenting1,D,descriptive_name,,,
sucrose nonfermenting (SNF) kinases,D,descriptive_name,,,
sucrose phosphate phosphatase,D,descriptive_name,,,
sucrose phosphate synthase,D,descriptive_name,,,
sucrose phosphate synthases,D,descriptive_name,,,
sucrose phosphate synthetase,D,descriptive_name,,,
sucrose symporters,D,descriptive_name,,,
sucrose synthase,D,descriptive_name,,,
Sucrose synthase 2,D,descriptive_name,,,
Sucrose synthase 3,D,descriptive_name,,,
Sucrose synthase 4,D,descriptive_name,,,
Sucrose synthase 6,D,descriptive_name,,,
sucrose synthase enzymes,D,descriptive_name,,,
sucrose synthase gene,D,descriptive_name,,,
sucrose synthase genes,D,descriptive_name,,,
sucrose synthase proteins,D,descriptive_name,,,
sucrose synthases,D,descriptive_name,,,
sucrose synthesis enzyme,D,descriptive_name,,,
sucrose synthesis genes,D,descriptive_name,,,
sucrose transport,D,descriptive_name,,,
sucrose transport and metabolism genes,D,descriptive_name,,,
sucrose transport genes,D,descriptive_name,,,
sucrose transport protein,D,descriptive_name,,,
sucrose transporter,D,descriptive_name,,,
sucrose transporter gene,D,descriptive_name,,,
sucrose transporter genes,D,descriptive_name,,,
sucrose transporter proteins,D,descriptive_name,,,
sucrose transporters,D,descriptive_name,,,
sucrose-6-phosphatase,D,descriptive_name,,,
sucrose-6-phosphate hydrolase,D,descriptive_name,,,
sucrose-6-phosphate hydrolases,D,descriptive_name,,,
sucrose-binding proteins,D,descriptive_name,,,
sucrose-cleaving enzymes,D,descriptive_name,,,
sucrose-controlled upstream open reading frame,D,descriptive_name,,,
sucrose-converting enzymes,D,descriptive_name,,,
sucrose-degrading enzymes,D,descriptive_name,,,
sucrose-metabolizing enzyme,D,descriptive_name,,,
sucrose-metabolizing enzymes,D,descriptive_name,,,
sucrose-nonfermenting kinase1-related protein kinases,D,descriptive_name,,,
sucrose-P-synthase,D,descriptive_name,,,
sucrose-phosphatase,D,descriptive_name,,,
sucrose-phosphate phosphatase,D,descriptive_name,,,
sucrose-phosphate synthase,D,descriptive_name,,,
Sucrose-phosphate synthase 2,D,descriptive_name,,,
sucrose-phosphate synthase genes,D,descriptive_name,,,
sucrose-phosphate-synthase,D,descriptive_name,,,
sucrose-phosphate1,D,descriptive_name,,,
sucrose-proton symporter genes,D,descriptive_name,,,
sucrose-related anabolic enzymes,D,descriptive_name,,,
sucrose-related genes,D,descriptive_name,,,
sucrose:fructan 6-fructosyltransferase,D,descriptive_name,,,
sucrose:sucrose 1-fructosyltransferase,D,descriptive_name,,,
sugar biosynthesis,D,descriptive_name,,,
sugar carrier protein C,D,descriptive_name,,,
sugar metabolic genes,D,descriptive_name,,,
sugar metabolizing enzymes,D,descriptive_name,,,
Sugar phosphate exchangers,D,descriptive_name,,,
sugar transmembrane transporter,D,descriptive_name,,,
sugar transport,D,descriptive_name,,,
sugar transporter,D,descriptive_name,,,
sugar transporter ERD6-6,D,descriptive_name,,,
sugar transporter ERD6-like 3,D,descriptive_name,,,
sugar transporter family protein,D,descriptive_name,,,
sugar transporter family proteins,D,descriptive_name,,,
sugar transporter genes,D,descriptive_name,,,
sugar transporter MST8,D,descriptive_name,,,
Sugar Transporter Proteins,D,descriptive_name,,,
sugar transporters,D,descriptive_name,,,
sugar-1-phosphate guanyl transferase,D,descriptive_name,,,
SUGAR-DEPENDENT1,D,descriptive_name,,,
sugars will eventually be exported transporters,D,descriptive_name,,,
sugary enhancer1,D,descriptive_name,,,
sugary1,D,descriptive_name,,,
sulfate adenylyl transferase,D,descriptive_name,,,
sulfate adenylyltransferase,D,descriptive_name,,,
sulfate assimilation genes,D,descriptive_name,,,
sulfate transport genes,D,descriptive_name,,,
sulfate transporter,D,descriptive_name,,,
sulfate transporter gene,D,descriptive_name,,,
Sulfate transporters,D,descriptive_name,,,
Sulfiredoxin,D,descriptive_name,,,
sulfite oxidase gene,D,descriptive_name,,,
sulfite reductase,D,descriptive_name,,,
sulfotransferase,D,descriptive_name,,,
sulfotransferases,D,descriptive_name,,,
sulfur assimilation enzyme,D,descriptive_name,,,
sulfur assimilation genes,D,descriptive_name,,,
sulfur metabolism enzymes,D,descriptive_name,,,
sulfur metabolism genes,D,descriptive_name,,,
Sulfur transporters,D,descriptive_name,,,
sulfur-assimilatory enzymes,D,descriptive_name,,,
sulfurylase,D,descriptive_name,,,
sulphate transporter,D,descriptive_name,,,
sulphate transporters,D,descriptive_name,,,
sulphite reductase,D,descriptive_name,,,
sulphur transport and assimilation genes,D,descriptive_name,,,
SULTR,C,bare_gene_symbol,,,
SULTR genes,D,descriptive_name,,,
SULTR proteins,D,descriptive_name,,,
SULTR-like transporters,D,descriptive_name,,,
SULTR1;2,D,descriptive_name,,,
SULTR1;3,D,descriptive_name,,,
SULTR2.1,C,bare_gene_symbol,,,
SULTR3;1,D,descriptive_name,,,
SULTR4;1,D,descriptive_name,,,
SULTR4;2,D,descriptive_name,,,
SULTRs,D,descriptive_name,,,
SUMO,C,bare_gene_symbol,,,
SUMO activating E1-enzymes,D,descriptive_name,,,
SUMO conjugating enzyme,D,descriptive_name,,,
SUMO E1 activating enzyme,D,descriptive_name,,,
SUMO E1 activating enzymes,D,descriptive_name,,,
SUMO E1 enzyme,D,descriptive_name,,,
SUMO E2 conjugating enzyme,D,descriptive_name,,,
SUMO E3 ligase,D,descriptive_name,,,
SUMO E3 ligase OsSIZ1,D,descriptive_name,,,
SUMO E3 ligase SIZ1,D,descriptive_name,,,
SUMO E3 ligases,D,descriptive_name,,,
SUMO ligase SIZ1,D,descriptive_name,,,
SUMO protease,D,descriptive_name,,,
SUMO protein,D,descriptive_name,,,
SUMO-activating E1 enzymes,D,descriptive_name,,,
SUMO-protein conjugates,D,descriptive_name,,,
SUMO-protein ligase SIZ1,D,descriptive_name,,,
SUMO-targeted Ub ligases,D,descriptive_name,,,
SUMO1,C,bare_gene_symbol,,,
SUMO1/2,D,descriptive_name,,,
SUMO1/2 conjugates,D,descriptive_name,,,
SUMO2,C,bare_gene_symbol,,,
SUMO3,C,bare_gene_symbol,,,
SUMOs,D,descriptive_name,,,
superfamily,D,descriptive_name,,,
superior alleles,D,descriptive_name,,,
superoxidase dismutase,D,descriptive_name,,,
Superoxide dismotase,D,descriptive_name,,,
superoxide dismutase,D,descriptive_name,,,
superoxide dismutase (SOD) genes,D,descriptive_name,,,
superoxide dismutase copper chaperones,D,descriptive_name,,,
superoxide dismutase enzymes,D,descriptive_name,,,
superoxide dismutase isoform,D,descriptive_name,,,
superoxide dismutases,D,descriptive_name,,,
superoxide-dismutase 3B,D,descriptive_name,,,
suppressor of K+ transport growth defect 1,D,descriptive_name,,,
SUR1,C,bare_gene_symbol,,,
SUR2,C,bare_gene_symbol,,,
SUR4 membrane protein,D,descriptive_name,,,
surfactin,D,descriptive_name,,,
SUS,C,bare_gene_symbol,,,
SUS family enzymes,D,descriptive_name,,,
SUS genes,D,descriptive_name,,,
SUS isoforms,D,descriptive_name,,,
SUS1,C,bare_gene_symbol,,,
SUS2,C,bare_gene_symbol,,,
SUS2-SUS5,D,descriptive_name,,,
SUS3,C,bare_gene_symbol,,,
SUS4,C,bare_gene_symbol,,,
SUS5-S12,D,descriptive_name,,,
SUS6,C,bare_gene_symbol,,,
SUS7,C,bare_gene_symbol,,,
SuSy,D,descriptive_name,,,
SUT,C,bare_gene_symbol,,,
SUT genes,D,descriptive_name,,,
SUT1,C,bare_gene_symbol,,,
SUT2,C,bare_gene_symbol,,,
SUT3,C,bare_gene_symbol,,,
SUT4,C,bare_gene_symbol,,,
SUTs,D,descriptive_name,,,
svr,D,descriptive_name,,,
svr8,D,descriptive_name,,,
svr8-2,D,descriptive_name,,,
SvSHR1,B,species_prefix_Sv,Sv,SHR1,
SvSHR2,B,species_prefix_Sv,Sv,SHR2,
swarming motility protein YbiA-like,D,descriptive_name,,,
SWEET,C,bare_gene_symbol,,,
SWEET proteins,D,descriptive_name,,,
SWEET transporters,D,descriptive_name,,,
SWEET10,C,bare_gene_symbol,,,
SWEET11,C,bare_gene_symbol,,,
SWEET13,C,bare_gene_symbol,,,
SWEET15-like,D,descriptive_name,,,
SWEET16,C,bare_gene_symbol,,,
SWEET17,C,bare_gene_symbol,,,
SWEET2,C,bare_gene_symbol,,,
SWEET2-like,D,descriptive_name,,,
SWEET21,C,bare_gene_symbol,,,
SWEET2b2,C,bare_gene_symbol,,,
SWEET4,C,bare_gene_symbol,,,
SWEET5,C,bare_gene_symbol,,,
SWEETs,D,descriptive_name,,,
syfA,D,descriptive_name,,,
syfR,D,descriptive_name,,,
Syn121,C,bare_gene_symbol,,,
synaptotagmin-like mitochondrial-lipid-binding domains,D,descriptive_name,,,
synthase,D,descriptive_name,,,
synthase enzyme,D,descriptive_name,,,
synthase enzymes,D,descriptive_name,,,
synthase gene,D,descriptive_name,,,
synthase genes,D,descriptive_name,,,
synthases,D,descriptive_name,,,
synthesis,D,descriptive_name,,,
synthesis and response genes,D,descriptive_name,,,
synthesis enzyme,D,descriptive_name,,,
synthesis enzymes,D,descriptive_name,,,
synthesis gene,D,descriptive_name,,,
synthesis genes,D,descriptive_name,,,
synthesis/degradation genes,D,descriptive_name,,,
synthetase,D,descriptive_name,,,
synthetase genes,D,descriptive_name,,,
synthetases,D,descriptive_name,,,
synthetic harpin peptides,D,descriptive_name,,,
synthetic promoters,D,descriptive_name,,,
SYP121,C,bare_gene_symbol,,,
syrF,D,descriptive_name,,,
syrG,D,descriptive_name,,,
sysr1,D,descriptive_name,,,
system xc−,D,descriptive_name,,,
system xc− amino acid antiporter,D,descriptive_name,,,
system xc− cystine/glutamate antiporter,D,descriptive_name,,,
system xc− genes,D,descriptive_name,,,
systemin receptor SR160,D,descriptive_name,,,
SZF1,C,bare_gene_symbol,,,
SZF2,C,bare_gene_symbol,,,
T alleles,D,descriptive_name,,,
T-AOC,D,descriptive_name,,,
T-DNA,D,descriptive_name,,,
T-EG,D,descriptive_name,,,
T-SOD,D,descriptive_name,,,
T-XY,D,descriptive_name,,,
t1 PKS,D,descriptive_name,,,
T10βH,D,descriptive_name,,,
T13αH,D,descriptive_name,,,
T1G11.7,C,bare_gene_symbol,,,
T5H,C,bare_gene_symbol,,,
T5αH,D,descriptive_name,,,
T6P phosphatase,D,descriptive_name,,,
T6P synthase,D,descriptive_name,,,
T6PP,C,bare_gene_symbol,,,
Ta#S16227636,D,descriptive_name,,,
TAA,C,bare_gene_symbol,,,
TAA family,D,descriptive_name,,,
TAA family amino transferases,D,descriptive_name,,,
TAA/TRAs,D,descriptive_name,,,
TAA1,C,bare_gene_symbol,,,
TAA1/TAR family,D,descriptive_name,,,
TAA1::GFP-TAA1,D,descriptive_name,,,
TaABC1,B,species_prefix_Ta,Ta,ABC1,
TaABC1K3,B,species_prefix_Ta,Ta,ABC1K3,
TaABCB1,B,species_prefix_Ta,Ta,ABCB1,
TaABCB19,B,species_prefix_Ta,Ta,ABCB19,
TaABF5b,B,species_prefix_Ta,Ta,ABF5b,
TaACA genes,D,descriptive_name,,,
TaACA2,B,species_prefix_Ta,Ta,ACA2,
TaACA3,B,species_prefix_Ta,Ta,ACA3,
TaACA3-A,B,species_prefix_Ta,Ta,ACA3-A,
TaACO enzymes,D,descriptive_name,,,
TaACO gene promoters,D,descriptive_name,,,
TaACO genes,D,descriptive_name,,,
TaACO promoters,D,descriptive_name,,,
TaACO proteins,D,descriptive_name,,,
TaACO12,B,species_prefix_Ta,Ta,ACO12,
TaACO5,B,species_prefix_Ta,Ta,ACO5,
TaACO6,B,species_prefix_Ta,Ta,ACO6,
TaACO7,B,species_prefix_Ta,Ta,ACO7,
TaACOs,B,species_prefix_Ta,Ta,ACOs,
TaADF16,B,species_prefix_Ta,Ta,ADF16,
TaAFP-2D,B,species_prefix_Ta,Ta,AFP-2D,
TaAFR,B,species_prefix_Ta,Ta,AFR,
TaAFR coding sequence,D,descriptive_name,,,
TaAFR gene,D,descriptive_name,,,
TaAFR-GFP fusion protein,D,descriptive_name,,,
TaAOS,B,species_prefix_Ta,Ta,AOS,
TaAPX,B,species_prefix_Ta,Ta,APX,
TaAQP8,B,species_prefix_Ta,Ta,AQP8,
TaARF4,B,species_prefix_Ta,Ta,ARF4,
TaARF5,B,species_prefix_Ta,Ta,ARF5,
TaARFA1,B,species_prefix_Ta,Ta,ARFA1,
TaARL2,B,species_prefix_Ta,Ta,ARL2,
TaASN1,B,species_prefix_Ta,Ta,ASN1,
TaASN1-4,B,species_prefix_Ta,Ta,ASN1-4,
TaASN2,B,species_prefix_Ta,Ta,ASN2,
TaASN2 gene,D,descriptive_name,,,
TaB2,C,bare_gene_symbol,,,
TaB2 protein,D,descriptive_name,,,
TaBCAT,B,species_prefix_Ta,Ta,BCAT,
TaBLH4-D,B,species_prefix_Ta,Ta,BLH4-D,
TaBRI1,B,species_prefix_Ta,Ta,BRI1,
TabZIP,B,species_prefix_Tab,Tab,ZIP,
TabZIP15,B,species_prefix_Tab,Tab,ZIP15,
TaBZR2,B,species_prefix_Ta,Ta,BZR2,
TaC4H,B,species_prefix_Ta,Ta,C4H,
TaCAT,B,species_prefix_Ta,Ta,CAT,
TaCAT2,B,species_prefix_Ta,Ta,CAT2,
TaCBL4,B,species_prefix_Ta,Ta,CBL4,
TaCDPK21,B,species_prefix_Ta,Ta,CDPK21,
TaCHLase,B,species_prefix_Ta,Ta,CHLase,
TaCHLI,B,species_prefix_Ta,Ta,CHLI,
TaCIPK14,B,species_prefix_Ta,Ta,CIPK14,
TaCIPK23,B,species_prefix_Ta,Ta,CIPK23,
TaCIPK5,B,species_prefix_Ta,Ta,CIPK5,
TaCNGC14,B,species_prefix_Ta,Ta,CNGC14,
TaCNGC16,B,species_prefix_Ta,Ta,CNGC16,
TaCOBL6A2,B,species_prefix_Ta,Ta,COBL6A2,
TaCOBL6A2 gene,D,descriptive_name,,,
TaCOBL6A2 protein,D,descriptive_name,,,
TaCPD1,B,species_prefix_Ta,Ta,CPD1,
TaCPD90C1,B,species_prefix_Ta,Ta,CPD90C1,
TaCRK,B,species_prefix_Ta,Ta,CRK,
TaCRK gene family,D,descriptive_name,,,
TaCRK genes,D,descriptive_name,,,
TaCS,D,descriptive_name,,,
TaCYP51,B,species_prefix_Ta,Ta,CYP51,
TaCYP81D5,B,species_prefix_Ta,Ta,CYP81D5,
TaDREB3-A1,B,species_prefix_Ta,Ta,DREB3-A1,
TaDWARF4,B,species_prefix_Ta,Ta,DWARF4,
tae-miR1122b-3p,D,descriptive_name,,,
tae-miR1127a,D,descriptive_name,,,
tae-miR167c-5p,D,descriptive_name,,,
tae-miR408_L-1,D,descriptive_name,,,
tae-miR5175-5p,D,descriptive_name,,,
tae-miR5200,D,descriptive_name,,,
tae-miR5384-3p,D,descriptive_name,,,
tae-miR9666b-3p,D,descriptive_name,,,
TaeIF2α,D,descriptive_name,,,
TaERD15-like,B,species_prefix_Ta,Ta,ERD15-like,
TaEREBP1-L,B,species_prefix_Ta,Ta,EREBP1-L,
TaERF3,B,species_prefix_Ta,Ta,ERF3,
TaExp 2,D,descriptive_name,,,
TaExp A4,D,descriptive_name,,,
TaExp A6(a),D,descriptive_name,,,
TaEXPA2,B,species_prefix_Ta,Ta,EXPA2,
TaEXPB23,B,species_prefix_Ta,Ta,EXPB23,
TaFBA1,B,species_prefix_Ta,Ta,FBA1,
TaFBK,B,species_prefix_Ta,Ta,FBK,
TaFBK34,B,species_prefix_Ta,Ta,FBK34,
TaFBK34-OE,B,species_prefix_Ta,Ta,FBK34-OE,
TaFBK34-RNAi,B,species_prefix_Ta,Ta,FBK34-RNAi,
TaFBR1,B,species_prefix_Ta,Ta,FBR1,
TaFBR2,B,species_prefix_Ta,Ta,FBR2,
TaFBR3,B,species_prefix_Ta,Ta,FBR3,
TaFER-5B,B,species_prefix_Ta,Ta,FER-5B,
TaFER-5B gene,D,descriptive_name,,,
TaFKBP family,D,descriptive_name,,,
TaFKBP gene family,D,descriptive_name,,,
TaFKBP genes,D,descriptive_name,,,
TaFKBP73,B,species_prefix_Ta,Ta,FKBP73,
TaFKBPs,B,species_prefix_Ta,Ta,FKBPs,
TaFKOR23,B,species_prefix_Ta,Ta,FKOR23,
TAG biosynthesis genes,D,descriptive_name,,,
TAG1,C,bare_gene_symbol,,,
TaGA20ox1,B,species_prefix_Ta,Ta,GA20ox1,
TaGalSyn,B,species_prefix_Ta,Ta,GalSyn,
TaGAMYB1,B,species_prefix_Ta,Ta,GAMYB1,
TaGASR1,B,species_prefix_Ta,Ta,GASR1,
TaGCN2,B,species_prefix_Ta,Ta,GCN2,
TAGL11,C,bare_gene_symbol,,,
TaGLYI,B,species_prefix_Ta,Ta,GLYI,
TaGolS,B,species_prefix_Ta,Ta,GolS,
TaGolS1,B,species_prefix_Ta,Ta,GolS1,
TaGolS2,B,species_prefix_Ta,Ta,GolS2,
TaGR,D,descriptive_name,,,
TaGT,D,descriptive_name,,,
TaHPX,B,species_prefix_Ta,Ta,HPX,
TaHsf class C members,D,descriptive_name,,,
TaHsfA1,B,species_prefix_Ta,Ta,HsfA1,
TaHsfA1 subclass,D,descriptive_name,,,
TaHsfA1s,B,species_prefix_Ta,Ta,HsfA1s,
TaHsfA2-1,B,species_prefix_Ta,Ta,HsfA2-1,
TaHsfA2-10,B,species_prefix_Ta,Ta,HsfA2-10,
TaHsfA2-13,B,species_prefix_Ta,Ta,HsfA2-13,
TaHSFA2d,B,species_prefix_Ta,Ta,HSFA2d,
TaHsfA2e-5D,B,species_prefix_Ta,Ta,HsfA2e-5D,
TaHsfA2h,B,species_prefix_Ta,Ta,HsfA2h,
TaHsfA3,B,species_prefix_Ta,Ta,HsfA3,
TaHsfA4,B,species_prefix_Ta,Ta,HsfA4,
TaHsfA4a,B,species_prefix_Ta,Ta,HsfA4a,
TaHSFA6f,B,species_prefix_Ta,Ta,HSFA6f,
TaHsfA7b,B,species_prefix_Ta,Ta,HsfA7b,
TaHsfAs,B,species_prefix_Ta,Ta,HsfAs,
TaHsfB1s,B,species_prefix_Ta,Ta,HsfB1s,
TaHsfB2d,B,species_prefix_Ta,Ta,HsfB2d,
TaHsfC2-2,B,species_prefix_Ta,Ta,HsfC2-2,
TaHsfC2-3,B,species_prefix_Ta,Ta,HsfC2-3,
TaHsfC2-4,B,species_prefix_Ta,Ta,HsfC2-4,
TaHsfC2a,B,species_prefix_Ta,Ta,HsfC2a,
TaHSFC2A-B,B,species_prefix_Ta,Ta,HSFC2A-B,
TaHsfC3,B,species_prefix_Ta,Ta,HsfC3,
TaHsfC3 subclass,D,descriptive_name,,,
TaHsfC3-4,B,species_prefix_Ta,Ta,HsfC3-4,
TaHsfCs,B,species_prefix_Ta,Ta,HsfCs,
TaHsfs,B,species_prefix_Ta,Ta,Hsfs,
TaHsp17,B,species_prefix_Ta,Ta,Hsp17,
TaHSP17.6,D,descriptive_name,,,
TaHSP18.6,D,descriptive_name,,,
TaHSP70d,B,species_prefix_Ta,Ta,HSP70d,
TaHSP90-2,B,species_prefix_Ta,Ta,HSP90-2,
TaIAA1,B,species_prefix_Ta,Ta,IAA1,
TaIRO2.6,D,descriptive_name,,,
TaKNOX11,B,species_prefix_Ta,Ta,KNOX11,
TAL,C,bare_gene_symbol,,,
TaL-LecRLK gene family,D,descriptive_name,,,
TaL-LecRLK genes,D,descriptive_name,,,
TaL-LecRLKs,D,descriptive_name,,,
TALE,C,bare_gene_symbol,,,
TALE genes,D,descriptive_name,,,
TaLEA,B,species_prefix_Ta,Ta,LEA,
TaLEA gene family,D,descriptive_name,,,
TaLEA gene promoters,D,descriptive_name,,,
TaLEA genes,D,descriptive_name,,,
TaLEA promoters,D,descriptive_name,,,
TaLEA proteins,D,descriptive_name,,,
TaLEA_3-8,D,descriptive_name,,,
TaLecRLK35-3D,B,species_prefix_Ta,Ta,LecRLK35-3D,
TaLecRLK39-3D,B,species_prefix_Ta,Ta,LecRLK39-3D,
TaLecRLK67-6B,B,species_prefix_Ta,Ta,LecRLK67-6B,
TaLecRLK67-6D,B,species_prefix_Ta,Ta,LecRLK67-6D,
TaLecRLK78-7B,B,species_prefix_Ta,Ta,LecRLK78-7B,
TALEs,D,descriptive_name,,,
TaLOX,B,species_prefix_Ta,Ta,LOX,
TaLTP3,B,species_prefix_Ta,Ta,LTP3,
TaMAPKKK18-like,B,species_prefix_Ta,Ta,MAPKKK18-like,
TaMIOXA,B,species_prefix_Ta,Ta,MIOXA,
TaMIOXA gene,D,descriptive_name,,,
TaMIPS genes,D,descriptive_name,,,
TaMIPS-B,B,species_prefix_Ta,Ta,MIPS-B,
TamiR159,C,bare_gene_symbol,,,
tAmSOD2,D,descriptive_name,,,
TaMYB79,B,species_prefix_Ta,Ta,MYB79,
TaMYB80,B,species_prefix_Ta,Ta,MYB80,
TaMYB82,B,species_prefix_Ta,Ta,MYB82,
TaMYB83,B,species_prefix_Ta,Ta,MYB83,
TaNAC019,B,species_prefix_Ta,Ta,NAC019,
TaNAC2L,B,species_prefix_Ta,Ta,NAC2L,
TaNAS1,B,species_prefix_Ta,Ta,NAS1,
TaNAS2,B,species_prefix_Ta,Ta,NAS2,
TaNCED2b,B,species_prefix_Ta,Ta,NCED2b,
TaoMTi,B,species_prefix_Tao,Tao,MTi,
TAOPr3,C,bare_gene_symbol,,,
TaP5CS1,B,species_prefix_Ta,Ta,P5CS1,
TaPAL,B,species_prefix_Ta,Ta,PAL,
TaPAL33,B,species_prefix_Ta,Ta,PAL33,
TaPao,B,species_prefix_Ta,Ta,Pao,
TaPAO genes,D,descriptive_name,,,
TaPAOs,B,species_prefix_Ta,Ta,PAOs,
TapAPX,B,species_prefix_Tap,Tap,APX,
TaPer46,B,species_prefix_Ta,Ta,Per46,
TaPer64,B,species_prefix_Ta,Ta,Per64,
tapetum cell wall-bound invertase,D,descriptive_name,,,
TaPIE1,B,species_prefix_Ta,Ta,PIE1,
TaPIMP1,B,species_prefix_Ta,Ta,PIMP1,
TaPIP2;10,D,descriptive_name,,,
TaPIP2;10 protein,D,descriptive_name,,,
TaPIP5K,B,species_prefix_Ta,Ta,PIP5K,
TaPLC1-2B,B,species_prefix_Ta,Ta,PLC1-2B,
TaPOD,B,species_prefix_Ta,Ta,POD,
TaPOD4,B,species_prefix_Ta,Ta,POD4,
TaPP2C1,B,species_prefix_Ta,Ta,PP2C1,
TaPR1,B,species_prefix_Ta,Ta,PR1,
TaPR1.1,D,descriptive_name,,,
TaPR2,B,species_prefix_Ta,Ta,PR2,
TaPRX-2A,B,species_prefix_Ta,Ta,PRX-2A,
TaPSY,B,species_prefix_Ta,Ta,PSY,
TaPSY1,B,species_prefix_Ta,Ta,PSY1,
TaPSY1-3,B,species_prefix_Ta,Ta,PSY1-3,
TaPSY2,B,species_prefix_Ta,Ta,PSY2,
TaPSY3,B,species_prefix_Ta,Ta,PSY3,
tAPX,D,descriptive_name,,,
TaPYL4,B,species_prefix_Ta,Ta,PYL4,
TaPYL4-2A,B,species_prefix_Ta,Ta,PYL4-2A,
TAR,C,bare_gene_symbol,,,
TAR enzymes,D,descriptive_name,,,
TAR1,C,bare_gene_symbol,,,
TAR1-A,D,descriptive_name,,,
TAR2a,D,descriptive_name,,,
TAR2b,D,descriptive_name,,,
TaRAN1,B,species_prefix_Ta,Ta,RAN1,
TaRAV1,B,species_prefix_Ta,Ta,RAV1,
TARC-box,D,descriptive_name,,,
target genes,D,descriptive_name,,,
target mimics,D,descriptive_name,,,
target of rapamycin,D,descriptive_name,,,
target proteins,D,descriptive_name,,,
TaRPM1,B,species_prefix_Ta,Ta,RPM1,
TaRPM1 gene,D,descriptive_name,,,
TaRR,D,descriptive_name,,,
TaRR1,B,species_prefix_Ta,Ta,RR1,
TaRR4,B,species_prefix_Ta,Ta,RR4,
TaRR9,B,species_prefix_Ta,Ta,RR9,
TAS14,C,bare_gene_symbol,,,
TAS14-like,D,descriptive_name,,,
TAS4,C,bare_gene_symbol,,,
TaSAUR32,B,species_prefix_Ta,Ta,SAUR32,
TaSAUR71,B,species_prefix_Ta,Ta,SAUR71,
TaSDIR1-4A,B,species_prefix_Ta,Ta,SDIR1-4A,
TaSERK,B,species_prefix_Ta,Ta,SERK,
TaSGR,B,species_prefix_Ta,Ta,SGR,
tasiRNA ARF,D,descriptive_name,,,
TaSMP1,B,species_prefix_Ta,Ta,SMP1,
TaSnRK2-2D,B,species_prefix_Ta,Ta,SnRK2-2D,
TaSOD,B,species_prefix_Ta,Ta,SOD,
TaSRT1,B,species_prefix_Ta,Ta,SRT1,
TaSTP6,B,species_prefix_Ta,Ta,STP6,
TaSultr1;3,D,descriptive_name,,,
TaSUMO1,B,species_prefix_Ta,Ta,SUMO1,
TaSUT1,B,species_prefix_Ta,Ta,SUT1,
TaSWEET,B,species_prefix_Ta,Ta,SWEET,
TAT,C,bare_gene_symbol,,,
TATC,C,bare_gene_symbol,,,
TATC box,D,descriptive_name,,,
TATC-box,D,descriptive_name,,,
TATC-box elements,D,descriptive_name,,,
TaTIFY 11e-like,D,descriptive_name,,,
TaTIFY10A,B,species_prefix_Ta,Ta,TIFY10A,
Tau class GSTs,D,descriptive_name,,,
TaVQ25-A,B,species_prefix_Ta,Ta,VQ25-A,
TaVRN-B2,B,species_prefix_Ta,Ta,VRN-B2,
TaVRN2,B,species_prefix_Ta,Ta,VRN2,
TaWRKY-33,B,species_prefix_Ta,Ta,WRKY-33,
TaWRKY1,B,species_prefix_Ta,Ta,WRKY1,
TaWRKY10,B,species_prefix_Ta,Ta,WRKY10,
TaWRKY133,B,species_prefix_Ta,Ta,WRKY133,
TaWRKY19,B,species_prefix_Ta,Ta,WRKY19,
TaWRKY2,B,species_prefix_Ta,Ta,WRKY2,
TaWRKY26,B,species_prefix_Ta,Ta,WRKY26,
TaWRKY29,B,species_prefix_Ta,Ta,WRKY29,
TaWRKY31,B,species_prefix_Ta,Ta,WRKY31,
TaWRKY33,B,species_prefix_Ta,Ta,WRKY33,
TaWRKY39,B,species_prefix_Ta,Ta,WRKY39,
TaWRKY44,B,species_prefix_Ta,Ta,WRKY44,
TaWRKY49,B,species_prefix_Ta,Ta,WRKY49,
TaWRKY62,B,species_prefix_Ta,Ta,WRKY62,
TaWRKY70,B,species_prefix_Ta,Ta,WRKY70,
TaWRKY93,B,species_prefix_Ta,Ta,WRKY93,
Taxadien-5alpha-ol-O-acetyltransferase,D,descriptive_name,,,
taxadiene synthase,D,descriptive_name,,,
Taxane-10beta-hydroxylase,D,descriptive_name,,,
Taxane-13alpha-hydroxylase,D,descriptive_name,,,
Taxane-5alpha-hydroxylase,D,descriptive_name,,,
TaZnF,B,species_prefix_Ta,Ta,ZnF,
TbCSB,B,species_prefix_Tb,Tb,CSB,
TBF1,C,bare_gene_symbol,,,
TBL acetyl transferases,D,descriptive_name,,,
TBL29,C,bare_gene_symbol,,,
TBL32,C,bare_gene_symbol,,,
TBL33,C,bare_gene_symbol,,,
TBP-1,D,descriptive_name,,,
TBS clients,D,descriptive_name,,,
TBS proteins,D,descriptive_name,,,
TBT,C,bare_gene_symbol,,,
TC,E,noise_too_short,,,
TC13606,C,bare_gene_symbol,,,
TC16578,C,bare_gene_symbol,,,
TC171720,C,bare_gene_symbol,,,
TC176475,C,bare_gene_symbol,,,
TC17789,C,bare_gene_symbol,,,
TC178310,C,bare_gene_symbol,,,
TC182989,C,bare_gene_symbol,,,
TC247852,C,bare_gene_symbol,,,
TC248890,C,bare_gene_symbol,,,
TC249150,C,bare_gene_symbol,,,
TC251180,C,bare_gene_symbol,,,
TC251457,C,bare_gene_symbol,,,
TC258155,C,bare_gene_symbol,,,
TC259179,C,bare_gene_symbol,,,
TC259180,C,bare_gene_symbol,,,
TC261534,C,bare_gene_symbol,,,
TC263499,C,bare_gene_symbol,,,
TC263586,C,bare_gene_symbol,,,
TC268744,C,bare_gene_symbol,,,
TC270445,C,bare_gene_symbol,,,
TC270625,C,bare_gene_symbol,,,
TC271423,C,bare_gene_symbol,,,
TC4318,C,bare_gene_symbol,,,
TCA,C,bare_gene_symbol,,,
TCA cis-element,D,descriptive_name,,,
TCA cycle enzymes,D,descriptive_name,,,
TCA element,D,descriptive_name,,,
TCA elements,D,descriptive_name,,,
TCA motifs,D,descriptive_name,,,
TCA responsive elements,D,descriptive_name,,,
TCA-element,D,descriptive_name,,,
TCA-element cis-acting regulatory elements,D,descriptive_name,,,
TCA-elements,D,descriptive_name,,,
TCA-related enzyme,D,descriptive_name,,,
TCA-related enzymes,D,descriptive_name,,,
tcc-miR167c,D,descriptive_name,,,
TCD3,C,bare_gene_symbol,,,
TCH2,C,bare_gene_symbol,,,
TCH4,C,bare_gene_symbol,,,
TCH4 genes,D,descriptive_name,,,
TcMYB29a,B,species_prefix_Tc,Tc,MYB29a,
TCP,C,bare_gene_symbol,,,
TCP gene family,D,descriptive_name,,,
TCP genes,D,descriptive_name,,,
TCP protein subfamilies,D,descriptive_name,,,
TCP proteins,D,descriptive_name,,,
TCP transcription factor family,D,descriptive_name,,,
TCP transcription factor proteins,D,descriptive_name,,,
TCP transcription factors,D,descriptive_name,,,
TCP13,C,bare_gene_symbol,,,
TCP14,C,bare_gene_symbol,,,
TCP15,C,bare_gene_symbol,,,
TCP17,C,bare_gene_symbol,,,
TCP4,C,bare_gene_symbol,,,
TCP5,C,bare_gene_symbol,,,
TCS,C,bare_gene_symbol,,,
TCSn::GFP,D,descriptive_name,,,
TCTP,C,bare_gene_symbol,,,
TCTP proteins,D,descriptive_name,,,
TCTPs,D,descriptive_name,,,
TD2,C,bare_gene_symbol,,,
TDC,C,bare_gene_symbol,,,
TDF A04A09,D,descriptive_name,,,
TDH2/3,D,descriptive_name,,,
TDIF,C,bare_gene_symbol,,,
TDR,C,bare_gene_symbol,,,
TDR/PXY peptides,D,descriptive_name,,,
TDX,C,bare_gene_symbol,,,
TE,E,noise_too_short,,,
tea MYB transcription factors,D,descriptive_name,,,
tea transcription factors,D,descriptive_name,,,
TEF1,C,bare_gene_symbol,,,
TEF1-alpha,D,descriptive_name,,,
tef1-α,D,descriptive_name,,,
temperature targeting factors,D,descriptive_name,,,
temperature-induced lipocalin,D,descriptive_name,,,
TEMPERATURE-INDUCED LIPOCALIN-1,D,descriptive_name,,,
temperature-induced lipocalins,D,descriptive_name,,,
temperature-responsive DEGs,D,descriptive_name,,,
temperature-sensitive alleles,D,descriptive_name,,,
ten-eleven translocation enzymes,D,descriptive_name,,,
tepR,D,descriptive_name,,,
TER,C,bare_gene_symbol,,,
TERF1,C,bare_gene_symbol,,,
terminal oxidase,D,descriptive_name,,,
terminal oxidases,D,descriptive_name,,,
terpene biosynthesis genes,D,descriptive_name,,,
Terpene cyclase,D,descriptive_name,,,
terpene synthase,D,descriptive_name,,,
terpene synthase (TPS) gene family,D,descriptive_name,,,
terpene synthase 04,D,descriptive_name,,,
terpene synthase 11,D,descriptive_name,,,
terpene synthase 14,D,descriptive_name,,,
terpene synthase 21,D,descriptive_name,,,
Terpene Synthase b,D,descriptive_name,,,
terpene synthase clusters,D,descriptive_name,,,
terpene synthase cyclase,D,descriptive_name,,,
terpene synthase gene,D,descriptive_name,,,
terpene synthase gene family,D,descriptive_name,,,
terpene synthase genes,D,descriptive_name,,,
terpene synthases,D,descriptive_name,,,
terpene-related genes,D,descriptive_name,,,
terpenoid-related genes,D,descriptive_name,,,
TET8,C,bare_gene_symbol,,,
tetrapyrrole binding genes,D,descriptive_name,,,
tetrapyrrole biosynthesis proteins,D,descriptive_name,,,
TEV-TSTNIa2,D,descriptive_name,,,
TEV-TSTNIa5,D,descriptive_name,,,
TF,E,noise_too_short,,,
TF1 pathogenesis-related transcriptional factor,D,descriptive_name,,,
TFIID subunit 11,D,descriptive_name,,,
TFIIIA motif,D,descriptive_name,,,
TFL1,C,bare_gene_symbol,,,
TFs,D,descriptive_name,,,
TGA,C,bare_gene_symbol,,,
TGA bZIP proteins,D,descriptive_name,,,
TGA element,D,descriptive_name,,,
TGA elements,D,descriptive_name,,,
TGA factors,D,descriptive_name,,,
TGA family,D,descriptive_name,,,
TGA gene,D,descriptive_name,,,
TGA motifs,D,descriptive_name,,,
TGA proteins,D,descriptive_name,,,
TGA response element,D,descriptive_name,,,
TGA transcription factors,D,descriptive_name,,,
TGA translators,D,descriptive_name,,,
TGA transporters,D,descriptive_name,,,
TGA-box,D,descriptive_name,,,
TGA-box elements,D,descriptive_name,,,
TGA-core elements,D,descriptive_name,,,
TGA-element,D,descriptive_name,,,
TGA-elements,D,descriptive_name,,,
TGA1,C,bare_gene_symbol,,,
TGA1A,C,bare_gene_symbol,,,
TGA2,C,bare_gene_symbol,,,
TGA2.3,C,bare_gene_symbol,,,
TGA21,C,bare_gene_symbol,,,
TGA5,C,bare_gene_symbol,,,
TGA6,C,bare_gene_symbol,,,
TGA7,C,bare_gene_symbol,,,
TGACG,C,bare_gene_symbol,,,
TGACG motifs,D,descriptive_name,,,
TGACG-motif,D,descriptive_name,,,
TGACG-motifs,D,descriptive_name,,,
TGAelement,D,descriptive_name,,,
TGAs,D,descriptive_name,,,
TgBi,D,descriptive_name,,,
TGD,C,bare_gene_symbol,,,
TGD1,C,bare_gene_symbol,,,
TGD1 protein,D,descriptive_name,,,
TGD1-5,D,descriptive_name,,,
TGD1/2/3,D,descriptive_name,,,
TGD4,C,bare_gene_symbol,,,
TGD4/5,D,descriptive_name,,,
TGDs,D,descriptive_name,,,
TGG1,C,bare_gene_symbol,,,
tgg1 tgg2 mutants,D,descriptive_name,,,
TGG2,C,bare_gene_symbol,,,
TgHsp1,B,species_prefix_Tg,Tg,Hsp1,
TgHsp1-3,B,species_prefix_Tg,Tg,Hsp1-3,
TgHsp2,B,species_prefix_Tg,Tg,Hsp2,
TgHsp3,B,species_prefix_Tg,Tg,Hsp3,
TGL,C,bare_gene_symbol,,,
TGL enzymes,D,descriptive_name,,,
TGLs,D,descriptive_name,,,
TgMYB1-4,B,species_prefix_Tg,Tg,MYB1-4,
TgMYB2-4,B,species_prefix_Tg,Tg,MYB2-4,
TH1,C,bare_gene_symbol,,,
thalianol synthase 1,D,descriptive_name,,,
THAS1,C,bare_gene_symbol,,,
thaumatin-like protein,D,descriptive_name,,,
thaumatin-like proteins,D,descriptive_name,,,
ThCRF1,B,species_prefix_Th,Th,CRF1,
ThDREB,B,species_prefix_Th,Th,DREB,
theanine synthase,D,descriptive_name,,,
theobromine synthase,D,descriptive_name,,,
Theobromine synthase 2-like,D,descriptive_name,,,
thermal response genes,D,descriptive_name,,,
thermolysin,D,descriptive_name,,,
thermophilic proteins,D,descriptive_name,,,
thermospermine synthase,D,descriptive_name,,,
thermostable cell wall degrading enzymes,D,descriptive_name,,,
thermostable starch synthase,D,descriptive_name,,,
thermotolerance genes,D,descriptive_name,,,
THESEUS1,C,bare_gene_symbol,,,
ThHSFA1,B,species_prefix_Th,Th,HSFA1,
THI,C,bare_gene_symbol,,,
THI1,C,bare_gene_symbol,,,
THI1 biosynthesis protein,D,descriptive_name,,,
THI1 proteins,D,descriptive_name,,,
thiamine biosynthesis protein ThiC,D,descriptive_name,,,
thiamine biosynthetic bifunctional enzyme,D,descriptive_name,,,
Thiamine biosynthetic bifunctional enzyme BTH1,D,descriptive_name,,,
thiamine pyrophosphokinase,D,descriptive_name,,,
thiamine thiazole synthase,D,descriptive_name,,,
THIAMINE THIAZOLE SYNTHASE 1,D,descriptive_name,,,
thiamine thiazole synthase 2,D,descriptive_name,,,
THIAMINE1,C,bare_gene_symbol,,,
Thiazole biosynthetic enzyme,D,descriptive_name,,,
THIC,C,bare_gene_symbol,,,
THIC gene,D,descriptive_name,,,
thioesterase,D,descriptive_name,,,
thioesterases,D,descriptive_name,,,
thioglucosidase,D,descriptive_name,,,
thiol-based peroxidase,D,descriptive_name,,,
thiolase,D,descriptive_name,,,
thiolase enzyme,D,descriptive_name,,,
thioltransferases,D,descriptive_name,,,
Thionin,D,descriptive_name,,,
thionin 2.1,D,descriptive_name,,,
thiopeptide-terpene gene cluster,D,descriptive_name,,,
thioredoxin,D,descriptive_name,,,
thioredoxin h,D,descriptive_name,,,
thioredoxin M4,D,descriptive_name,,,
thioredoxin operon,D,descriptive_name,,,
thioredoxin reductase,D,descriptive_name,,,
thioredoxin-encoding DEGs,D,descriptive_name,,,
thioredoxin-like protein 1,D,descriptive_name,,,
thioredoxins,D,descriptive_name,,,
third EF-hand,D,descriptive_name,,,
Thl1ch,D,descriptive_name,,,
threonine aldolase,D,descriptive_name,,,
threonine deaminase,D,descriptive_name,,,
threonine dehydratase,D,descriptive_name,,,
Threonine metabolism genes,D,descriptive_name,,,
threonine synthase,D,descriptive_name,,,
THs,D,descriptive_name,,,
THT,C,bare_gene_symbol,,,
ThWRKY4,B,species_prefix_Th,Th,WRKY4,
thylakoid enzymes,D,descriptive_name,,,
thylakoid membrane proteins,D,descriptive_name,,,
thylakoid-localized proteins,D,descriptive_name,,,
thylakoidal ascorbate peroxidase,D,descriptive_name,,,
thymidine kinase,D,descriptive_name,,,
Thyroglobulin,D,descriptive_name,,,
Tic21,C,bare_gene_symbol,,,
TIC55,C,bare_gene_symbol,,,
TIF1,C,bare_gene_symbol,,,
TIFY,C,bare_gene_symbol,,,
TIFY 9 gene,D,descriptive_name,,,
TIFY domain containing protein,D,descriptive_name,,,
TIFY gene family,D,descriptive_name,,,
TIFY genes,D,descriptive_name,,,
TIFY proteins,D,descriptive_name,,,
TIFY/JAZ domain proteins,D,descriptive_name,,,
TIFY/JAZ domain-containing transcriptional repressors,D,descriptive_name,,,
TIFY10A,C,bare_gene_symbol,,,
TIFY11B,C,bare_gene_symbol,,,
TIFY5,C,bare_gene_symbol,,,
TIFY6B,C,bare_gene_symbol,,,
TIFY8 gene,D,descriptive_name,,,
TIL,C,bare_gene_symbol,,,
TIL protein,D,descriptive_name,,,
TIL1,C,bare_gene_symbol,,,
Tiller Enhancer,D,descriptive_name,,,
TILs,D,descriptive_name,,,
TIMP core domain,D,descriptive_name,,,
TIN1,C,bare_gene_symbol,,,
TIP,C,bare_gene_symbol,,,
TIP genes,D,descriptive_name,,,
TIP1,C,bare_gene_symbol,,,
TIP1-1,D,descriptive_name,,,
TIP1-3,D,descriptive_name,,,
TIP2-1,D,descriptive_name,,,
TIP2;1,D,descriptive_name,,,
TIP3,C,bare_gene_symbol,,,
TIP3 protein,D,descriptive_name,,,
TIP3;1,D,descriptive_name,,,
tip3;1/tip3;2,D,descriptive_name,,,
TIP3;2,D,descriptive_name,,,
TIP41,C,bare_gene_symbol,,,
TIP4;1,D,descriptive_name,,,
TIPs,D,descriptive_name,,,
TIR,C,bare_gene_symbol,,,
TIR1,C,bare_gene_symbol,,,
tir1-1,D,descriptive_name,,,
tir1-1afb2-3afb3-4,D,descriptive_name,,,
TIR1-like receptors,D,descriptive_name,,,
TIR1-VENUS,D,descriptive_name,,,
TIR1/AFB,D,descriptive_name,,,
TIR1/AFB genes,D,descriptive_name,,,
TIR1/AFB ligases,D,descriptive_name,,,
TIR1/AFB receptors,D,descriptive_name,,,
TIR1:Venus,D,descriptive_name,,,
TIR2,C,bare_gene_symbol,,,
TIRI,C,bare_gene_symbol,,,
TIV1,C,bare_gene_symbol,,,
TK,E,noise_too_short,,,
TkDREB2,B,species_prefix_Tk,Tk,DREB2,
TKPR1,C,bare_gene_symbol,,,
TkWRKY gene,D,descriptive_name,,,
TkWRKY gene family,D,descriptive_name,,,
TkWRKY genes,D,descriptive_name,,,
TkWRKY promoters,D,descriptive_name,,,
TkWRKY10,B,species_prefix_Tk,Tk,WRKY10,
TkWRKY13,B,species_prefix_Tk,Tk,WRKY13,
TkWRKY18,B,species_prefix_Tk,Tk,WRKY18,
TkWRKY21,B,species_prefix_Tk,Tk,WRKY21,
TkWRKY23,B,species_prefix_Tk,Tk,WRKY23,
TkWRKY27,B,species_prefix_Tk,Tk,WRKY27,
TkWRKY38,B,species_prefix_Tk,Tk,WRKY38,
TkWRKY39,B,species_prefix_Tk,Tk,WRKY39,
TkWRKY4,B,species_prefix_Tk,Tk,WRKY4,
TkWRKY6,B,species_prefix_Tk,Tk,WRKY6,
TkWRKY71,B,species_prefix_Tk,Tk,WRKY71,
TL1,C,bare_gene_symbol,,,
TL29,C,bare_gene_symbol,,,
TLD1,C,bare_gene_symbol,,,
TLP18.3,C,bare_gene_symbol,,,
TLPs,D,descriptive_name,,,
TLR,C,bare_gene_symbol,,,
Tm-1,D,descriptive_name,,,
Tm-2,D,descriptive_name,,,
Tm-22,D,descriptive_name,,,
TM-RCA,D,descriptive_name,,,
tms5,D,descriptive_name,,,
TMT,C,bare_gene_symbol,,,
TMT genes,D,descriptive_name,,,
TMT protein A2YCW1,D,descriptive_name,,,
TMT proteins,D,descriptive_name,,,
TMT1,C,bare_gene_symbol,,,
TMT2,C,bare_gene_symbol,,,
TMV,C,bare_gene_symbol,,,
TMV-CP,D,descriptive_name,,,
TNF-α,D,descriptive_name,,,
Tnt1 A subfamily,D,descriptive_name,,,
Tnt1 C subfamily,D,descriptive_name,,,
Tnt1-94,D,descriptive_name,,,
tobacco CCD genes,D,descriptive_name,,,
Tobacco etch virus (TEV) NIa domains,D,descriptive_name,,,
Tobacco etch virus (TEV) NIa protein,D,descriptive_name,,,
Tobacco etch virus (TEV) NIaPro domain,D,descriptive_name,,,
tobacco gene,D,descriptive_name,,,
Tobamovirus coat protein,D,descriptive_name,,,
ToBRFV coat protein,D,descriptive_name,,,
Toc Cyt,D,descriptive_name,,,
Toc Mt,D,descriptive_name,,,
TOC1,C,bare_gene_symbol,,,
tocopherol cyclase,D,descriptive_name,,,
TOE1,C,bare_gene_symbol,,,
TOE2,C,bare_gene_symbol,,,
tofI,D,descriptive_name,,,
tofR,D,descriptive_name,,,
TOG1,C,bare_gene_symbol,,,
ToGAS1,B,species_prefix_To,To,GAS1,
TOGT1,C,bare_gene_symbol,,,
toll-like receptor,D,descriptive_name,,,
tomato ASR1,D,descriptive_name,,,
Tomato brown rugose fruit virus (ToBRFV) coat protein,D,descriptive_name,,,
tomato genome,D,descriptive_name,,,
tomato glutathione-S-transferase,D,descriptive_name,,,
tomato sHSPs,D,descriptive_name,,,
Tomato small heat shock proteins,D,descriptive_name,,,
TomLOXD gene,D,descriptive_name,,,
tonoplast dicarboxylate transporters,D,descriptive_name,,,
tonoplast intrinsic protein,D,descriptive_name,,,
Tonoplast Intrinsic Proteins,D,descriptive_name,,,
tonoplast monosaccharide transporter,D,descriptive_name,,,
TOPLESS-RELATED PROTEIN 4,D,descriptive_name,,,
TOR,C,bare_gene_symbol,,,
TOR gene,D,descriptive_name,,,
TOR kinase,D,descriptive_name,,,
TOR protein kinase,D,descriptive_name,,,
TORC kinases,D,descriptive_name,,,
TORC1,C,bare_gene_symbol,,,
TORC1 complex,D,descriptive_name,,,
Tos17,C,bare_gene_symbol,,,
Tos19,C,bare_gene_symbol,,,
TOT3,C,bare_gene_symbol,,,
total cellular protein,D,descriptive_name,,,
total protein,D,descriptive_name,,,
total protein contents,D,descriptive_name,,,
Total soluble protein,D,descriptive_name,,,
Total soluble proteins,D,descriptive_name,,,
total superoxide dismutase,D,descriptive_name,,,
ToxA,D,descriptive_name,,,
toxABCDE,D,descriptive_name,,,
toxFGHI,D,descriptive_name,,,
toxJ,D,descriptive_name,,,
toxR,D,descriptive_name,,,
TP,E,noise_too_short,,,
TPD-related genes,D,descriptive_name,,,
TPH,C,bare_gene_symbol,,,
TPI,C,bare_gene_symbol,,,
TPI gene,D,descriptive_name,,,
TPL,C,bare_gene_symbol,,,
TPP,C,bare_gene_symbol,,,
TPP enzymes,D,descriptive_name,,,
TPRP-F1,D,descriptive_name,,,
TPS,C,bare_gene_symbol,,,
TPS domain,D,descriptive_name,,,
TPS enzymes,D,descriptive_name,,,
TPS family,D,descriptive_name,,,
TPS gene family,D,descriptive_name,,,
TPS genes,D,descriptive_name,,,
TPS proteins,D,descriptive_name,,,
TPS-a,D,descriptive_name,,,
TPS-a subfamily,D,descriptive_name,,,
TPS-b,D,descriptive_name,,,
TPS-b subfamily,D,descriptive_name,,,
TPS-b subfamily gene,D,descriptive_name,,,
TPS-b subfamily genes,D,descriptive_name,,,
TPS-c,D,descriptive_name,,,
TPS-e/f,D,descriptive_name,,,
TPS-g,D,descriptive_name,,,
TPS-g subfamilies,D,descriptive_name,,,
TPS-like enzymes,D,descriptive_name,,,
TPS1,C,bare_gene_symbol,,,
TPS10,C,bare_gene_symbol,,,
TPS14,C,bare_gene_symbol,,,
TPS21,C,bare_gene_symbol,,,
TPS4,C,bare_gene_symbol,,,
Tps6,C,bare_gene_symbol,,,
TPS8,C,bare_gene_symbol,,,
TPS9,C,bare_gene_symbol,,,
TPSI,C,bare_gene_symbol,,,
TPSs,D,descriptive_name,,,
TPT,C,bare_gene_symbol,,,
TPX2,C,bare_gene_symbol,,,
TR0/RC,D,descriptive_name,,,
TR38199|c0_g1,D,descriptive_name,,,
TRAB1,C,bare_gene_symbol,,,
TraesCS1A02G098800,D,descriptive_name,,,
TraesCS1A02G341400,D,descriptive_name,,,
TraesCS1D02G157000,D,descriptive_name,,,
TraesCS1D02G215900.1,D,descriptive_name,,,
TraesCS1D02G226100,D,descriptive_name,,,
TraesCS1D02G241000,D,descriptive_name,,,
TraesCS2A02G032500,D,descriptive_name,,,
TraesCS2A02G105500.1,D,descriptive_name,,,
TraesCS2A02G145800,D,descriptive_name,,,
TraesCS2A02G345500,D,descriptive_name,,,
TraesCS2A02G444900.1,D,descriptive_name,,,
TraesCS2A02G492200,D,descriptive_name,,,
TraesCS2B01G522200,D,descriptive_name,,,
TraesCS2B01G616800,D,descriptive_name,,,
TraesCS2B02G079100,D,descriptive_name,,,
TraesCS2B02G096200,D,descriptive_name,,,
TraesCS2B02G127800.1.2B,D,descriptive_name,,,
TraesCS2B02G201400,D,descriptive_name,,,
TraesCS2B02G326400,D,descriptive_name,,,
TraesCS2B02G461500,D,descriptive_name,,,
TraesCS2B02G521800,D,descriptive_name,,,
TraesCS2D01G566900,D,descriptive_name,,,
TraesCS2D02G106600,D,descriptive_name,,,
TraesCS2D02G344200,D,descriptive_name,,,
TraesCS2D02G500600,D,descriptive_name,,,
TraesCS2D02G503000,D,descriptive_name,,,
TraesCS3A02G049600,D,descriptive_name,,,
TraesCS3A02G050211.2,D,descriptive_name,,,
TraesCS3A02G347500,D,descriptive_name,,,
TraesCS3A02G36300.1,D,descriptive_name,,,
TraesCS3A03G0073100,D,descriptive_name,,,
TraesCS3B02G353000,D,descriptive_name,,,
TraesCS3B02G395900,D,descriptive_name,,,
TraesCS3B02G461800.1,D,descriptive_name,,,
TraesCS3D02G078300,D,descriptive_name,,,
TraesCS3D02G299900.1,D,descriptive_name,,,
TraesCS3D02G342200.2,D,descriptive_name,,,
TraesCS3D02G420300.1,D,descriptive_name,,,
TraesCS3D02G450800,D,descriptive_name,,,
TraesCS3D03G0294800,D,descriptive_name,,,
TraesCS4A02G106400.1,D,descriptive_name,,,
TraesCS4B02G052300,D,descriptive_name,,,
TraesCS4B02G056800,D,descriptive_name,,,
TraesCS4B02G059300,D,descriptive_name,,,
TraesCS4B02G118900,D,descriptive_name,,,
TraesCS4D02G242800.1,D,descriptive_name,,,
TraesCS4D03G0067100,D,descriptive_name,,,
TraesCS4D03G0093000,D,descriptive_name,,,
TraesCS5A02G003200,D,descriptive_name,,,
TraesCS5A02G077600,D,descriptive_name,,,
TraesCS5A02G424000,D,descriptive_name,,,
TraesCS5A02G433200,D,descriptive_name,,,
TraesCS5A02G454200,D,descriptive_name,,,
TraesCS5A02G498000.1,D,descriptive_name,,,
TraesCS5B01G017900,D,descriptive_name,,,
TraesCS5B01G436700,D,descriptive_name,,,
TraesCS5B01G561300,D,descriptive_name,,,
TraesCS5B01G561400,D,descriptive_name,,,
TraesCS5B02G078500,D,descriptive_name,,,
TraesCS5B02G294600,D,descriptive_name,,,
TraesCS5B02G351600,D,descriptive_name,,,
TraesCS5B02G356300,D,descriptive_name,,,
TraesCS5B02G418600.1,D,descriptive_name,,,
TraesCS5B02G536500.1,D,descriptive_name,,,
TraesCS5D03G0667400,D,descriptive_name,,,
TraesCS5D03G0711900,D,descriptive_name,,,
TraesCS5D03G0723300,D,descriptive_name,,,
TraesCS5D03G0728800,D,descriptive_name,,,
TraesCS6A02G239600,D,descriptive_name,,,
TraesCS6A02G331400.1,D,descriptive_name,,,
TraesCS6A02G383800.2,D,descriptive_name,,,
TraesCS6B01G063500,D,descriptive_name,,,
TraesCS6B02G298800,D,descriptive_name,,,
TraesCS6B02G368000,D,descriptive_name,,,
TraesCS6B02G456400,D,descriptive_name,,,
TraesCS6D01G335600,D,descriptive_name,,,
TraesCS6D02G048300,D,descriptive_name,,,
TraesCS7A01G428200,D,descriptive_name,,,
TraesCS7A01G428400,D,descriptive_name,,,
TraesCS7A01G430500,D,descriptive_name,,,
TraesCS7A01G430600,D,descriptive_name,,,
TraesCS7A01G612600LC,D,descriptive_name,,,
TraesCS7A02G023300,D,descriptive_name,,,
TraesCS7A02G143900,D,descriptive_name,,,
TraesCS7A02G171600,D,descriptive_name,,,
TraesCS7A02G272400.3,D,descriptive_name,,,
TraesCS7A02G380100.1,D,descriptive_name,,,
TraesCS7A02G442500,D,descriptive_name,,,
TraesCS7B02G083500,D,descriptive_name,,,
TraesCS7B02G151000,D,descriptive_name,,,
TraesCS7B02G259200.1,D,descriptive_name,,,
TraesCS7B02G282100.1,D,descriptive_name,,,
TraesCS7B02G433800,D,descriptive_name,,,
TraesCS7B02G473400,D,descriptive_name,,,
TraesCS7D01G552800,D,descriptive_name,,,
TraesCS7D02G008800,D,descriptive_name,,,
TraesCS7D02G148000,D,descriptive_name,,,
TraesCS7D02G284900,D,descriptive_name,,,
TraesCS7D03G1098600,D,descriptive_name,,,
TraesCSU01G109000,D,descriptive_name,,,
"trans-2,3-enoyl CoA reductase",D,descriptive_name,,,
trans-acting elements,D,descriptive_name,,,
trans-acting factors,D,descriptive_name,,,
trans-caffeoyl-CoA 3-O-methyltransferase,D,descriptive_name,,,
Trans-caffeoyl-coenzyme A 3-O-methyltransferase,D,descriptive_name,,,
Trans-cinnamate 4-hydroxylase,D,descriptive_name,,,
Trans-cinnamate 4-monooxygenase,D,descriptive_name,,,
trans-cinnamate-4-monooxygenase,D,descriptive_name,,,
Trans-cinnamic acid 4-monooxygenase,D,descriptive_name,,,
trans-membrane channel proteins,D,descriptive_name,,,
transaminase,E,noise_generic_term,,,
transaminase proteins,D,descriptive_name,,,
transaminases,D,descriptive_name,,,
transcription activator,D,descriptive_name,,,
transcription activators,D,descriptive_name,,,
transcription factor,D,descriptive_name,,,
transcription factor bHLH75,D,descriptive_name,,,
transcription factor complex,D,descriptive_name,,,
transcription factor families,D,descriptive_name,,,
transcription factor family,D,descriptive_name,,,
transcription factor GAMYB,D,descriptive_name,,,
transcription factor genes,D,descriptive_name,,,
transcription factor HY5,D,descriptive_name,,,
transcription factor LlHsfA2,D,descriptive_name,,,
transcription factor TCP14,D,descriptive_name,,,
transcription factors,D,descriptive_name,,,
transcription factors WRKY51,D,descriptive_name,,,
transcription start sites,D,descriptive_name,,,
transcriptional activator,D,descriptive_name,,,
transcriptional coactivator,D,descriptive_name,,,
transcriptional regulation genes,D,descriptive_name,,,
transcriptional regulator,D,descriptive_name,,,
transcriptional regulators,D,descriptive_name,,,
transcriptional reporters,D,descriptive_name,,,
transcriptional repressor genes,D,descriptive_name,,,
transcriptional repressors,D,descriptive_name,,,
transcriptional units,D,descriptive_name,,,
transcripts,D,descriptive_name,,,
transferase,D,descriptive_name,,,
transferases,D,descriptive_name,,,
transgene,D,descriptive_name,,,
transgenes,D,descriptive_name,,,
transglucosylation enzymes,D,descriptive_name,,,
transketolase,D,descriptive_name,,,
translation factors,D,descriptive_name,,,
translation initiation factors,D,descriptive_name,,,
translational factors,D,descriptive_name,,,
translationally controlled tumor protein,D,descriptive_name,,,
translationally controlled tumor proteins,D,descriptive_name,,,
translocation channels,D,descriptive_name,,,
translocators,D,descriptive_name,,,
transmembrane domains,D,descriptive_name,,,
transmembrane protein,D,descriptive_name,,,
transmembrane receptor kinase,D,descriptive_name,,,
transmembrane transporters,D,descriptive_name,,,
Transparent Testa,D,descriptive_name,,,
Transparent Testa 10,D,descriptive_name,,,
transparent testa 12,D,descriptive_name,,,
transparent testa4,D,descriptive_name,,,
transport activity gene,D,descriptive_name,,,
transport activity genes,D,descriptive_name,,,
transport activity markers,D,descriptive_name,,,
transport carriers,D,descriptive_name,,,
transport channels,D,descriptive_name,,,
transport inhibitor response 1,D,descriptive_name,,,
transport proteins,D,descriptive_name,,,
transport-related genes,D,descriptive_name,,,
transporter,D,descriptive_name,,,
transporter gene,D,descriptive_name,,,
transporter genes,D,descriptive_name,,,
transporter proteins,D,descriptive_name,,,
transporters,D,descriptive_name,,,
transposable elements,D,descriptive_name,,,
TRE,C,bare_gene_symbol,,,
treA,D,descriptive_name,,,
trehalase,D,descriptive_name,,,
trehalose 6-phosphate phosphatase,D,descriptive_name,,,
Trehalose 6-phosphate synthase,D,descriptive_name,,,
trehalose 6-phosphate synthase/phosphatase,D,descriptive_name,,,
trehalose phosphatase,D,descriptive_name,,,
trehalose phosphate synthase,D,descriptive_name,,,
trehalose synthase,D,descriptive_name,,,
trehalose synthase 11,D,descriptive_name,,,
trehalose synthase proteins,D,descriptive_name,,,
trehalose-5-phosphate phosphatase,D,descriptive_name,,,
trehalose-6 phosphatase synthase,D,descriptive_name,,,
trehalose-6 phosphate phosphatase,D,descriptive_name,,,
trehalose-6-phosphatase gene,D,descriptive_name,,,
trehalose-6-phosphate phosphatase,D,descriptive_name,,,
trehalose-6-phosphate phosphatase J,D,descriptive_name,,,
trehalose-6-phosphate phosphatases,D,descriptive_name,,,
Trehalose-6-phosphate synthase,D,descriptive_name,,,
trehalose-6-phosphate synthase 1,D,descriptive_name,,,
Trehalose-6-phosphate synthase/phosphatase,D,descriptive_name,,,
trehalose-6-phosphate synthases,D,descriptive_name,,,
trehalose-6P phosphatase,D,descriptive_name,,,
trehalose-6P synthase,D,descriptive_name,,,
trehalose-activated genes,D,descriptive_name,,,
trehalose-phosphatase,D,descriptive_name,,,
Trehalose-phosphatases,D,descriptive_name,,,
Trehalose-phosphate phosphatase,D,descriptive_name,,,
trehalose-phosphate phosphatase A,D,descriptive_name,,,
trehalose-phosphate phosphatase D,D,descriptive_name,,,
trehalose-phosphate synthase,D,descriptive_name,,,
trehalose-phosphate-phosphatase,D,descriptive_name,,,
trehalose-related genes,D,descriptive_name,,,
treS,D,descriptive_name,,,
treY,D,descriptive_name,,,
treYZS,D,descriptive_name,,,
treZ,D,descriptive_name,,,
TrHSFB2a,B,species_prefix_Tr,Tr,HSFB2a,
TRI genes,D,descriptive_name,,,
Tri1,C,bare_gene_symbol,,,
TRI12,C,bare_gene_symbol,,,
TRI3,C,bare_gene_symbol,,,
TrIAA27,B,species_prefix_Tr,Tr,IAA27,
triacylglycerol acyl-hydrolases,D,descriptive_name,,,
triacylglycerol biosynthesis genes,D,descriptive_name,,,
triacylglycerol lipase,D,descriptive_name,,,
triacylglycerol lipase-like,D,descriptive_name,,,
triacylglycerol lipase-like enzymes,D,descriptive_name,,,
triacylglycerol lipases,D,descriptive_name,,,
TRIAE_CS42_1AS_TGACv1_020323_AA0076650,D,descriptive_name,,,
TRIAE_CS42_4DS_TGACv1_361374_AA1166440,D,descriptive_name,,,
TRIAE_CS42_5DL_TGACv1_433530_AA1415640,D,descriptive_name,,,
TRIAE_CS42_7AL_TGACv1_556333_AA1761120,D,descriptive_name,,,
TRIAE_CS42_7DL_TGACv1_603709_AA1987720,D,descriptive_name,,,
trichome-specific promoters,D,descriptive_name,,,
trichothecene genes,D,descriptive_name,,,
Trifoliate,D,descriptive_name,,,
Trigalactosyldiacylglycerol,D,descriptive_name,,,
Trihelix factors,D,descriptive_name,,,
Trihelix genes,D,descriptive_name,,,
Trihelix transcription factors,D,descriptive_name,,,
TRINITY_DN14508_c2_g11_i3,D,descriptive_name,,,
TRINITY_DN20711_c0_g1_i1_4,D,descriptive_name,,,
TRINITY_DN26133_c1_g2_i1_3,D,descriptive_name,,,
TRINITY_DN26168_c0_g3_i1_3,D,descriptive_name,,,
TRINITY_DN29907_c0_g1_i3_2,D,descriptive_name,,,
TRINITY_DN31510_c0_g1_i2_9,D,descriptive_name,,,
TRINITY_DN33303_c0_g1_i1_10,D,descriptive_name,,,
TRINITY_DN34221_c0_g1_i5_9,D,descriptive_name,,,
TRINITY_DN34830_c0_g1_i13_8,D,descriptive_name,,,
TRINITY_DN385005_c2_g1_i2,D,descriptive_name,,,
triose phosphate isomerase,D,descriptive_name,,,
triose-phosphate isomerase,D,descriptive_name,,,
triose-phosphate translocator,D,descriptive_name,,,
triosephosphate isomerase,D,descriptive_name,,,
Triosephosphate isomerase (spots 44 and 47),D,descriptive_name,,,
TRIT,C,bare_gene_symbol,,,
TRIT1,C,bare_gene_symbol,,,
TRITD5Bv1G096580,D,descriptive_name,,,
tRNA-IPT,D,descriptive_name,,,
tRNA-IPTs,D,descriptive_name,,,
tRNA-isopentenyl transferase,D,descriptive_name,,,
tRNA/rRNA methyltransferase,D,descriptive_name,,,
trnL-F,D,descriptive_name,,,
trp gene cluster,D,descriptive_name,,,
trp genes,D,descriptive_name,,,
trp operon,D,descriptive_name,,,
TRP1,C,bare_gene_symbol,,,
TRP4,C,bare_gene_symbol,,,
trpA,D,descriptive_name,,,
trpAB,D,descriptive_name,,,
trpB,D,descriptive_name,,,
trpC,D,descriptive_name,,,
trpD,D,descriptive_name,,,
trpE,D,descriptive_name,,,
trpR,D,descriptive_name,,,
TRPV,C,bare_gene_symbol,,,
TRPV1,C,bare_gene_symbol,,,
TRPV1 ion channels,D,descriptive_name,,,
TrSAMS,B,species_prefix_Tr,Tr,SAMS,
TRX,C,bare_gene_symbol,,,
TRX h1,D,descriptive_name,,,
TRX peroxidases,D,descriptive_name,,,
TRX-f2,D,descriptive_name,,,
TRX1,C,bare_gene_symbol,,,
TRXH,C,bare_gene_symbol,,,
Trxh gene,D,descriptive_name,,,
TRXs,D,descriptive_name,,,
trypanothione synthase,D,descriptive_name,,,
TrypPI,D,descriptive_name,,,
trypsin,D,descriptive_name,,,
trypsin inhibitor,D,descriptive_name,,,
trypsin inhibitor gene,D,descriptive_name,,,
trypsin inhibitors,D,descriptive_name,,,
Trypsin protease inhibitors,D,descriptive_name,,,
trypsin proteinase inhibitors,D,descriptive_name,,,
trypsin-activated PPO,D,descriptive_name,,,
tryptamine 5-hydroxylase,D,descriptive_name,,,
tryptophan aminotransferase,D,descriptive_name,,,
tryptophan aminotransferase of Arabidopsis 1,D,descriptive_name,,,
tryptophan aminotransferase-encoding gene,D,descriptive_name,,,
tryptophan aminotransferase-related protein,D,descriptive_name,,,
tryptophan aminotransferase-related protein 1,D,descriptive_name,,,
tryptophan aminotransferase-related proteins,D,descriptive_name,,,
tryptophan decarboxylase,D,descriptive_name,,,
tryptophan metabolism genes,D,descriptive_name,,,
Tryptophan synthase,D,descriptive_name,,,
TRYPTOPHAN SYNTHASE ALPHA CHAIN,D,descriptive_name,,,
TRYPTOPHAN SYNTHASE B SUBUNIT 1,D,descriptive_name,,,
tryptophan synthase beta chain,D,descriptive_name,,,
TRYPTOPHAN SYNTHASE BETA-SUBUNIT 1,D,descriptive_name,,,
tryptophan synthase β subunit 1,D,descriptive_name,,,
tryptophan synthesis gene,D,descriptive_name,,,
tryptophan synthetase,D,descriptive_name,,,
tryptophan-5-hydroxylase,D,descriptive_name,,,
TryS,D,descriptive_name,,,
TryS 6.3.1.9,D,descriptive_name,,,
TS,E,noise_too_short,,,
Tsa1 protein,D,descriptive_name,,,
TSAR,C,bare_gene_symbol,,,
TSAR1,C,bare_gene_symbol,,,
TSAR2,C,bare_gene_symbol,,,
TSAR3,C,bare_gene_symbol,,,
TSARs,D,descriptive_name,,,
Tsase,D,descriptive_name,,,
TSB1,C,bare_gene_symbol,,,
TSCD11,C,bare_gene_symbol,,,
TSF,C,bare_gene_symbol,,,
TSJT1-like,D,descriptive_name,,,
TSM1,C,bare_gene_symbol,,,
TSP,C,bare_gene_symbol,,,
TSP4,C,bare_gene_symbol,,,
TSP4a,D,descriptive_name,,,
TSP4b,D,descriptive_name,,,
TSPO,C,bare_gene_symbol,,,
TSRF1,C,bare_gene_symbol,,,
TST,C,bare_gene_symbol,,,
TT,E,noise_too_short,,,
TT10 ortholog,D,descriptive_name,,,
TT12,C,bare_gene_symbol,,,
TT16,C,bare_gene_symbol,,,
TT2,C,bare_gene_symbol,,,
TT2HPS32,C,bare_gene_symbol,,,
TT2–CaM–SCT module,D,descriptive_name,,,
TT3,C,bare_gene_symbol,,,
tt4,D,descriptive_name,,,
TT5,C,bare_gene_symbol,,,
tt6 gene,D,descriptive_name,,,
TT7,C,bare_gene_symbol,,,
TT8,C,bare_gene_symbol,,,
TTA,C,bare_gene_symbol,,,
TtASR1,B,species_prefix_Tt,Tt,ASR1,
TTG1,C,bare_gene_symbol,,,
TTGACC/T,D,descriptive_name,,,
TtHSF,B,species_prefix_Tt,Tt,HSF,
TtHSF97,B,species_prefix_Tt,Tt,HSF97,
TTL3,C,bare_gene_symbol,,,
TTP,C,bare_gene_symbol,,,
TTS2,C,bare_gene_symbol,,,
TUA,C,bare_gene_symbol,,,
TUA-1726,D,descriptive_name,,,
tua2,D,descriptive_name,,,
TUA4,C,bare_gene_symbol,,,
TUA6,C,bare_gene_symbol,,,
TuB,D,descriptive_name,,,
TUB-1A2,D,descriptive_name,,,
TUB2,C,bare_gene_symbol,,,
tuber-specific proteins,D,descriptive_name,,,
Tubulin,D,descriptive_name,,,
tubulin alpha-2,D,descriptive_name,,,
tubulin alpha-3 chain,D,descriptive_name,,,
tubulin genes,D,descriptive_name,,,
tubulin α-6 chain,D,descriptive_name,,,
tubulins,D,descriptive_name,,,
TUBα,D,descriptive_name,,,
TUBβ6,D,descriptive_name,,,
tufA,D,descriptive_name,,,
Tumor necrosis factor,D,descriptive_name,,,
turquoise gene module,D,descriptive_name,,,
turquoise module,D,descriptive_name,,,
TWD1,C,bare_gene_symbol,,,
Twin-Strep-tag,D,descriptive_name,,,
two-component regulatory system,D,descriptive_name,,,
two-component response regulators,D,descriptive_name,,,
two-component system proteins,D,descriptive_name,,,
TXNIP,C,bare_gene_symbol,,,
Ty-1,D,descriptive_name,,,
TyDC,D,descriptive_name,,,
TYLCV coat protein,D,descriptive_name,,,
Type 1 polyketide synthase,D,descriptive_name,,,
type 1 polyketide synthases,D,descriptive_name,,,
Type 2 AcMT genes,D,descriptive_name,,,
type 2 diacylglycerol acyltransferases,D,descriptive_name,,,
type 2 lipoxygenase enzymes,D,descriptive_name,,,
Type 2 metallothionein genes,D,descriptive_name,,,
type 2C protein phosphatases,D,descriptive_name,,,
Type 3 genes,D,descriptive_name,,,
type D phospholipases,D,descriptive_name,,,
type I LIPID TRANSFER PROTEIN,D,descriptive_name,,,
type I non-specific lipid transfer protein,D,descriptive_name,,,
Type II DnaJ protein,D,descriptive_name,,,
type II external NADH dehydrogenases,D,descriptive_name,,,
type II RubisCo,D,descriptive_name,,,
Type II terpene synthases,D,descriptive_name,,,
type III DnaJ protein,D,descriptive_name,,,
type III peroxidases,D,descriptive_name,,,
type III polyketide synthase,D,descriptive_name,,,
type III polyketide synthases,D,descriptive_name,,,
type-2 phosphatidic acid phosphatase,D,descriptive_name,,,
type-A arr mutants,D,descriptive_name,,,
type-A ARRs,D,descriptive_name,,,
type-a response regulator,D,descriptive_name,,,
type-A RRs,D,descriptive_name,,,
type-A-ARRs,D,descriptive_name,,,
type-B Arabidopsis Response Regulators,D,descriptive_name,,,
type-B ARRs,D,descriptive_name,,,
type-II external NADH dehydrogenase,D,descriptive_name,,,
type-II peroxiredoxin B,D,descriptive_name,,,
type-III effector,D,descriptive_name,,,
type-III effectors,D,descriptive_name,,,
types A3,D,descriptive_name,,,
Tyr139A,D,descriptive_name,,,
tyrA,D,descriptive_name,,,
TYRAAT,C,bare_gene_symbol,,,
tyramine hydroxycinnamoyl transferase,D,descriptive_name,,,
tyrosinase,D,descriptive_name,,,
tyrosinase enzyme,D,descriptive_name,,,
Tyrosinated tubulin,D,descriptive_name,,,
tyrosine amino-transferase,D,descriptive_name,,,
tyrosine aminotransferase,D,descriptive_name,,,
tyrosine aminotransferase 2,D,descriptive_name,,,
Tyrosine ammonia lyase,D,descriptive_name,,,
tyrosine ammonia-lyase,D,descriptive_name,,,
tyrosine decarboxylase,D,descriptive_name,,,
Tyrosine degradation genes,D,descriptive_name,,,
tyrosine phosphatase,D,descriptive_name,,,
tyrosine transporters,D,descriptive_name,,,
tyrosine-specific transporter protein,D,descriptive_name,,,
TZF3,C,bare_gene_symbol,,,
TZF5,C,bare_gene_symbol,,,
U-box,D,descriptive_name,,,
U-box domain proteins,D,descriptive_name,,,
U-box E3 ligases,D,descriptive_name,,,
U17/U18-like,D,descriptive_name,,,
U516,C,bare_gene_symbol,,,
U6,E,noise_too_short,,,
UBA-domain proteins,D,descriptive_name,,,
Uba4,C,bare_gene_symbol,,,
UBC,C,bare_gene_symbol,,,
UBC12,C,bare_gene_symbol,,,
UBC15,C,bare_gene_symbol,,,
UBC17,C,bare_gene_symbol,,,
UBC2,C,bare_gene_symbol,,,
UBC3,C,bare_gene_symbol,,,
UBC35,C,bare_gene_symbol,,,
UBE2A,C,bare_gene_symbol,,,
UBE2C,C,bare_gene_symbol,,,
UBE3C,C,bare_gene_symbol,,,
UBI,C,bare_gene_symbol,,,
UBI-Aequorin cassettes,D,descriptive_name,,,
Ubi:eGFP-RBG1,D,descriptive_name,,,
ubiA,D,descriptive_name,,,
ubiC,D,descriptive_name,,,
ubiquinol oxidase,D,descriptive_name,,,
Ubiquinol oxidase-alternative oxidases,D,descriptive_name,,,
ubiquinone monooxygenase,D,descriptive_name,,,
Ubiquitin,D,descriptive_name,,,
ubiquitin activation,D,descriptive_name,,,
ubiquitin carboxyl-terminal hydrolase,D,descriptive_name,,,
ubiquitin carboxyl-terminal hydrolases,D,descriptive_name,,,
ubiquitin conjugation factor E4,D,descriptive_name,,,
ubiquitin family protein genes,D,descriptive_name,,,
ubiquitin genes,D,descriptive_name,,,
ubiquitin ligase,D,descriptive_name,,,
ubiquitin ligases,D,descriptive_name,,,
Ubiquitin protein transferase,D,descriptive_name,,,
ubiquitin proteins,D,descriptive_name,,,
ubiquitin thiolesterase,D,descriptive_name,,,
ubiquitin-activating,D,descriptive_name,,,
ubiquitin-activating enzyme E1,D,descriptive_name,,,
ubiquitin-activating enzymes,D,descriptive_name,,,
ubiquitin-associated protein,D,descriptive_name,,,
ubiquitin-associated proteins,D,descriptive_name,,,
ubiquitin-binding,D,descriptive_name,,,
ubiquitin-conjugating,D,descriptive_name,,,
Ubiquitin-conjugating enzyme,D,descriptive_name,,,
ubiquitin-conjugating enzyme E2,D,descriptive_name,,,
UBIQUITIN-CONJUGATING ENZYME E2 35,D,descriptive_name,,,
Ubiquitin-conjugating enzyme E2-17,D,descriptive_name,,,
ubiquitin-conjugating enzymes,D,descriptive_name,,,
ubiquitin-like proteins,D,descriptive_name,,,
ubiquitin-mediated proteolysis genes,D,descriptive_name,,,
ubiquitin-proteasome system,D,descriptive_name,,,
ubiquitin-protein ligase,D,descriptive_name,,,
ubiquitin-protein transferase activators,D,descriptive_name,,,
Ubiquitin-related genes,D,descriptive_name,,,
Ubiquitin-specific protease,D,descriptive_name,,,
ubiquitin-specific protease gene,D,descriptive_name,,,
UBLE1A,C,bare_gene_symbol,,,
UBP18,C,bare_gene_symbol,,,
UBP5,C,bare_gene_symbol,,,
UBQ,C,bare_gene_symbol,,,
UBQ10,C,bare_gene_symbol,,,
UBQ10 promoter,D,descriptive_name,,,
UBQ14,C,bare_gene_symbol,,,
UBQ3,C,bare_gene_symbol,,,
UBQ5,C,bare_gene_symbol,,,
Ubrp1 type ubiquitin ligase,D,descriptive_name,,,
ucgl,D,descriptive_name,,,
UCH,C,bare_gene_symbol,,,
UCHs,D,descriptive_name,,,
UDP flavonoid 3-O-glucosyltransferase,D,descriptive_name,,,
UDP Glc:sterol glucosyltransferase,D,descriptive_name,,,
UDP glucose 4-epimerase,D,descriptive_name,,,
UDP glucose pyrophosphorylase,D,descriptive_name,,,
UDP glucose-6-dehydrogenase,D,descriptive_name,,,
UDP glucose: flavonoid 3-O-glucosyltransferase,D,descriptive_name,,,
UDP glucose: flavonoid 3-O-glycosyltransferase,D,descriptive_name,,,
UDP glucose:flavonoid 3-O-glycosyltransferase,D,descriptive_name,,,
UDP glucosyl transferases,D,descriptive_name,,,
UDP glucosyltransferase,D,descriptive_name,,,
UDP glycosyltransferase,D,descriptive_name,,,
UDP glycosyltransferases,D,descriptive_name,,,
UDP-apiose/xylose synthase,D,descriptive_name,,,
UDP-arabinopyranose mutase,D,descriptive_name,,,
UDP-arabinopyranose mutase 1,D,descriptive_name,,,
UDP-arabinose 4-epimerase 2,D,descriptive_name,,,
UDP-d-glucose 4-epimerase,D,descriptive_name,,,
UDP-d-glucuronate 4-epimerase,D,descriptive_name,,,
UDP-D-glucuronate-4-epimerase6,D,descriptive_name,,,
UDP-dependent glycosyltransferases,D,descriptive_name,,,
UDP-galactose transport,D,descriptive_name,,,
UDP-galactose-4-epimerase,D,descriptive_name,,,
UDP-galactose:solanidine galactosyltransferase,D,descriptive_name,,,
UDP-Glc pyrophosphorylase 3,D,descriptive_name,,,
UDP-Glc:sterol glucosyltransferase,D,descriptive_name,,,
UDP-glucose 4-epimerase,D,descriptive_name,,,
UDP-glucose 4-epimerase 1,D,descriptive_name,,,
UDP-glucose 6-dehydrogenase,D,descriptive_name,,,
UDP-glucose 6-dehydrogenase 1,D,descriptive_name,,,
UDP-glucose dehydrogenase,D,descriptive_name,,,
UDP-glucose flavonoid 3-O-glucosyltransferase,D,descriptive_name,,,
UDP-glucose flavonoid 3-o-glucosyltransferase 3-like,D,descriptive_name,,,
UDP-glucose iridoid glucosyltransferase,D,descriptive_name,,,
UDP-glucose iridoid glucosyltransferase-like gene,D,descriptive_name,,,
UDP-glucose iridoid glucosyltransferase-like genes,D,descriptive_name,,,
UDP-glucose pyrophosphorylase,D,descriptive_name,,,
UDP-glucose transferase,D,descriptive_name,,,
UDP-glucose--hexose-1-phosphate uridyltransferase,D,descriptive_name,,,
UDP-glucose-6-dehydrogenase,D,descriptive_name,,,
UDP-glucose-dependent glucosyltransferases,D,descriptive_name,,,
UDP-glucose/UDP-galactose 4-epimerase5,D,descriptive_name,,,
UDP-glucose:anthocyanidin,D,descriptive_name,,,
UDP-glucose:flavonoid 3-O-glucosyl transferase,D,descriptive_name,,,
UDP-glucose:flavonoid 3-O-glucosyltransferase,D,descriptive_name,,,
UDP-glucose:flavonoid 7-O-glucosyltransferase,D,descriptive_name,,,
UDP-glucose:glucosyltransferase,D,descriptive_name,,,
UDP-glucose:protein transglucosylase-like proteins,D,descriptive_name,,,
UDP-glucose:sterol glucosyltransferases,D,descriptive_name,,,
UDP-glucosyl,D,descriptive_name,,,
UDP-glucosyl transferase,D,descriptive_name,,,
UDP-glucosyl transferase 71D1,D,descriptive_name,,,
UDP-glucosyl transferase family proteins,D,descriptive_name,,,
UDP-glucosyl transferases,D,descriptive_name,,,
UDP-glucosyltransferase,D,descriptive_name,,,
UDP-glucosyltransferase 73C5,D,descriptive_name,,,
UDP-glucosyltransferases,D,descriptive_name,,,
UDP-glucuronate 4-epimerase,D,descriptive_name,,,
UDP-glucuronate 4-epimerase 1,D,descriptive_name,,,
UDP-glucuronate decarboxylase,D,descriptive_name,,,
UDP-glucuronic acid decarboxylase,D,descriptive_name,,,
UDP-glucuronic acid decarboxylase 1,D,descriptive_name,,,
UDP-glucuronic acid decarboxylase 4,D,descriptive_name,,,
UDP-glucuronide 4-episomerase,D,descriptive_name,,,
UDP-glucuronosyl/UDP-glucosyltransferase,D,descriptive_name,,,
UDP-glucuronosyl/UDP-glucosyltransferase family,D,descriptive_name,,,
UDP-glucuronosyltransferase,D,descriptive_name,,,
UDP-glycose flavonoid glycosyltransferases,D,descriptive_name,,,
UDP-glycosyl transferase,D,descriptive_name,,,
UDP-glycosyltransferase,D,descriptive_name,,,
UDP-glycosyltransferase 708D1-like,D,descriptive_name,,,
UDP-glycosyltransferase 74E2,D,descriptive_name,,,
UDP-GLYCOSYLTRANSFERASE 85A1,D,descriptive_name,,,
UDP-glycosyltransferase 85a2-like,D,descriptive_name,,,
UDP-glycosyltransferase 89,D,descriptive_name,,,
UDP-glycosyltransferases,D,descriptive_name,,,
UDP-rhamnose: rhamnosyltransferase,D,descriptive_name,,,
UDP-sugar pyrophosphorylase,D,descriptive_name,,,
UDP-sulfoquinovose synthase,D,descriptive_name,,,
UDP-xylose synthase,D,descriptive_name,,,
UDPG-dependent glucosyltransferase,D,descriptive_name,,,
UDPG:coniferyl alcohol glucosyltransferase,D,descriptive_name,,,
UDPGT,C,bare_gene_symbol,,,
UDPGT73B5,C,bare_gene_symbol,,,
UDPGT85A2,C,bare_gene_symbol,,,
UDPGT88A1,C,bare_gene_symbol,,,
UF3GT,C,bare_gene_symbol,,,
UFAO1,C,bare_gene_symbol,,,
UFGT,C,bare_gene_symbol,,,
UFGT enzyme,D,descriptive_name,,,
UFGT gene,D,descriptive_name,,,
UFGTs,D,descriptive_name,,,
UGA4E,C,bare_gene_symbol,,,
UGD,C,bare_gene_symbol,,,
UGD1,C,bare_gene_symbol,,,
UGDH,C,bare_gene_symbol,,,
UGE,C,bare_gene_symbol,,,
UGE2,C,bare_gene_symbol,,,
Ugft3,C,bare_gene_symbol,,,
UGP,C,bare_gene_symbol,,,
UGP-Glc pyrophosphorylase,D,descriptive_name,,,
UGP2,C,bare_gene_symbol,,,
UGP3,C,bare_gene_symbol,,,
UGPase,D,descriptive_name,,,
UGPase 1,D,descriptive_name,,,
ugpC,D,descriptive_name,,,
UGT,C,bare_gene_symbol,,,
UGT 74F1,D,descriptive_name,,,
UGT enzymes,D,descriptive_name,,,
UGT genes,D,descriptive_name,,,
UGT glycosyltransferase,D,descriptive_name,,,
UGT mutants,D,descriptive_name,,,
UGT phylogenetic group D,D,descriptive_name,,,
UGT phylogenetic groups E,D,descriptive_name,,,
UGT phylogenetic groups J,D,descriptive_name,,,
UGT71,C,bare_gene_symbol,,,
UGT71B6,C,bare_gene_symbol,,,
UGT71B6/7/8,D,descriptive_name,,,
UGT71C1,C,bare_gene_symbol,,,
UGT71D1,C,bare_gene_symbol,,,
UGT72E,C,bare_gene_symbol,,,
UGT72E1/2/3,D,descriptive_name,,,
UGT73,C,bare_gene_symbol,,,
UGT73 family,D,descriptive_name,,,
UGT73 family members,D,descriptive_name,,,
UGT73A13,C,bare_gene_symbol,,,
UGT73A17,C,bare_gene_symbol,,,
UGT73A17 enzyme,D,descriptive_name,,,
UGT73A17 gene,D,descriptive_name,,,
UGT73A17 protein,D,descriptive_name,,,
UGT73B,C,bare_gene_symbol,,,
UGT73B2,C,bare_gene_symbol,,,
UGT73B3,C,bare_gene_symbol,,,
UGT73B5,C,bare_gene_symbol,,,
UGT73C,C,bare_gene_symbol,,,
UGT73C14,C,bare_gene_symbol,,,
UGT73C5,C,bare_gene_symbol,,,
UGT73C6,C,bare_gene_symbol,,,
UGT73D,C,bare_gene_symbol,,,
UGT73D1,C,bare_gene_symbol,,,
UGT74,C,bare_gene_symbol,,,
UGT74D1,C,bare_gene_symbol,,,
UGT74E2,C,bare_gene_symbol,,,
UGT74F1,C,bare_gene_symbol,,,
UGT74F2,C,bare_gene_symbol,,,
UGT74G1,C,bare_gene_symbol,,,
UGT75,C,bare_gene_symbol,,,
UGT75B1,C,bare_gene_symbol,,,
UGT76B1,C,bare_gene_symbol,,,
UGT76C1,C,bare_gene_symbol,,,
UGT76E11,C,bare_gene_symbol,,,
UGT76G1,C,bare_gene_symbol,,,
UGT78A14,C,bare_gene_symbol,,,
UGT78A15,C,bare_gene_symbol,,,
UGT78D2,C,bare_gene_symbol,,,
UGT80A2,C,bare_gene_symbol,,,
UGT80B1,C,bare_gene_symbol,,,
ugt82A1,D,descriptive_name,,,
UGT83A1,C,bare_gene_symbol,,,
UGT84,C,bare_gene_symbol,,,
UGT84A22,C,bare_gene_symbol,,,
UGT84A22 gene,D,descriptive_name,,,
UGT84B1,C,bare_gene_symbol,,,
UGT85A,C,bare_gene_symbol,,,
UGT85A1,C,bare_gene_symbol,,,
UGT85A2,C,bare_gene_symbol,,,
UGT85K,C,bare_gene_symbol,,,
UGT85U1/2,D,descriptive_name,,,
UGT85V1,C,bare_gene_symbol,,,
UGT87,C,bare_gene_symbol,,,
UGT87A2,C,bare_gene_symbol,,,
UGT89B2,C,bare_gene_symbol,,,
UGT89C1,C,bare_gene_symbol,,,
ugt91C1,D,descriptive_name,,,
UGTs,D,descriptive_name,,,
ui12.1,D,descriptive_name,,,
ui3.1,D,descriptive_name,,,
uidA gene,D,descriptive_name,,,
UK325,C,bare_gene_symbol,,,
UKN2,C,bare_gene_symbol,,,
UMP kinase,D,descriptive_name,,,
UMP kinase gene,D,descriptive_name,,,
uncharacterized proteins,D,descriptive_name,,,
Undecaprenyl pyrophosphate synthase,D,descriptive_name,,,
undecaprenyl pyrophosphate synthetase,D,descriptive_name,,,
UNE10,C,bare_gene_symbol,,,
unfolded proteins,D,descriptive_name,,,
unigene 051377,D,descriptive_name,,,
unigene 32819,D,descriptive_name,,,
unigene 8330,D,descriptive_name,,,
Unigene-LR02,D,descriptive_name,,,
Unigene-LR03,D,descriptive_name,,,
Unigene-LR05,D,descriptive_name,,,
Unigene0001589,D,descriptive_name,,,
Unigene0029680,D,descriptive_name,,,
Unigene0030557,D,descriptive_name,,,
Unigene0060159,D,descriptive_name,,,
Unigene0084211,D,descriptive_name,,,
Unigene0087890,D,descriptive_name,,,
Unigene0090235,D,descriptive_name,,,
Unigene022838,D,descriptive_name,,,
Unigene032291,D,descriptive_name,,,
Unigene068241,D,descriptive_name,,,
Unigene110702,D,descriptive_name,,,
unigene14772,D,descriptive_name,,,
Unigene16848,D,descriptive_name,,,
Unigene33050,D,descriptive_name,,,
Unigene47149_All,D,descriptive_name,,,
Unigene53453,D,descriptive_name,,,
Unigene8996_All,D,descriptive_name,,,
UnigeneLR07,C,bare_gene_symbol,,,
unigenes,D,descriptive_name,,,
unigenes related to the TCA cycle,D,descriptive_name,,,
Universal Stress Protein,D,descriptive_name,,,
universal stress protein (USP) subfamily member,D,descriptive_name,,,
universal stress protein (USP)-like protein,D,descriptive_name,,,
Universal Stress Protein genes,D,descriptive_name,,,
universal stress protein subfamily member,D,descriptive_name,,,
universal stress protein-like protein,D,descriptive_name,,,
Universal Stress Proteins,D,descriptive_name,,,
Universal Stress Response Proteins,D,descriptive_name,,,
unoxidized RuBisCO,D,descriptive_name,,,
UNSATURATED FATTY ACID OXIDASE 1,D,descriptive_name,,,
uORFs,D,descriptive_name,,,
UP-9A,D,descriptive_name,,,
up-regulated differentially expressed genes,D,descriptive_name,,,
up-regulated genes,D,descriptive_name,,,
up-regulated proteins,D,descriptive_name,,,
UPB1,C,bare_gene_symbol,,,
UPBEAT1,C,bare_gene_symbol,,,
UPPs,D,descriptive_name,,,
upstream open reading frames,D,descriptive_name,,,
upstream signaling components,D,descriptive_name,,,
uptake proteins,D,descriptive_name,,,
urate oxidase,D,descriptive_name,,,
urea transporter,D,descriptive_name,,,
urea transporters,D,descriptive_name,,,
urease,D,descriptive_name,,,
URH1,C,bare_gene_symbol,,,
uricase,D,descriptive_name,,,
Uridine diphosphate glucuronosyltransferases,D,descriptive_name,,,
Uridine diphosphate glycosyltransferase,D,descriptive_name,,,
uridine diphosphate sugar glycosyl transferases,D,descriptive_name,,,
Uridine diphosphate-glucose pyrophosphorylase,D,descriptive_name,,,
uridine nucleosidase,D,descriptive_name,,,
uridylyltransferase,D,descriptive_name,,,
Urm1,C,bare_gene_symbol,,,
UROD,C,bare_gene_symbol,,,
uroporphyrinogen decarboxylase,D,descriptive_name,,,
uroporphyrinogen III decarboxylase,D,descriptive_name,,,
uroporphyrinogen III synthase,D,descriptive_name,,,
UROS,C,bare_gene_symbol,,,
USP,C,bare_gene_symbol,,,
USP subfamily,D,descriptive_name,,,
USP subfamily member,D,descriptive_name,,,
USP superfamily,D,descriptive_name,,,
USP-like protein,D,descriptive_name,,,
USP17,C,bare_gene_symbol,,,
USP21,C,bare_gene_symbol,,,
uspA domain,D,descriptive_name,,,
uspA-like genes,D,descriptive_name,,,
USPase,D,descriptive_name,,,
USPs,D,descriptive_name,,,
UTP-glucose-1-phosphate uridylyltransferase,D,descriptive_name,,,
UTP—glucose-1-phosphate uridylyltransferase,D,descriptive_name,,,
UVH6,C,bare_gene_symbol,,,
UVR8,C,bare_gene_symbol,,,
UVR8 photoreceptor,D,descriptive_name,,,
UVR8 receptor,D,descriptive_name,,,
UXS,C,bare_gene_symbol,,,
UXS1,C,bare_gene_symbol,,,
Uzu1,C,bare_gene_symbol,,,
V,E,noise_too_short,,,
V-ATPase,D,descriptive_name,,,
V-PPase,D,descriptive_name,,,
V-type proton ATPase,D,descriptive_name,,,
V-type proton ATPase subunits,D,descriptive_name,,,
V-type proton ATPases,D,descriptive_name,,,
V. vinifera VACUOLAR H+-PPASE 1,D,descriptive_name,,,
VaCaM10,B,species_prefix_Va,Va,CaM10,
VaCaM8,B,species_prefix_Va,Va,CaM8,
VaCaM9,B,species_prefix_Va,Va,CaM9,
VaCML genes,D,descriptive_name,,,
VaCML105,B,species_prefix_Va,Va,CML105,
VaCML108,B,species_prefix_Va,Va,CML108,
VaCML108 gene,D,descriptive_name,,,
VaCML44,B,species_prefix_Va,Va,CML44,
VaCML52,B,species_prefix_Va,Va,CML52,
VaCML57,B,species_prefix_Va,Va,CML57,
VaCML60,B,species_prefix_Va,Va,CML60,
VaCML61,B,species_prefix_Va,Va,CML61,
VaCML65,B,species_prefix_Va,Va,CML65,
VaCML78,B,species_prefix_Va,Va,CML78,
VaCML79,B,species_prefix_Va,Va,CML79,
VaCML82,B,species_prefix_Va,Va,CML82,
VaCML83,B,species_prefix_Va,Va,CML83,
VaCML86,B,species_prefix_Va,Va,CML86,
VaCML89,B,species_prefix_Va,Va,CML89,
VaCML92,B,species_prefix_Va,Va,CML92,
VaCML92 gene,D,descriptive_name,,,
VaCML93,B,species_prefix_Va,Va,CML93,
VaCML95,B,species_prefix_Va,Va,CML95,
vacuolar,D,descriptive_name,,,
vacuolar acid invertase,D,descriptive_name,,,
vacuolar and cell wall invertases,D,descriptive_name,,,
vacuolar antiporter,D,descriptive_name,,,
vacuolar ATP genes,D,descriptive_name,,,
vacuolar ATPases,D,descriptive_name,,,
vacuolar Ca2+/H+ antiporter,D,descriptive_name,,,
vacuolar class III peroxidase,D,descriptive_name,,,
vacuolar H+-ATPase,D,descriptive_name,,,
vacuolar H+-ATPases,D,descriptive_name,,,
VACUOLAR H+-PPASE 1,D,descriptive_name,,,
vacuolar H+-pyrophosphatase,D,descriptive_name,,,
vacuolar invertase,D,descriptive_name,,,
vacuolar invertases,D,descriptive_name,,,
Vacuolar iron transporter 1.2-like,D,descriptive_name,,,
vacuolar processing enzyme,D,descriptive_name,,,
vacuolar processing enzymes,D,descriptive_name,,,
vacuolar protein sorting-associated protein 2,D,descriptive_name,,,
vacuolar proton-ATPase,D,descriptive_name,,,
vacuolar-type H+-ATPase,D,descriptive_name,,,
vacuole membrane proteins,D,descriptive_name,,,
vacuole organization,D,descriptive_name,,,
VaDJI,B,species_prefix_Va,Va,DJI,
VaDJI gene,D,descriptive_name,,,
Val255B,D,descriptive_name,,,
Val260B,D,descriptive_name,,,
valencene synthase,D,descriptive_name,,,
valerophenone synthase,D,descriptive_name,,,
VAMP726,C,bare_gene_symbol,,,
vanadium-dependent bromoperoxidase,D,descriptive_name,,,
vanadium-dependent haloperoxidases,D,descriptive_name,,,
vancomycin resistance cassette,D,descriptive_name,,,
var2 mutant,D,descriptive_name,,,
var2 mutants,D,descriptive_name,,,
VAS2,C,bare_gene_symbol,,,
VB6-related differentially expressed genes,D,descriptive_name,,,
vBPO,D,descriptive_name,,,
vBPO gene,D,descriptive_name,,,
vBPO protein,D,descriptive_name,,,
VcDDF1,B,species_prefix_Vc,Vc,DDF1,
VcMYB1,B,species_prefix_Vc,Vc,MYB1,
Vco-miR166,D,descriptive_name,,,
Vco-miR166a,D,descriptive_name,,,
Vco-miR166b,D,descriptive_name,,,
Vco-miR166c,D,descriptive_name,,,
Vco-miR166d,D,descriptive_name,,,
Vco-miR166e,D,descriptive_name,,,
Vco-miR166f,D,descriptive_name,,,
Vco-miR166g,D,descriptive_name,,,
Vco-miR166h,D,descriptive_name,,,
Vco-miR166i,D,descriptive_name,,,
Vco-miR166s,D,descriptive_name,,,
VcSnRK2.3,D,descriptive_name,,,
VcUSP gene family,D,descriptive_name,,,
VcUSP genes,D,descriptive_name,,,
VcUSP proteins,D,descriptive_name,,,
VcUSP11,B,species_prefix_Vc,Vc,USP11,
VcUSP15,B,species_prefix_Vc,Vc,USP15,
VcUSP16,B,species_prefix_Vc,Vc,USP16,
VcUSP22,B,species_prefix_Vc,Vc,USP22,
VcUSP26,B,species_prefix_Vc,Vc,USP26,
VcUSP39,B,species_prefix_Vc,Vc,USP39,
VcUSP4,B,species_prefix_Vc,Vc,USP4,
VcUSP41,B,species_prefix_Vc,Vc,USP41,
VcUSP67,B,species_prefix_Vc,Vc,USP67,
VcUSP68,B,species_prefix_Vc,Vc,USP68,
VcUSPs,B,species_prefix_Vc,Vc,USPs,
VDAC,C,bare_gene_symbol,,,
VDAC proteins,D,descriptive_name,,,
VDAC1,C,bare_gene_symbol,,,
VDAC2,C,bare_gene_symbol,,,
VDAC3,C,bare_gene_symbol,,,
VDAC4,C,bare_gene_symbol,,,
VDACs,D,descriptive_name,,,
VdArd1,B,species_prefix_Vd,Vd,Ard1,
VDE,C,bare_gene_symbol,,,
VDE1,C,bare_gene_symbol,,,
VdHsp83,B,species_prefix_Vd,Vd,Hsp83,
VdNat1,B,species_prefix_Vd,Vd,Nat1,
vdr1,D,descriptive_name,,,
vegetable protein,D,descriptive_name,,,
vegetative storage protein,D,descriptive_name,,,
Vestitone reductase,D,descriptive_name,,,
vetispiradiene synthase,D,descriptive_name,,,
VGD1,C,bare_gene_symbol,,,
vH+,D,descriptive_name,,,
VH1,C,bare_gene_symbol,,,
VHA,C,bare_gene_symbol,,,
VHP,C,bare_gene_symbol,,,
vibB,D,descriptive_name,,,
vicilin,D,descriptive_name,,,
Vicilin-like antimicrobial peptides,D,descriptive_name,,,
VIH1/2,D,descriptive_name,,,
VII,C,bare_gene_symbol,,,
VIK,C,bare_gene_symbol,,,
VIM1 gene,D,descriptive_name,,,
VIN,C,bare_gene_symbol,,,
Vinorine synthase,D,descriptive_name,,,
violaxanthin de-epoxidase,D,descriptive_name,,,
VIPP PROXIMITY LABELING,D,descriptive_name,,,
VIPP1,C,bare_gene_symbol,,,
VIPP2,C,bare_gene_symbol,,,
VIR,C,bare_gene_symbol,,,
vir genes,D,descriptive_name,,,
viral CAZymes,D,descriptive_name,,,
viral chitinase,D,descriptive_name,,,
viral coat protein,D,descriptive_name,,,
viral components,D,descriptive_name,,,
viral domains,D,descriptive_name,,,
viral factors,D,descriptive_name,,,
viral genes,D,descriptive_name,,,
Viral GH23 enzymes,D,descriptive_name,,,
viral NIa polyprotein,D,descriptive_name,,,
viral NIa-host interaction network,D,descriptive_name,,,
viral protein,D,descriptive_name,,,
Viral suppressors,D,descriptive_name,,,
viral VPg,D,descriptive_name,,,
viral VPg domain,D,descriptive_name,,,
VirB protein,D,descriptive_name,,,
virus coat protein,D,descriptive_name,,,
virus coat proteins,D,descriptive_name,,,
VIT_00s0187g00130,D,descriptive_name,,,
VIT_00s0271g00030,D,descriptive_name,,,
VIT_00s0271g00060,D,descriptive_name,,,
VIT_00s2188g00010,D,descriptive_name,,,
VIT_01s0010g02320,D,descriptive_name,,,
VIT_02s0012g02820,D,descriptive_name,,,
VIT_03s0097g00460,D,descriptive_name,,,
VIT_04s0008g05610,D,descriptive_name,,,
VIT_05s0049g00520,D,descriptive_name,,,
VIT_08s0040g03150.t01,D,descriptive_name,,,
VIT_09s0070g00240,D,descriptive_name,,,
VIT_12s0134g00020,D,descriptive_name,,,
VIT_12s0134g00030,D,descriptive_name,,,
VIT_12s0134g00590,D,descriptive_name,,,
VIT_13s0019g04460,D,descriptive_name,,,
VIT_14s0066g01150,D,descriptive_name,,,
VIT_17s0000g03940,D,descriptive_name,,,
VIT_17s0000g09190,D,descriptive_name,,,
VIT_18s0001g04560,D,descriptive_name,,,
VIT_201S0026G00280,D,descriptive_name,,,
VIT_204s0008g00870,D,descriptive_name,,,
VIT_209s0002g08510,D,descriptive_name,,,
VIT_209s0018g01190,D,descriptive_name,,,
VIT_210s0003g03490,D,descriptive_name,,,
VIT_210s0042g00820,D,descriptive_name,,,
VIT_210s0116g00410,D,descriptive_name,,,
VIT_211s0037g00440,D,descriptive_name,,,
VIT_213s0019g02360,D,descriptive_name,,,
VIT_215s0048g01320,D,descriptive_name,,,
VIT_216s0013g01000,D,descriptive_name,,,
VIT_216s0039g02720,D,descriptive_name,,,
VIT_216s0039g02750,D,descriptive_name,,,
VIT_217s0000g05750,D,descriptive_name,,,
VIT_217S0000G08010,D,descriptive_name,,,
VIT_218s0076g00340,D,descriptive_name,,,
VIT_219s0093g00550,D,descriptive_name,,,
vitamin B6 binding,D,descriptive_name,,,
vitamin B6 binding-related genes,D,descriptive_name,,,
vitamin B6-related genes,D,descriptive_name,,,
Vitamin K epoxide reductase,D,descriptive_name,,,
Vitvi04g01151,D,descriptive_name,,,
Vitvi07g01389,D,descriptive_name,,,
Vitvi07g01408,D,descriptive_name,,,
Vitvi07g01425,D,descriptive_name,,,
Vitvi07g04623,D,descriptive_name,,,
Vitvi09g00375,D,descriptive_name,,,
Vitvi09g04108,D,descriptive_name,,,
Vitvi09g04109,D,descriptive_name,,,
Vitvi11g00030,D,descriptive_name,,,
Vitvi11g00045,D,descriptive_name,,,
Vitvi11g00046,D,descriptive_name,,,
Vitvi13g01328,D,descriptive_name,,,
Vitvi15g01077,D,descriptive_name,,,
Vitvi19g01356,D,descriptive_name,,,
Vitvi19g02230,D,descriptive_name,,,
Vitvi19g04443,D,descriptive_name,,,
VKOR,C,bare_gene_symbol,,,
VKOR family protein,D,descriptive_name,,,
VKOR gene,D,descriptive_name,,,
VKORC1,C,bare_gene_symbol,,,
VlAP17 gene,D,descriptive_name,,,
VM1G_09382,D,descriptive_name,,,
VmPacC,B,species_prefix_Vm,Vm,PacC,
voltage-dependent anion channels,D,descriptive_name,,,
voltage-gated channels,D,descriptive_name,,,
voltage-gated K+ channels,D,descriptive_name,,,
VOZ gene family,D,descriptive_name,,,
VOZ genes,D,descriptive_name,,,
VOZ transcription factors,D,descriptive_name,,,
VOZ1,C,bare_gene_symbol,,,
VP,E,noise_too_short,,,
VP37,C,bare_gene_symbol,,,
VPE,C,bare_gene_symbol,,,
VPEs,D,descriptive_name,,,
VPEγ,D,descriptive_name,,,
VPg,D,descriptive_name,,,
VPg domain,D,descriptive_name,,,
VpHsfC1a,B,species_prefix_Vp,Vp,HsfC1a,
VPL proteins,D,descriptive_name,,,
VPL9,C,bare_gene_symbol,,,
VPS,C,bare_gene_symbol,,,
VPS24 homolog 1,D,descriptive_name,,,
VPS26B,C,bare_gene_symbol,,,
VPS38,C,bare_gene_symbol,,,
Vps4 AAA ATPase,D,descriptive_name,,,
Vps4p,D,descriptive_name,,,
VQ gene family,D,descriptive_name,,,
VQ proteins,D,descriptive_name,,,
VQ transcription cofactors,D,descriptive_name,,,
VR,E,noise_too_short,,,
VRADI01G05030,D,descriptive_name,,,
VRADI04G07510,D,descriptive_name,,,
VRADI04G08470,D,descriptive_name,,,
VRADI05G02870,D,descriptive_name,,,
VrAKT,B,species_prefix_Vr,Vr,AKT,
VrHKT,B,species_prefix_Vr,Vr,HKT,
VrHSP-100.2,D,descriptive_name,,,
VrHSP-20.24,D,descriptive_name,,,
VrHSP-60.11,D,descriptive_name,,,
VrHSP-60.22,D,descriptive_name,,,
VrHSP-70.2,D,descriptive_name,,,
VrKUP,B,species_prefix_Vr,Vr,KUP,
Vrn-1,D,descriptive_name,,,
VSP1,C,bare_gene_symbol,,,
VSP2,C,bare_gene_symbol,,,
VTC2,C,bare_gene_symbol,,,
VTC2/5,D,descriptive_name,,,
VTC4,C,bare_gene_symbol,,,
VTE,C,bare_gene_symbol,,,
VTE1,C,bare_gene_symbol,,,
VTE2,C,bare_gene_symbol,,,
VTE3,C,bare_gene_symbol,,,
VTE3 methyltransferase,D,descriptive_name,,,
VTE4,C,bare_gene_symbol,,,
VTE4 enzyme,D,descriptive_name,,,
VTE4 enzymes,D,descriptive_name,,,
VTE5,C,bare_gene_symbol,,,
VTE6,C,bare_gene_symbol,,,
VvACO1,B,species_prefix_Vv,Vv,ACO1,
VvACO2,B,species_prefix_Vv,Vv,ACO2,
VvACS1,B,species_prefix_Vv,Vv,ACS1,
VvALMT1,B,species_prefix_Vv,Vv,ALMT1,
VvanthoMATE1,D,descriptive_name,,,
VvanthoMATE3,D,descriptive_name,,,
VvAOMT,B,species_prefix_Vv,Vv,AOMT,
VvBAP1,B,species_prefix_Vv,Vv,BAP1,
VvBCH1,B,species_prefix_Vv,Vv,BCH1,
VvBES1,B,species_prefix_Vv,Vv,BES1,
VvBES1-1,B,species_prefix_Vv,Vv,BES1-1,
VvBES1-3,B,species_prefix_Vv,Vv,BES1-3,
VvBES1-4,B,species_prefix_Vv,Vv,BES1-4,
VvBES1-6,B,species_prefix_Vv,Vv,BES1-6,
VvBES1-7,B,species_prefix_Vv,Vv,BES1-7,
VvBES1-8,B,species_prefix_Vv,Vv,BES1-8,
VvbZIP25,B,species_prefix_Vvb,Vvb,ZIP25,
VvCBF3,B,species_prefix_Vv,Vv,CBF3,
VvCLE1,B,species_prefix_Vv,Vv,CLE1,
VvCLE2,B,species_prefix_Vv,Vv,CLE2,
VvCLE3 gene,D,descriptive_name,,,
VvCLE6,B,species_prefix_Vv,Vv,CLE6,
VvCLE8,B,species_prefix_Vv,Vv,CLE8,
VvCLE9,B,species_prefix_Vv,Vv,CLE9,
VvDNA JA6,D,descriptive_name,,,
VvDNAJA6,B,species_prefix_Vv,Vv,DNAJA6,
VvDREB2c,B,species_prefix_Vv,Vv,DREB2c,
VvDXS1,B,species_prefix_Vv,Vv,DXS1,
VvDXS1 gene,D,descriptive_name,,,
VvERF075,B,species_prefix_Vv,Vv,ERF075,
VvERF1,B,species_prefix_Vv,Vv,ERF1,
VvERS1,B,species_prefix_Vv,Vv,ERS1,
VvFAD3,B,species_prefix_Vv,Vv,FAD3,
VvGAI1,B,species_prefix_Vv,Vv,GAI1,
VvgGT1,B,species_prefix_Vvg,Vvg,GT1,
VvgGT1-3,B,species_prefix_Vvg,Vvg,GT1-3,
VvgGT2,B,species_prefix_Vvg,Vvg,GT2,
VvgGT3,B,species_prefix_Vvg,Vvg,GT3,
VvGIN1,B,species_prefix_Vv,Vv,GIN1,
VvGIN2,B,species_prefix_Vv,Vv,GIN2,
VvGOLS,B,species_prefix_Vv,Vv,GOLS,
VvGOLS1,B,species_prefix_Vv,Vv,GOLS1,
VvGST1,B,species_prefix_Vv,Vv,GST1,
VvGST3,B,species_prefix_Vv,Vv,GST3,
VvGST4,B,species_prefix_Vv,Vv,GST4,
VvGSTs,B,species_prefix_Vv,Vv,GSTs,
VvGT1,B,species_prefix_Vv,Vv,GT1,
VvHSFA2,B,species_prefix_Vv,Vv,HSFA2,
VvHSP17.9,D,descriptive_name,,,
VvHSP20 gene,D,descriptive_name,,,
VvHSP20 gene family,D,descriptive_name,,,
VvHSP20 genes,D,descriptive_name,,,
VvHSP24,B,species_prefix_Vv,Vv,HSP24,
VvHSP24-GFP,B,species_prefix_Vv,Vv,HSP24-GFP,
VvHSP70,B,species_prefix_Vv,Vv,HSP70,
Vvi3AT,D,descriptive_name,,,
Vvi3AT gene,D,descriptive_name,,,
VviAACT,B,species_prefix_Vvi,Vvi,AACT,
VviABA2,B,species_prefix_Vvi,Vvi,ABA2,
VviABCC1,B,species_prefix_Vvi,Vvi,ABCC1,
VviADH,B,species_prefix_Vvi,Vvi,ADH,
VviADH3,B,species_prefix_Vvi,Vvi,ADH3,
VviALMT9,B,species_prefix_Vvi,Vvi,ALMT9,
VviANR,B,species_prefix_Vvi,Vvi,ANR,
VviAnthoMATE2,B,species_prefix_Vvi,Vvi,AnthoMATE2,
VviAOMT,B,species_prefix_Vvi,Vvi,AOMT,
VviAOT,B,species_prefix_Vvi,Vvi,AOT,
VviAPX,B,species_prefix_Vvi,Vvi,APX,
VviASSY,B,species_prefix_Vvi,Vvi,ASSY,
VviBCH2,B,species_prefix_Vvi,Vvi,BCH2,
VvibZIP11,C,bare_gene_symbol,,,
VvibZIP53,C,bare_gene_symbol,,,
VvibZIPC22,C,bare_gene_symbol,,,
VviC4H,B,species_prefix_Vvi,Vvi,C4H,
VviCAD,B,species_prefix_Vvi,Vvi,CAD,
VviCCD4a,B,species_prefix_Vvi,Vvi,CCD4a,
VviCCD4b,B,species_prefix_Vvi,Vvi,CCD4b,
VviCCDs,B,species_prefix_Vvi,Vvi,CCDs,
VviCCR,B,species_prefix_Vvi,Vvi,CCR,
VviCHI,B,species_prefix_Vvi,Vvi,CHI,
VviCHLD,B,species_prefix_Vvi,Vvi,CHLD,
VviCHLM,B,species_prefix_Vvi,Vvi,CHLM,
VviCHS,B,species_prefix_Vvi,Vvi,CHS,
VviCISO1,B,species_prefix_Vvi,Vvi,CISO1,
VviCM,D,descriptive_name,,,
VviCOMT,B,species_prefix_Vvi,Vvi,COMT,
VviDFR,B,species_prefix_Vvi,Vvi,DFR,
VviDHAPS,B,species_prefix_Vvi,Vvi,DHAPS,
VviDHAR,B,species_prefix_Vvi,Vvi,DHAR,
VviDXR,B,species_prefix_Vvi,Vvi,DXR,
VviDXS,B,species_prefix_Vvi,Vvi,DXS,
VviDXSs,B,species_prefix_Vvi,Vvi,DXSs,
VviEXLB4,B,species_prefix_Vvi,Vvi,EXLB4,
VviF3'5'H,D,descriptive_name,,,
VviF3'H,D,descriptive_name,,,
VviF3'Ha,D,descriptive_name,,,
VviF5H,B,species_prefix_Vvi,Vvi,F5H,
VviFLS1,B,species_prefix_Vvi,Vvi,FLS1,
VviFLS4,B,species_prefix_Vvi,Vvi,FLS4,
VviFLS5,B,species_prefix_Vvi,Vvi,FLS5,
VviGATA11,B,species_prefix_Vvi,Vvi,GATA11,
VviGGPPS,B,species_prefix_Vvi,Vvi,GGPPS,
VviGH3,B,species_prefix_Vvi,Vvi,GH3,
VviGLTS,B,species_prefix_Vvi,Vvi,GLTS,
VviGOLS,B,species_prefix_Vvi,Vvi,GOLS,
VviGPPS,B,species_prefix_Vvi,Vvi,GPPS,
VviGS,D,descriptive_name,,,
VviGST2,B,species_prefix_Vvi,Vvi,GST2,
VviGST3,B,species_prefix_Vvi,Vvi,GST3,
VviGST4,B,species_prefix_Vvi,Vvi,GST4,
VviGST5,B,species_prefix_Vvi,Vvi,GST5,
VviGT1,B,species_prefix_Vvi,Vvi,GT1,
VviGT14,B,species_prefix_Vvi,Vvi,GT14,
VviGT15,B,species_prefix_Vvi,Vvi,GT15,
VviGT5,B,species_prefix_Vvi,Vvi,GT5,
VviGT6,B,species_prefix_Vvi,Vvi,GT6,
VviGTs,B,species_prefix_Vvi,Vvi,GTs,
VviHCT,B,species_prefix_Vvi,Vvi,HCT,
VviHMGR,B,species_prefix_Vvi,Vvi,HMGR,
VviHSFA6B,B,species_prefix_Vvi,Vvi,HSFA6B,
VviHT2,B,species_prefix_Vvi,Vvi,HT2,
VviHY5,B,species_prefix_Vvi,Vvi,HY5,
VviHyd1,B,species_prefix_Vvi,Vvi,Hyd1,
VviHyd2,B,species_prefix_Vvi,Vvi,Hyd2,
VviKFB07,B,species_prefix_Vvi,Vvi,KFB07,
VviLAR,B,species_prefix_Vvi,Vvi,LAR,
VviLAR1,B,species_prefix_Vvi,Vvi,LAR1,
VviLAR2,B,species_prefix_Vvi,Vvi,LAR2,
VviLBCY2,B,species_prefix_Vvi,Vvi,LBCY2,
VviLDOX,B,species_prefix_Vvi,Vvi,LDOX,
VviLECY,B,species_prefix_Vvi,Vvi,LECY,
VviLOXA,B,species_prefix_Vvi,Vvi,LOXA,
VviMYB14,B,species_prefix_Vvi,Vvi,MYB14,
VviMYB15,B,species_prefix_Vvi,Vvi,MYB15,
VviMYB5a,B,species_prefix_Vvi,Vvi,MYB5a,
VviMYB5b,B,species_prefix_Vvi,Vvi,MYB5b,
VviMYBC2-L1,B,species_prefix_Vvi,Vvi,MYBC2-L1,
VviMYBF1,B,species_prefix_Vvi,Vvi,MYBF1,
VviMYBPA1,B,species_prefix_Vvi,Vvi,MYBPA1,
VviNCED,B,species_prefix_Vvi,Vvi,NCED,
VviNCED1,B,species_prefix_Vvi,Vvi,NCED1,
VviNCED2,B,species_prefix_Vvi,Vvi,NCED2,
VviNCED3,B,species_prefix_Vvi,Vvi,NCED3,
VviOMT3,B,species_prefix_Vvi,Vvi,OMT3,
VviPAL,B,species_prefix_Vvi,Vvi,PAL,
VviPP2C genes,D,descriptive_name,,,
VviPrx31,B,species_prefix_Vvi,Vvi,Prx31,
VviPSY,B,species_prefix_Vvi,Vvi,PSY,
VviPSYs,B,species_prefix_Vvi,Vvi,PSYs,
VviPYR/PYL,D,descriptive_name,,,
VviSDH,B,species_prefix_Vvi,Vvi,SDH,
VviSK,D,descriptive_name,,,
VviSPS1,B,species_prefix_Vvi,Vvi,SPS1,
VviSTS,B,species_prefix_Vvi,Vvi,STS,
VviSWEET10,B,species_prefix_Vvi,Vvi,SWEET10,
VviTPS,B,species_prefix_Vvi,Vvi,TPS,
VviTPS-b/g,D,descriptive_name,,,
VviTPS25,B,species_prefix_Vvi,Vvi,TPS25,
VviTPS31,B,species_prefix_Vvi,Vvi,TPS31,
VviTPSs,B,species_prefix_Vvi,Vvi,TPSs,
VviUFGT,B,species_prefix_Vvi,Vvi,UFGT,
VviVDE2,B,species_prefix_Vvi,Vvi,VDE2,
VviVTC2,B,species_prefix_Vvi,Vvi,VTC2,
VviWRKY03,B,species_prefix_Vvi,Vvi,WRKY03,
VviZDS1,B,species_prefix_Vvi,Vvi,ZDS1,
VviZISO1,B,species_prefix_Vvi,Vvi,ZISO1,
VvJAZ9,B,species_prefix_Vv,Vv,JAZ9,
VvMYB12,B,species_prefix_Vv,Vv,MYB12,
VvMYB14,B,species_prefix_Vv,Vv,MYB14,
VvMYB15,B,species_prefix_Vv,Vv,MYB15,
VvMYB86,B,species_prefix_Vv,Vv,MYB86,
VvMybA1,B,species_prefix_Vv,Vv,MybA1,
VvMybA3,B,species_prefix_Vv,Vv,MybA3,
VvMYBF1,B,species_prefix_Vv,Vv,MYBF1,
VvMybPA1,B,species_prefix_Vv,Vv,MybPA1,
VvMybPA2,B,species_prefix_Vv,Vv,MybPA2,
VvNCED1,B,species_prefix_Vv,Vv,NCED1,
VvNCED3,B,species_prefix_Vv,Vv,NCED3,
VvNPR1,B,species_prefix_Vv,Vv,NPR1,
VvP5cs,B,species_prefix_Vv,Vv,P5cs,
VvPDF1.2,D,descriptive_name,,,
VvPpdk,B,species_prefix_Vv,Vv,Ppdk,
VvPYL1,B,species_prefix_Vv,Vv,PYL1,
VvRS,D,descriptive_name,,,
VvSLAH3,B,species_prefix_Vv,Vv,SLAH3,
VvSTS18,B,species_prefix_Vv,Vv,STS18,
VvTHI2,B,species_prefix_Vv,Vv,THI2,
VvUFGT,B,species_prefix_Vv,Vv,UFGT,
VvVSP1,B,species_prefix_Vv,Vv,VSP1,
VvWRKY1,B,species_prefix_Vv,Vv,WRKY1,
vvy,D,descriptive_name,,,
VvβG1,D,descriptive_name,,,
VyUSPA3,B,species_prefix_Vy,Vy,USPA3,
W-box,D,descriptive_name,,,
W-box motifs,D,descriptive_name,,,
WA352,C,bare_gene_symbol,,,
WAK,C,bare_gene_symbol,,,
WAK1,C,bare_gene_symbol,,,
WAK1 receptors,D,descriptive_name,,,
WAKL,C,bare_gene_symbol,,,
Wall-associated kinase,D,descriptive_name,,,
wall-associated kinases,D,descriptive_name,,,
wall-associated receptor kinases,D,descriptive_name,,,
wAP2 transcription factor,D,descriptive_name,,,
WAT1,C,bare_gene_symbol,,,
water channel proteins,D,descriptive_name,,,
water channels,D,descriptive_name,,,
water metabolism genes,D,descriptive_name,,,
water transporters,D,descriptive_name,,,
Water-channel proteins,D,descriptive_name,,,
water-soluble glycoproteins,D,descriptive_name,,,
water-use efficiency gene,D,descriptive_name,,,
WAVE,C,bare_gene_symbol,,,
wax synthase/acyl-CoA:diacylglycerol acyltransferase,D,descriptive_name,,,
wax-related genes,D,descriptive_name,,,
WAX2,C,bare_gene_symbol,,,
WAXY,C,bare_gene_symbol,,,
waxy enzyme,D,descriptive_name,,,
Waxy gene,D,descriptive_name,,,
WBM,C,bare_gene_symbol,,,
WBOXATNPR1,C,bare_gene_symbol,,,
wco1,D,descriptive_name,,,
wco2,D,descriptive_name,,,
WD repeat proteins,D,descriptive_name,,,
WD40,C,bare_gene_symbol,,,
WD40 protein,D,descriptive_name,,,
WD40 repeat sequence protein AGB1,D,descriptive_name,,,
WEI8,C,bare_gene_symbol,,,
wei8-1 tar1-1,D,descriptive_name,,,
WER,C,bare_gene_symbol,,,
WG-eEF2,D,descriptive_name,,,
WGCNA module ME3,D,descriptive_name,,,
WGCNA module TM8,D,descriptive_name,,,
WHAB1.6,C,bare_gene_symbol,,,
wheat aconitase proteins,D,descriptive_name,,,
wheat eIF2,D,descriptive_name,,,
wheat FKBP genes,D,descriptive_name,,,
wheat germ eEF2,D,descriptive_name,,,
wheat initiation factor TaeIF2α,D,descriptive_name,,,
wheat LTP,D,descriptive_name,,,
wheat PAO genes,D,descriptive_name,,,
wheat SSI isoforms,D,descriptive_name,,,
wheat TaACO genes,D,descriptive_name,,,
WHIRLY proteins,D,descriptive_name,,,
white-collar complex genes,D,descriptive_name,,,
WHY genes,D,descriptive_name,,,
WHY proteins,D,descriptive_name,,,
WHY1,C,bare_gene_symbol,,,
why3,D,descriptive_name,,,
WI5,C,bare_gene_symbol,,,
WI5 xylanase,D,descriptive_name,,,
WIN2,C,bare_gene_symbol,,,
WIND2,C,bare_gene_symbol,,,
WINDs,D,descriptive_name,,,
With-No-Lysine,D,descriptive_name,,,
With-No-Lysine kinase genes,D,descriptive_name,,,
WK-box,D,descriptive_name,,,
WKS1,C,bare_gene_symbol,,,
WKS1 protein,D,descriptive_name,,,
WLP2,C,bare_gene_symbol,,,
WNK,C,bare_gene_symbol,,,
WNK family kinases,D,descriptive_name,,,
WNK gene family,D,descriptive_name,,,
WNK genes,D,descriptive_name,,,
WNK kinases,D,descriptive_name,,,
wound-induced protein 2,D,descriptive_name,,,
wound/stress protein lipoxygenase,D,descriptive_name,,,
wounding-responsive genes,D,descriptive_name,,,
WOX1,C,bare_gene_symbol,,,
WOX11,C,bare_gene_symbol,,,
WOX4,C,bare_gene_symbol,,,
WOX4 genes,D,descriptive_name,,,
WOX4/14,D,descriptive_name,,,
WOX6,C,bare_gene_symbol,,,
Wrab17.1,D,descriptive_name,,,
WRAB18,C,bare_gene_symbol,,,
WRAB18 gene,D,descriptive_name,,,
WRAB18 protein,D,descriptive_name,,,
WRI1,C,bare_gene_symbol,,,
WRK29,C,bare_gene_symbol,,,
WRKY,C,bare_gene_symbol,,,
WRKY domain transcription factors,D,descriptive_name,,,
WRKY domain-containing proteins,D,descriptive_name,,,
WRKY domains,D,descriptive_name,,,
WRKY factor,D,descriptive_name,,,
WRKY factors,D,descriptive_name,,,
WRKY family,D,descriptive_name,,,
WRKY family transcription factors,D,descriptive_name,,,
WRKY genes,D,descriptive_name,,,
WRKY group IId proteins,D,descriptive_name,,,
WRKY orthologs,D,descriptive_name,,,
WRKY proteins,D,descriptive_name,,,
WRKY TFs,D,descriptive_name,,,
WRKY transcription factor,D,descriptive_name,,,
WRKY transcription factor family,D,descriptive_name,,,
WRKY transcription factor genes,D,descriptive_name,,,
WRKY transcription factors,D,descriptive_name,,,
WRKY-domain genes,D,descriptive_name,,,
WRKY-encoding genes,D,descriptive_name,,,
WRKY10,C,bare_gene_symbol,,,
WRKY13,C,bare_gene_symbol,,,
WRKY18,C,bare_gene_symbol,,,
WRKY18-1,D,descriptive_name,,,
WRKY18-3,D,descriptive_name,,,
WRKY20,C,bare_gene_symbol,,,
WRKY22,C,bare_gene_symbol,,,
WRKY23,C,bare_gene_symbol,,,
WRKY24,C,bare_gene_symbol,,,
WRKY24-like,D,descriptive_name,,,
WRKY25,C,bare_gene_symbol,,,
WRKY26,C,bare_gene_symbol,,,
WRKY28,C,bare_gene_symbol,,,
WRKY30,C,bare_gene_symbol,,,
WRKY31,C,bare_gene_symbol,,,
WRKY33,C,bare_gene_symbol,,,
WRKY33 transcription factor,D,descriptive_name,,,
WRKY35,C,bare_gene_symbol,,,
WRKY38,C,bare_gene_symbol,,,
WRKY39,C,bare_gene_symbol,,,
WRKY40,C,bare_gene_symbol,,,
WRKY40 transcription factor,D,descriptive_name,,,
WRKY41,C,bare_gene_symbol,,,
WRKY46a,D,descriptive_name,,,
WRKY5,C,bare_gene_symbol,,,
WRKY51,C,bare_gene_symbol,,,
wrky53,D,descriptive_name,,,
WRKY57,C,bare_gene_symbol,,,
WRKY6,C,bare_gene_symbol,,,
WRKY62,C,bare_gene_symbol,,,
WRKY65,C,bare_gene_symbol,,,
WRKY70,C,bare_gene_symbol,,,
WRKY70 transcription factor,D,descriptive_name,,,
WRKY71,C,bare_gene_symbol,,,
WRKY710S,C,bare_gene_symbol,,,
WRKY71OS,C,bare_gene_symbol,,,
WRKY72,C,bare_gene_symbol,,,
WRKY75,C,bare_gene_symbol,,,
WRKYs,D,descriptive_name,,,
WSD,C,bare_gene_symbol,,,
WSD1,C,bare_gene_symbol,,,
WSD7,C,bare_gene_symbol,,,
wsi76,D,descriptive_name,,,
WSL2,C,bare_gene_symbol,,,
WsSGTL1,B,species_prefix_Ws,Ws,SGTL1,
WUS,C,bare_gene_symbol,,,
WUSCHEL,C,bare_gene_symbol,,,
WX,E,noise_too_short,,,
Wx gene,D,descriptive_name,,,
Wxa,D,descriptive_name,,,
Wxb,D,descriptive_name,,,
Wxb allele,D,descriptive_name,,,
Wxla,D,descriptive_name,,,
Wxlv,D,descriptive_name,,,
x,E,noise_too_short,,,
X-linked inhibitor of apoptosis protein,D,descriptive_name,,,
Xa13,C,bare_gene_symbol,,,
Xa4,C,bare_gene_symbol,,,
Xa41,C,bare_gene_symbol,,,
Xa7,C,bare_gene_symbol,,,
Xa7 gene,D,descriptive_name,,,
xanA,D,descriptive_name,,,
xanB,D,descriptive_name,,,
xanthine dehydrogenase,D,descriptive_name,,,
xanthine dehydrogenase/oxidase,D,descriptive_name,,,
xanthine oxidase,D,descriptive_name,,,
xanthophyll cycle enzymes,D,descriptive_name,,,
xanthotoxin 5-hydroxylase,D,descriptive_name,,,
xanthoxin dehydrogenase,D,descriptive_name,,,
XAT,C,bare_gene_symbol,,,
Xbarc125-3D,D,descriptive_name,,,
XBAT31,C,bare_gene_symbol,,,
Xcfd17-2D,D,descriptive_name,,,
Xcfd53,C,bare_gene_symbol,,,
XDH,C,bare_gene_symbol,,,
XET,C,bare_gene_symbol,,,
XET/XTH,D,descriptive_name,,,
XET25,C,bare_gene_symbol,,,
XET8,C,bare_gene_symbol,,,
XET9,C,bare_gene_symbol,,,
XETs,D,descriptive_name,,,
XGD1,C,bare_gene_symbol,,,
Xgwm261,C,bare_gene_symbol,,,
XLT2,C,bare_gene_symbol,,,
XM_008655452,A,refseq_id,,,
XM_008677226,A,refseq_id,,,
XO,E,noise_too_short,,,
XRN4,C,bare_gene_symbol,,,
XsHSF gene,D,descriptive_name,,,
XsHSF gene family,D,descriptive_name,,,
XsHSF genes,D,descriptive_name,,,
XsHSF1,B,species_prefix_Xs,Xs,HSF1,
XsHSF10,B,species_prefix_Xs,Xs,HSF10,
XsHSF11,B,species_prefix_Xs,Xs,HSF11,
XsHSF13,B,species_prefix_Xs,Xs,HSF13,
XsHSF15,B,species_prefix_Xs,Xs,HSF15,
XsHSF20,B,species_prefix_Xs,Xs,HSF20,
XsHSF5,B,species_prefix_Xs,Xs,HSF5,
XsHSF7,B,species_prefix_Xs,Xs,HSF7,
XsHSF9,B,species_prefix_Xs,Xs,HSF9,
XsHSFs,B,species_prefix_Xs,Xs,HSFs,
XTH,C,bare_gene_symbol,,,
XTH gene,D,descriptive_name,,,
XTH genes,D,descriptive_name,,,
XTH proteins,D,descriptive_name,,,
XTH17,C,bare_gene_symbol,,,
XTH19,C,bare_gene_symbol,,,
XTH24,C,bare_gene_symbol,,,
XTH3,C,bare_gene_symbol,,,
XTH30,C,bare_gene_symbol,,,
XTH33,C,bare_gene_symbol,,,
XTH6,C,bare_gene_symbol,,,
XTR-6,D,descriptive_name,,,
XTR6,C,bare_gene_symbol,,,
XXT,C,bare_gene_symbol,,,
XXT1,C,bare_gene_symbol,,,
XXT2,C,bare_gene_symbol,,,
XXT5,C,bare_gene_symbol,,,
XYL1,C,bare_gene_symbol,,,
xylA1-xylA4,D,descriptive_name,,,
xylan arabinosyl-transferase,D,descriptive_name,,,
xylan-metabolizing enzymes,D,descriptive_name,,,
xylanase,D,descriptive_name,,,
Xylanase inhibitors,D,descriptive_name,,,
xylanases,D,descriptive_name,,,
xylogalacturonan xylosyltransferase,D,descriptive_name,,,
xyloglucan endo-transferase,D,descriptive_name,,,
xyloglucan endo-transferase 25,D,descriptive_name,,,
xyloglucan endo-transglycosylase,D,descriptive_name,,,
xyloglucan endo-transglycosylase/hydrolase,D,descriptive_name,,,
xyloglucan endo-transglycosylases,D,descriptive_name,,,
Xyloglucan endo-β-transglycosylases,D,descriptive_name,,,
xyloglucan endohydrolase,D,descriptive_name,,,
xyloglucan endotransglucosylase,D,descriptive_name,,,
xyloglucan endotransglucosylase enzymes,D,descriptive_name,,,
xyloglucan endotransglucosylase/hydrolase,D,descriptive_name,,,
Xyloglucan endotransglucosylase/hydrolase 6,D,descriptive_name,,,
xyloglucan endotransglucosylase/hydrolase protein 23,D,descriptive_name,,,
Xyloglucan endotransglucosylase/hydrolase protein A,D,descriptive_name,,,
Xyloglucan endotransglucosylases,D,descriptive_name,,,
xyloglucan endotransglucosylases/hydrolases,D,descriptive_name,,,
xyloglucan endotransglycolase/hydrolase,D,descriptive_name,,,
xyloglucan endotransglycosylase,D,descriptive_name,,,
xyloglucan endotransglycosylase/hydrolase,D,descriptive_name,,,
Xyloglucan endotransglycosylase/hydrolase genes,D,descriptive_name,,,
xyloglucan endotransglycosylase/hydrolases,D,descriptive_name,,,
xyloglucan genes,D,descriptive_name,,,
Xyloglucan glycosyltransferase,D,descriptive_name,,,
xyloglucan specific endoglucanase,D,descriptive_name,,,
xyloglucan transferases,D,descriptive_name,,,
xyloglucan transglucosylases,D,descriptive_name,,,
xyloglucan-related genes,D,descriptive_name,,,
xyloglucan-specific endonuclease inhibitors,D,descriptive_name,,,
xyloglucan: xyloglucosyl transferase,D,descriptive_name,,,
xyloglucan:xyloglucosyl transferase,D,descriptive_name,,,
xyloglucan:xyloglucosyl transferase TCH4,D,descriptive_name,,,
xyloglucan:xyloglucosyl transferase TCH4 genes,D,descriptive_name,,,
Xylose isomerase,D,descriptive_name,,,
xylose synthases,D,descriptive_name,,,
xylosyl-related proteins,D,descriptive_name,,,
xylosyltransferases,D,descriptive_name,,,
Xyn,D,descriptive_name,,,
Y,E,noise_too_short,,,
Y2K4 dehydrin variant G3,D,descriptive_name,,,
YAB4,C,bare_gene_symbol,,,
yap1Δ,D,descriptive_name,,,
YbiA,D,descriptive_name,,,
YC3.6,C,bare_gene_symbol,,,
ycaD,D,descriptive_name,,,
ycf1,D,descriptive_name,,,
yeast,D,descriptive_name,,,
Yellow Fluorescent Protein,D,descriptive_name,,,
Yellow Stripe,D,descriptive_name,,,
YfdX protein family,D,descriptive_name,,,
yfhA,D,descriptive_name,,,
yfiY,D,descriptive_name,,,
YFP,C,bare_gene_symbol,,,
YFP-tagged HSFA4A protein,D,descriptive_name,,,
ygbA,D,descriptive_name,,,
YGL1,C,bare_gene_symbol,,,
yhaK,D,descriptive_name,,,
yhcN,D,descriptive_name,,,
yhhW,D,descriptive_name,,,
yoaG,D,descriptive_name,,,
yqhD,D,descriptive_name,,,
Yr16,C,bare_gene_symbol,,,
Yr18,C,bare_gene_symbol,,,
Yr18/Lr34,D,descriptive_name,,,
YS1,C,bare_gene_symbol,,,
YS1/YSL family transporters,D,descriptive_name,,,
YSL family,D,descriptive_name,,,
YSL transporters,D,descriptive_name,,,
YSL2,C,bare_gene_symbol,,,
YT521,C,bare_gene_symbol,,,
YT521-B,D,descriptive_name,,,
ytfE,D,descriptive_name,,,
YTHDF2,C,bare_gene_symbol,,,
YTHDF2 loci,D,descriptive_name,,,
YTP genes,D,descriptive_name,,,
YTPs,D,descriptive_name,,,
YUC,C,bare_gene_symbol,,,
YUC enzymes,D,descriptive_name,,,
YUC family,D,descriptive_name,,,
YUC flavin monooxygenases,D,descriptive_name,,,
YUC gene,D,descriptive_name,,,
YUC genes,D,descriptive_name,,,
YUC members,D,descriptive_name,,,
YUC proteins,D,descriptive_name,,,
YUC1,C,bare_gene_symbol,,,
YUC10,C,bare_gene_symbol,,,
YUC11,C,bare_gene_symbol,,,
YUC2,C,bare_gene_symbol,,,
YUC4,C,bare_gene_symbol,,,
YUC4::nls3xGFP,D,descriptive_name,,,
YUC5,C,bare_gene_symbol,,,
YUC6,C,bare_gene_symbol,,,
YUC8,C,bare_gene_symbol,,,
YUC8 promoter,D,descriptive_name,,,
YUC9,C,bare_gene_symbol,,,
YUCC6,C,bare_gene_symbol,,,
YUCCA,C,bare_gene_symbol,,,
YUCCA 8,D,descriptive_name,,,
YUCCA enzyme,D,descriptive_name,,,
YUCCA enzymes,D,descriptive_name,,,
YUCCA family,D,descriptive_name,,,
YUCCA family genes,D,descriptive_name,,,
YUCCA flavin monooxygenases,D,descriptive_name,,,
YUCCA flavin-containing monooxygenases,D,descriptive_name,,,
YUCCA gene family,D,descriptive_name,,,
YUCCA genes,D,descriptive_name,,,
YUCCA promoters,D,descriptive_name,,,
YUCCA protein,D,descriptive_name,,,
YUCCA proteins,D,descriptive_name,,,
YUCCA1,C,bare_gene_symbol,,,
YUCCA11,C,bare_gene_symbol,,,
YUCCA2,C,bare_gene_symbol,,,
YUCCA2/6,D,descriptive_name,,,
YUCCA3,C,bare_gene_symbol,,,
YUCCA6,C,bare_gene_symbol,,,
YUCCA8,C,bare_gene_symbol,,,
YUCCA9,C,bare_gene_symbol,,,
YUCCAs,D,descriptive_name,,,
yucQ,D,descriptive_name,,,
YUCs,D,descriptive_name,,,
yusV,D,descriptive_name,,,
YZ1,C,bare_gene_symbol,,,
YZ10,C,bare_gene_symbol,,,
YZ5,C,bare_gene_symbol,,,
YZ8,C,bare_gene_symbol,,,
YZ9,C,bare_gene_symbol,,,
Z-carotene desaturase,D,descriptive_name,,,
Z-carotene desaturase gene,D,descriptive_name,,,
Z-ISO,D,descriptive_name,,,
Z1D alpha zein,D,descriptive_name,,,
ZAT,C,bare_gene_symbol,,,
ZAT10,C,bare_gene_symbol,,,
ZAT12,C,bare_gene_symbol,,,
ZAT18,C,bare_gene_symbol,,,
ZAT6,C,bare_gene_symbol,,,
ZAT7,C,bare_gene_symbol,,,
ZATs,D,descriptive_name,,,
ZCE1,C,bare_gene_symbol,,,
ZCW32,C,bare_gene_symbol,,,
ZDS,C,bare_gene_symbol,,,
ZE,E,noise_too_short,,,
zeamatin-like proteins,D,descriptive_name,,,
Zeatin biosynthesis genes,D,descriptive_name,,,
zeatin O-glucosyltransferase,D,descriptive_name,,,
zeatin O-xylosyltransferase,D,descriptive_name,,,
zeatin O-xylosyltransferase-like proteins,D,descriptive_name,,,
Zeaxanthin epoxidase,D,descriptive_name,,,
zeaxanthin epoxidase 1,D,descriptive_name,,,
zeaxanthin glucosyl transferase,D,descriptive_name,,,
zeaxanthin-epoxidase,D,descriptive_name,,,
zein,D,descriptive_name,,,
zein proteins,D,descriptive_name,,,
Zeins,D,descriptive_name,,,
zeomycin-resistant gene,D,descriptive_name,,,
ZEP,C,bare_gene_symbol,,,
ZEP gene,D,descriptive_name,,,
ZEP1,C,bare_gene_symbol,,,
zep3,D,descriptive_name,,,
Zeta-carotene desaturase,D,descriptive_name,,,
ZF1,C,bare_gene_symbol,,,
ZFAR1,C,bare_gene_symbol,,,
ZFP,C,bare_gene_symbol,,,
ZFP182,C,bare_gene_symbol,,,
ZFP185,C,bare_gene_symbol,,,
ZFP36,C,bare_gene_symbol,,,
ZFP5,C,bare_gene_symbol,,,
ZFPs,D,descriptive_name,,,
ZIFL1,C,bare_gene_symbol,,,
ZIM,C,bare_gene_symbol,,,
zinc finger,D,descriptive_name,,,
Zinc finger family proteins,D,descriptive_name,,,
Zinc finger genes,D,descriptive_name,,,
zinc finger motifs,D,descriptive_name,,,
zinc finger protein,D,descriptive_name,,,
zinc finger protein DST,D,descriptive_name,,,
ZINC FINGER PROTEIN5,D,descriptive_name,,,
zinc finger proteins,D,descriptive_name,,,
zinc finger transcription factor,D,descriptive_name,,,
zinc finger transcription factors,D,descriptive_name,,,
zinc fingers,D,descriptive_name,,,
zinc ion-binding domain,D,descriptive_name,,,
zinc transporter,D,descriptive_name,,,
Zinc transporter 4,D,descriptive_name,,,
Zinc transporter 6,D,descriptive_name,,,
Zinc transporter genes,D,descriptive_name,,,
zinc transporters,D,descriptive_name,,,
zinc-binding dehydrogenase family protein,D,descriptive_name,,,
Zinc-finger protein 1,D,descriptive_name,,,
zinc-finger proteins,D,descriptive_name,,,
zinc-induced facilitator,D,descriptive_name,,,
Zinc-Induced Facilitator 1,D,descriptive_name,,,
ZIP proteins,D,descriptive_name,,,
ZIP zinc/iron transporters,D,descriptive_name,,,
ZIP2,C,bare_gene_symbol,,,
ZjANS,B,species_prefix_Zj,Zj,ANS,
ZjANS proteins,D,descriptive_name,,,
ZjANS17,B,species_prefix_Zj,Zj,ANS17,
ZjBAM,B,species_prefix_Zj,Zj,BAM,
ZjCHS,B,species_prefix_Zj,Zj,CHS,
ZjDFR,B,species_prefix_Zj,Zj,DFR,
ZjFes1,B,species_prefix_Zj,Zj,Fes1,
ZjNCED,B,species_prefix_Zj,Zj,NCED,
ZjPAL,B,species_prefix_Zj,Zj,PAL,
ZjPSY,B,species_prefix_Zj,Zj,PSY,
ZjPSY mRNA,D,descriptive_name,,,
ZjPSY promoter,D,descriptive_name,,,
ZjPSY promoter sequence,D,descriptive_name,,,
ZjSPS,B,species_prefix_Zj,Zj,SPS,
ZlMYB1,B,species_prefix_Zl,Zl,MYB1,
ZlMYB2,B,species_prefix_Zl,Zl,MYB2,
Zm00001d002374,A,maize_locus,,,
Zm00001d009382,A,maize_locus,,,
Zm00001d009714,A,maize_locus,,,
Zm00001d011377,A,maize_locus,,,
Zm00001d012296,A,maize_locus,,,
Zm00001d015777,A,maize_locus,,,
Zm00001d018803,A,maize_locus,,,
Zm00001d019163,A,maize_locus,,,
Zm00001d0200272,A,maize_locus,,,
Zm00001d021927,A,maize_locus,,,
Zm00001d027524,A,maize_locus,,,
Zm00001d028931,A,maize_locus,,,
Zm00001d029594,A,maize_locus,,,
Zm00001d031449,A,maize_locus,,,
Zm00001d031749,A,maize_locus,,,
Zm00001d032664,A,maize_locus,,,
Zm00001d033327,A,maize_locus,,,
Zm00001d033328,A,maize_locus,,,
Zm00001d033805,A,maize_locus,,,
Zm00001d033862,A,maize_locus,,,
Zm00001d034346,A,maize_locus,,,
Zm00001d037724,A,maize_locus,,,
Zm00001d038165,A,maize_locus,,,
Zm00001d039487,A,maize_locus,,,
Zm00001d039629,A,maize_locus,,,
Zm00001d039685,A,maize_locus,,,
Zm00001d043247,A,maize_locus,,,
Zm00001d045203,A,maize_locus,,,
Zm00001d045470,A,maize_locus,,,
Zm00001d047424,A,maize_locus,,,
Zm00001d047757,A,maize_locus,,,
Zm00001d048444,A,maize_locus,,,
Zm00001d048531,A,maize_locus,,,
Zm00001d048559,A,maize_locus,,,
Zm00001d048667,A,maize_locus,,,
Zm00001d048710,A,maize_locus,,,
Zm00001d051194,A,maize_locus,,,
Zm00001d053675,A,maize_locus,,,
Zm00001eb196650,D,descriptive_name,,,
Zm00001eb211100,D,descriptive_name,,,
Zm00001eb373970,D,descriptive_name,,,
ZmAAR1,B,species_prefix_Zm,Zm,AAR1,
ZmABC1-10,B,species_prefix_Zm,Zm,ABC1-10,
ZmABF2,B,species_prefix_Zm,Zm,ABF2,
ZmABI5,B,species_prefix_Zm,Zm,ABI5,
ZmACX family genes,D,descriptive_name,,,
ZmACX genes,D,descriptive_name,,,
ZmACX1,B,species_prefix_Zm,Zm,ACX1,
ZmACX2,B,species_prefix_Zm,Zm,ACX2,
ZmACX3,B,species_prefix_Zm,Zm,ACX3,
ZmACX4,B,species_prefix_Zm,Zm,ACX4,
ZmACX6,B,species_prefix_Zm,Zm,ACX6,
ZmAGO,B,species_prefix_Zm,Zm,AGO,
ZmAGO genes,D,descriptive_name,,,
ZmAGO10a/b,D,descriptive_name,,,
ZmAGO18a,B,species_prefix_Zm,Zm,AGO18a,
ZmAGO18b,B,species_prefix_Zm,Zm,AGO18b,
ZmAGO1a/b,D,descriptive_name,,,
ZmAGO1a/b/c/f,D,descriptive_name,,,
ZmAGO1a/c,D,descriptive_name,,,
ZmAGO1b/f,D,descriptive_name,,,
ZmAGO2b,B,species_prefix_Zm,Zm,AGO2b,
ZmAGO4,B,species_prefix_Zm,Zm,AGO4,
ZmAGO5b/c,D,descriptive_name,,,
ZmAGO5b/c/d,D,descriptive_name,,,
ZmAGO5d,B,species_prefix_Zm,Zm,AGO5d,
ZmAGO7,B,species_prefix_Zm,Zm,AGO7,
ZmAGO9,B,species_prefix_Zm,Zm,AGO9,
ZmAGOs,B,species_prefix_Zm,Zm,AGOs,
ZmAKR1,B,species_prefix_Zm,Zm,AKR1,
ZmANT,B,species_prefix_Zm,Zm,ANT,
ZmAPL2,B,species_prefix_Zm,Zm,APL2,
ZmAPX,B,species_prefix_Zm,Zm,APX,
ZmARF family genes,D,descriptive_name,,,
ZmBADH,B,species_prefix_Zm,Zm,BADH,
ZmBELL02,B,species_prefix_Zm,Zm,BELL02,
ZmBELL03,B,species_prefix_Zm,Zm,BELL03,
ZmBELL11,B,species_prefix_Zm,Zm,BELL11,
ZmBIPb,B,species_prefix_Zm,Zm,BIPb,
ZmBSK1,B,species_prefix_Zm,Zm,BSK1,
ZmBSL2,B,species_prefix_Zm,Zm,BSL2,
ZmbZIP33,B,species_prefix_Zmb,Zmb,ZIP33,
ZmbZIP60,B,species_prefix_Zmb,Zmb,ZIP60,
ZmcAPX,B,species_prefix_Zmc,Zmc,APX,
ZmCAT,B,species_prefix_Zm,Zm,CAT,
ZmCAT gene,D,descriptive_name,,,
ZmCAT1,B,species_prefix_Zm,Zm,CAT1,
ZmCAT2,B,species_prefix_Zm,Zm,CAT2,
ZmCDPK7,B,species_prefix_Zm,Zm,CDPK7,
ZmCesA2,B,species_prefix_Zm,Zm,CesA2,
ZmCGT1_1,D,descriptive_name,,,
ZmCIGR2,B,species_prefix_Zm,Zm,CIGR2,
ZmCIPK5,B,species_prefix_Zm,Zm,CIPK5,
ZmCISZOG,B,species_prefix_Zm,Zm,CISZOG,
ZmCL,D,descriptive_name,,,
ZmCSD5,B,species_prefix_Zm,Zm,CSD5,
ZmCSL,B,species_prefix_Zm,Zm,CSL,
ZmCYP707A1,B,species_prefix_Zm,Zm,CYP707A1,
ZmCZSOD-1,B,species_prefix_Zm,Zm,CZSOD-1,
ZmCZSOD-2,B,species_prefix_Zm,Zm,CZSOD-2,
ZmCZSOD1,B,species_prefix_Zm,Zm,CZSOD1,
ZmDES,B,species_prefix_Zm,Zm,DES,
ZmDET2,B,species_prefix_Zm,Zm,DET2,
ZmDHAR1,B,species_prefix_Zm,Zm,DHAR1,
ZmDIR11,B,species_prefix_Zm,Zm,DIR11,
ZmDnaJ family members,D,descriptive_name,,,
ZmDnaJ gene family,D,descriptive_name,,,
ZmDnaJ genes,D,descriptive_name,,,
ZmDREB1,B,species_prefix_Zm,Zm,DREB1,
ZmDREB2A,B,species_prefix_Zm,Zm,DREB2A,
ZmDREB4.1,D,descriptive_name,,,
ZmENO1,B,species_prefix_Zm,Zm,ENO1,
ZmERF1,B,species_prefix_Zm,Zm,ERF1,
ZmERF113,B,species_prefix_Zm,Zm,ERF113,
ZmEXPA1,B,species_prefix_Zm,Zm,EXPA1,
ZmF5H,B,species_prefix_Zm,Zm,F5H,
ZmFAB2,B,species_prefix_Zm,Zm,FAB2,
ZmFAB2.6,D,descriptive_name,,,
ZmFAB2.7,D,descriptive_name,,,
ZmFAD2,B,species_prefix_Zm,Zm,FAD2,
ZmFAD2.1,D,descriptive_name,,,
ZmFAD2.2,D,descriptive_name,,,
ZmFAD4.1,D,descriptive_name,,,
ZmFAD4.2,D,descriptive_name,,,
ZmFAD5,B,species_prefix_Zm,Zm,FAD5,
ZmFAD7,B,species_prefix_Zm,Zm,FAD7,
ZmFeSOD-3,B,species_prefix_Zm,Zm,FeSOD-3,
ZmFeSOD-4,B,species_prefix_Zm,Zm,FeSOD-4,
ZmGA2ox,B,species_prefix_Zm,Zm,GA2ox,
ZmGAD1,B,species_prefix_Zm,Zm,GAD1,
ZmGATL5,B,species_prefix_Zm,Zm,GATL5,
ZmGF14-6,B,species_prefix_Zm,Zm,GF14-6,
ZmGH3.13,D,descriptive_name,,,
ZmGly I,D,descriptive_name,,,
ZmGly II,D,descriptive_name,,,
ZmGLYI-8,B,species_prefix_Zm,Zm,GLYI-8,
ZmGR1,B,species_prefix_Zm,Zm,GR1,
ZmGRP2,B,species_prefix_Zm,Zm,GRP2,
ZmGSL genes,D,descriptive_name,,,
ZmGSL-1,B,species_prefix_Zm,Zm,GSL-1,
ZmHDAC genes,D,descriptive_name,,,
ZmHDACs,B,species_prefix_Zm,Zm,HDACs,
ZmHDZ9,B,species_prefix_Zm,Zm,HDZ9,
ZmHDZ9 transcription factor,D,descriptive_name,,,
ZmHK,D,descriptive_name,,,
ZmHKT1,B,species_prefix_Zm,Zm,HKT1,
ZmHO-1,B,species_prefix_Zm,Zm,HO-1,
ZmHSBP2,B,species_prefix_Zm,Zm,HSBP2,
ZmHsf,B,species_prefix_Zm,Zm,Hsf,
ZmHsf01,B,species_prefix_Zm,Zm,Hsf01,
ZmHsf04,B,species_prefix_Zm,Zm,Hsf04,
ZmHsf05,B,species_prefix_Zm,Zm,Hsf05,
ZmHsf06,B,species_prefix_Zm,Zm,Hsf06,
ZmHsf08,B,species_prefix_Zm,Zm,Hsf08,
ZmHsf11,B,species_prefix_Zm,Zm,Hsf11,
ZmHSF13,B,species_prefix_Zm,Zm,HSF13,
ZmHsf17,B,species_prefix_Zm,Zm,Hsf17,
ZmHSF20,B,species_prefix_Zm,Zm,HSF20,
ZmHSF3,B,species_prefix_Zm,Zm,HSF3,
ZmHSF4,B,species_prefix_Zm,Zm,HSF4,
ZmHSFA2,B,species_prefix_Zm,Zm,HSFA2,
ZmHSFA4d,B,species_prefix_Zm,Zm,HSFA4d,
ZmHSFs,B,species_prefix_Zm,Zm,HSFs,
ZmHSL,B,species_prefix_Zm,Zm,HSL,
Zmhsl-1,D,descriptive_name,,,
Zmhsl-2,D,descriptive_name,,,
ZmHSP17.2,D,descriptive_name,,,
ZmHSP20,B,species_prefix_Zm,Zm,HSP20,
ZmHSP20-10,B,species_prefix_Zm,Zm,HSP20-10,
ZmHSP20-19,B,species_prefix_Zm,Zm,HSP20-19,
ZmHSP20-20,B,species_prefix_Zm,Zm,HSP20-20,
ZmHSP20-24,B,species_prefix_Zm,Zm,HSP20-24,
ZmHSP20-27,B,species_prefix_Zm,Zm,HSP20-27,
ZmHSP20-3,B,species_prefix_Zm,Zm,HSP20-3,
ZmHSP20-30,B,species_prefix_Zm,Zm,HSP20-30,
ZmHSP20-31,B,species_prefix_Zm,Zm,HSP20-31,
ZmHSP20-4,B,species_prefix_Zm,Zm,HSP20-4,
ZmHSP20-40,B,species_prefix_Zm,Zm,HSP20-40,
ZmHSP20-44,B,species_prefix_Zm,Zm,HSP20-44,
ZmHSP20-7,B,species_prefix_Zm,Zm,HSP20-7,
ZmHSP20s,B,species_prefix_Zm,Zm,HSP20s,
ZmHY5L,B,species_prefix_Zm,Zm,HY5L,
ZmIAA27,B,species_prefix_Zm,Zm,IAA27,
ZmIPT,B,species_prefix_Zm,Zm,IPT,
ZmKNOX01,B,species_prefix_Zm,Zm,KNOX01,
ZmKNOX03,B,species_prefix_Zm,Zm,KNOX03,
ZmKNOX05,B,species_prefix_Zm,Zm,KNOX05,
ZmKNOX1 family,D,descriptive_name,,,
ZmKNOX1 subfamily genes,D,descriptive_name,,,
ZmKNOX11,B,species_prefix_Zm,Zm,KNOX11,
ZmKNOX13,B,species_prefix_Zm,Zm,KNOX13,
ZmLBD5,B,species_prefix_Zm,Zm,LBD5,
ZmLBD5 gene,D,descriptive_name,,,
ZmLCD1,B,species_prefix_Zm,Zm,LCD1,
ZmLEA2,B,species_prefix_Zm,Zm,LEA2,
ZmLYK3,B,species_prefix_Zm,Zm,LYK3,
ZmMDHAR1,B,species_prefix_Zm,Zm,MDHAR1,
ZmMIAM,B,species_prefix_Zm,Zm,MIAM,
ZmMnSOD-5,B,species_prefix_Zm,Zm,MnSOD-5,
ZmMPK7,B,species_prefix_Zm,Zm,MPK7,
ZmMs33,B,species_prefix_Zm,Zm,Ms33,
ZmMSD2,B,species_prefix_Zm,Zm,MSD2,
ZmNAC07,B,species_prefix_Zm,Zm,NAC07,
ZmNAC074,B,species_prefix_Zm,Zm,NAC074,
ZmNAC126,B,species_prefix_Zm,Zm,NAC126,
ZmNAC128,B,species_prefix_Zm,Zm,NAC128,
ZmNAC130,B,species_prefix_Zm,Zm,NAC130,
ZmNCED,B,species_prefix_Zm,Zm,NCED,
ZmNF-Y gene family,D,descriptive_name,,,
ZmNF-Y genes,D,descriptive_name,,,
ZmNF-YA1,B,species_prefix_Zm,Zm,NF-YA1,
ZmNF-YB11,B,species_prefix_Zm,Zm,NF-YB11,
ZmNF-YB16,B,species_prefix_Zm,Zm,NF-YB16,
ZmNF-YC12,B,species_prefix_Zm,Zm,NF-YC12,
ZmNF-YC17,B,species_prefix_Zm,Zm,NF-YC17,
ZmNF-YC3,B,species_prefix_Zm,Zm,NF-YC3,
ZmNHX1,B,species_prefix_Zm,Zm,NHX1,
ZmNHX3,B,species_prefix_Zm,Zm,NHX3,
ZmNYC1,B,species_prefix_Zm,Zm,NYC1,
ZmNYE1,B,species_prefix_Zm,Zm,NYE1,
ZmOAS-TL1,B,species_prefix_Zm,Zm,OAS-TL1,
ZmOSCA gene family,D,descriptive_name,,,
ZmOSCA genes,D,descriptive_name,,,
ZmOSCA1.1,D,descriptive_name,,,
ZmOSCA1.5,D,descriptive_name,,,
ZmP5CS,B,species_prefix_Zm,Zm,P5CS,
ZmP5CS1,B,species_prefix_Zm,Zm,P5CS1,
ZmP5CS2,B,species_prefix_Zm,Zm,P5CS2,
ZmPAH1,B,species_prefix_Zm,Zm,PAH1,
ZmPAL1,B,species_prefix_Zm,Zm,PAL1,
ZmPAO,B,species_prefix_Zm,Zm,PAO,
ZmPAO genes,D,descriptive_name,,,
ZmPAO6,B,species_prefix_Zm,Zm,PAO6,
ZmPAO6 gene,D,descriptive_name,,,
ZmPHOS34,B,species_prefix_Zm,Zm,PHOS34,
ZmPIP1;3 aquaporin gene,D,descriptive_name,,,
ZmPMP3-1,B,species_prefix_Zm,Zm,PMP3-1,
ZmPOD,B,species_prefix_Zm,Zm,POD,
ZmPP2C7,B,species_prefix_Zm,Zm,PP2C7,
ZmProDH,B,species_prefix_Zm,Zm,ProDH,
ZmPYL10,B,species_prefix_Zm,Zm,PYL10,
ZmRAB18,B,species_prefix_Zm,Zm,RAB18,
ZmRCCR,B,species_prefix_Zm,Zm,RCCR,
ZmRD20,B,species_prefix_Zm,Zm,RD20,
ZmRD29B,B,species_prefix_Zm,Zm,RD29B,
ZmRING-zf,B,species_prefix_Zm,Zm,RING-zf,
ZmSERK2,B,species_prefix_Zm,Zm,SERK2,
ZmSLD,B,species_prefix_Zm,Zm,SLD,
ZmSLD1,B,species_prefix_Zm,Zm,SLD1,
ZmSLD1/3,D,descriptive_name,,,
ZmSLD3,B,species_prefix_Zm,Zm,SLD3,
ZmSNAT1,B,species_prefix_Zm,Zm,SNAT1,
ZmSNAT2,B,species_prefix_Zm,Zm,SNAT2,
ZmSNAT3,B,species_prefix_Zm,Zm,SNAT3,
ZmSnRK2.3,D,descriptive_name,,,
ZmSOD,B,species_prefix_Zm,Zm,SOD,
ZmSOS1,B,species_prefix_Zm,Zm,SOS1,
ZmSRK2E,B,species_prefix_Zm,Zm,SRK2E,
ZmSUS,B,species_prefix_Zm,Zm,SUS,
ZmTALE,B,species_prefix_Zm,Zm,TALE,
ZmTALE family,D,descriptive_name,,,
ZmTALE genes,D,descriptive_name,,,
ZmTALE transcription factors,D,descriptive_name,,,
ZmTALEs,B,species_prefix_Zm,Zm,TALEs,
ZmTIP1;1,D,descriptive_name,,,
ZmTPP,B,species_prefix_Zm,Zm,TPP,
ZmTPS10,B,species_prefix_Zm,Zm,TPS10,
ZmTPS10M,B,species_prefix_Zm,Zm,TPS10M,
ZmTRE1,B,species_prefix_Zm,Zm,TRE1,
ZmTRIT1,B,species_prefix_Zm,Zm,TRIT1,
ZmVAMP726,B,species_prefix_Zm,Zm,VAMP726,
ZmVAN3B,B,species_prefix_Zm,Zm,VAN3B,
ZmWRKY106,B,species_prefix_Zm,Zm,WRKY106,
ZmWRKY17,B,species_prefix_Zm,Zm,WRKY17,
ZmWRKY33,B,species_prefix_Zm,Zm,WRKY33,
ZmWRKY40,B,species_prefix_Zm,Zm,WRKY40,
ZmWRKY40 protein,D,descriptive_name,,,
ZmWRKY40-GFP,B,species_prefix_Zm,Zm,WRKY40-GFP,
ZmWRKY65,B,species_prefix_Zm,Zm,WRKY65,
ZmWRKY79,B,species_prefix_Zm,Zm,WRKY79,
ZmXa13,B,species_prefix_Zm,Zm,Xa13,
ZoCAT,B,species_prefix_Zo,Zo,CAT,
ZOG,C,bare_gene_symbol,,,
ZOG1,C,bare_gene_symbol,,,
ZOG2,C,bare_gene_symbol,,,
ZoHSF,B,species_prefix_Zo,Zo,HSF,
ZoHSF08,B,species_prefix_Zo,Zo,HSF08,
ZoHSF11,B,species_prefix_Zo,Zo,HSF11,
ZoHSF12,B,species_prefix_Zo,Zo,HSF12,
ZoHSP90,B,species_prefix_Zo,Zo,HSP90,
ZoLOX18,B,species_prefix_Zo,Zo,LOX18,
ZoNR,D,descriptive_name,,,
ZoNR2,B,species_prefix_Zo,Zo,NR2,
ZoNR22,B,species_prefix_Zo,Zo,NR22,
ZoNR6,B,species_prefix_Zo,Zo,NR6,
ZoNR7,B,species_prefix_Zo,Zo,NR7,
ZoSOD,B,species_prefix_Zo,Zo,SOD,
ZoSOD11,B,species_prefix_Zo,Zo,SOD11,
ZoSOD13,B,species_prefix_Zo,Zo,SOD13,
ZoSOD14,B,species_prefix_Zo,Zo,SOD14,
zp15,D,descriptive_name,,,
ZT-responsive cis-acting elements,D,descriptive_name,,,
ZT1,C,bare_gene_symbol,,,
ZT4,C,bare_gene_symbol,,,
ZTG4,C,bare_gene_symbol,,,
ZTL,C,bare_gene_symbol,,,
zwiA,D,descriptive_name,,,
ɑ-galactosidase,D,descriptive_name,,,
α,E,noise_greek_symbol,,,
"α-1,4-glucan-protein synthase",E,noise_greek_symbol,,,
α-amylase,E,noise_greek_symbol,,,
α-amylase genes,E,noise_greek_symbol,,,
α-amylases,E,noise_greek_symbol,,,
α-CT,E,noise_greek_symbol,,,
α-expansins,E,noise_greek_symbol,,,
α-glucan water dikinase,E,noise_greek_symbol,,,
α-glucosidase,E,noise_greek_symbol,,,
α-helical fragments,E,noise_greek_symbol,,,
α-helical structures,E,noise_greek_symbol,,,
α-helices,E,noise_greek_symbol,,,
α-mannosidase,E,noise_greek_symbol,,,
α-subunit of eukaryotic initiation factor 2,E,noise_greek_symbol,,,
α-subunit of the initiation factor eIF2,E,noise_greek_symbol,,,
α-Tub,E,noise_greek_symbol,,,
α-zein,E,noise_greek_symbol,,,
"α1,4-fucosyltransferase",E,noise_greek_symbol,,,
αC helix,E,noise_greek_symbol,,,
αCAII,E,noise_greek_symbol,,,
β,E,noise_greek_symbol,,,
"β-1,3-glucanase",E,noise_greek_symbol,,,
β-actin gene,E,noise_greek_symbol,,,
β-amylase,E,noise_greek_symbol,,,
β-amylases,E,noise_greek_symbol,,,
β-Amyrin synthase,E,noise_greek_symbol,,,
β-AS,E,noise_greek_symbol,,,
β-ATP synthase subunit,E,noise_greek_symbol,,,
β-carbonic anhydrase,E,noise_greek_symbol,,,
β-carbonic anhydrase genes,E,noise_greek_symbol,,,
β-carbonic anhydrases,E,noise_greek_symbol,,,
β-carotene hydroxylase,E,noise_greek_symbol,,,
β-carotene hydroxylases,E,noise_greek_symbol,,,
β-CHY,E,noise_greek_symbol,,,
β-conglycinin promoter,E,noise_greek_symbol,,,
β-D-glucosidase,E,noise_greek_symbol,,,
β-d-glucosidases,E,noise_greek_symbol,,,
β-d-glucoside glycohydrolases,E,noise_greek_symbol,,,
β-expansins,E,noise_greek_symbol,,,
β-fructofuranosidase,E,noise_greek_symbol,,,
β-galactosidase,E,noise_greek_symbol,,,
β-galactosidases,E,noise_greek_symbol,,,
β-Glu,E,noise_greek_symbol,,,
β-glucosidase,E,noise_greek_symbol,,,
β-glucosidase enzymes,E,noise_greek_symbol,,,
β-glucosidases,E,noise_greek_symbol,,,
β-glucuronidase,E,noise_greek_symbol,,,
β-glycosidases,E,noise_greek_symbol,,,
β-ring cyclase,E,noise_greek_symbol,,,
β-ring hydroxylase,E,noise_greek_symbol,,,
β-sheet levels,E,noise_greek_symbol,,,
β-sheets,E,noise_greek_symbol,,,
β-tubulin,E,noise_greek_symbol,,,
β-zein,E,noise_greek_symbol,,,
"β1,3-galactosyltransferase",E,noise_greek_symbol,,,
βATP,E,noise_greek_symbol,,,
βC1,E,noise_greek_symbol,,,
βC1 protein,E,noise_greek_symbol,,,
βCA1,E,noise_greek_symbol,,,
βCA4,E,noise_greek_symbol,,,
γ-aminobutyric acid,E,noise_greek_symbol,,,
γ-glutamyl transferase,E,noise_greek_symbol,,,
γ-glutamylcyclotransferase,E,noise_greek_symbol,,,
γ-glutamylcysteine synthetase,E,noise_greek_symbol,,,
γ-thionin,E,noise_greek_symbol,,,
γ-TMT,E,noise_greek_symbol,,,
γ-zein,E,noise_greek_symbol,,,
δ,E,noise_greek_symbol,,,
Δ-OAT,E,noise_greek_symbol,,,
Δ1-pyrroline-5-carboxylate synthase,E,noise_greek_symbol,,,
Δ1-pyrroline-5-carboxylate synthases,E,noise_greek_symbol,,,
Δ1-pyrroline-5-carboxylate synthetase,E,noise_greek_symbol,,,
Δ9 desaturases,E,noise_greek_symbol,,,
Δhog1,E,noise_greek_symbol,,,
ΔhpnH,E,noise_greek_symbol,,,
ΔhpnH B. diazoefficiens,E,noise_greek_symbol,,,
ΔhpnH mutant,E,noise_greek_symbol,,,
ΔhpnH mutants,E,noise_greek_symbol,,,
ΔhpnP,E,noise_greek_symbol,,,
Δl-pyrroline-5-carboxylate synthetase,E,noise_greek_symbol,,,
ΔMoyvh1 mutants,E,noise_greek_symbol,,,
Δnik1,E,noise_greek_symbol,,,
ΔqsmR,E,noise_greek_symbol,,,
Δsll0474,E,noise_greek_symbol,,,
ΔtepR,E,noise_greek_symbol,,,
ΔtofI-tofR,E,noise_greek_symbol,,,
Δ¹-pyrroline-5-carboxylate synthase,E,noise_greek_symbol,,,
ε-cyclase,E,noise_greek_symbol,,,
ε-ring cyclase,E,noise_greek_symbol,,,
ζ,E,noise_greek_symbol,,,
ζ-carotene desaturase,E,noise_greek_symbol,,,
ξ-carotene desaturase,E,noise_greek_symbol,,,
ω-3 desaturase,E,noise_greek_symbol,,,
ω-3 desaturases,E,noise_greek_symbol,,,
ω-3 FA desaturase,E,noise_greek_symbol,,,
ω-3 FA desaturase gene,E,noise_greek_symbol,,,
ω-3 fatty acid desaturase,E,noise_greek_symbol,,,
ω-6 desaturases,E,noise_greek_symbol,,,
ω3,E,noise_greek_symbol,,,
ω3 desaturases,E,noise_greek_symbol,,,
ω6,E,noise_greek_symbol,,,
